[0.000000] (-) TimerEvent: {}
[0.000121] (-) JobUnselected: {'identifier': 'navegacion_gps'}
[0.000266] (-) JobUnselected: {'identifier': 'rslidar_msg'}
[0.000287] (-) JobUnselected: {'identifier': 'rslidar_sdk'}
[0.000532] (-) JobUnselected: {'identifier': 'sensores'}
[0.000553] (mapviz_interfaces) JobQueued: {'identifier': 'mapviz_interfaces', 'dependencies': OrderedDict()}
[0.000574] (mapviz) JobQueued: {'identifier': 'mapviz', 'dependencies': OrderedDict([('mapviz_interfaces', '/ros2_ws/install/mapviz_interfaces')])}
[0.000691] (mapviz_plugins) JobQueued: {'identifier': 'mapviz_plugins', 'dependencies': OrderedDict([('mapviz_interfaces', '/ros2_ws/install/mapviz_interfaces'), ('mapviz', '/ros2_ws/install/mapviz')])}
[0.000713] (multires_image) JobQueued: {'identifier': 'multires_image', 'dependencies': OrderedDict([('mapviz_interfaces', '/ros2_ws/install/mapviz_interfaces'), ('mapviz', '/ros2_ws/install/mapviz')])}
[0.000732] (tile_map) JobQueued: {'identifier': 'tile_map', 'dependencies': OrderedDict([('mapviz_interfaces', '/ros2_ws/install/mapviz_interfaces'), ('mapviz', '/ros2_ws/install/mapviz')])}
[0.000753] (mapviz_interfaces) JobStarted: {'identifier': 'mapviz_interfaces'}
[0.015783] (mapviz_interfaces) JobProgress: {'identifier': 'mapviz_interfaces', 'progress': 'cmake'}
[0.016307] (mapviz_interfaces) Command: {'cmd': ['/usr/bin/cmake', '/ros2_ws/src/mapviz/mapviz_interfaces', '-DAMENT_CMAKE_SYMLINK_INSTALL=1', '-DCMAKE_INSTALL_PREFIX=/ros2_ws/install/mapviz_interfaces'], 'cwd': '/ros2_ws/build/mapviz_interfaces', 'env': OrderedDict([('GZ_SIM_RESOURCE_PATH', '/opt/ros/humble/share:/home/ros/ws/install:/home/ros/ws/src'), ('HOSTNAME', 'salus'), ('SHLVL', '0'), ('LD_LIBRARY_PATH', '/opt/ros/humble/opt/rviz_ogre_vendor/lib:/opt/ros/humble/lib/aarch64-linux-gnu:/opt/ros/humble/lib'), ('HOME', '/home/ros'), ('OLDPWD', '/ros2_ws'), ('ROS_PYTHON_VERSION', '3'), ('ROS_DISTRO', 'humble'), ('_', '/usr/bin/colcon'), ('ROS_VERSION', '2'), ('ROS_LOCALHOST_ONLY', '0'), ('QT_X11_NO_MITSHM', '1'), ('PATH', '/opt/ros/humble/bin:/usr/local/sbin:/usr/local/bin:/usr/sbin:/usr/bin:/sbin:/bin'), ('DISPLAY', ''), ('LANG', 'C.UTF-8'), ('XAUTHORITY', '/home/ros/.Xauthority'), ('AMENT_PREFIX_PATH', '/opt/ros/humble'), ('DEBIAN_FRONTEND', 'noninteractive'), ('IGN_GAZEBO_RESOURCE_PATH', '/opt/ros/humble/share:/home/ros/ws/install:/home/ros/ws/src'), ('GZ_VERSION', 'fortress'), ('PWD', '/ros2_ws/build/mapviz_interfaces'), ('TURTLEBOT3_MODEL', 'waffle'), ('LC_ALL', 'C.UTF-8'), ('RCUTILS_COLORIZED_OUTPUT', '1'), ('PYTHONPATH', '/opt/ros/humble/lib/python3.10/site-packages:/opt/ros/humble/local/lib/python3.10/dist-packages'), ('COLCON', '1'), ('CMAKE_PREFIX_PATH', '/opt/ros/humble')]), 'shell': False}
[0.099704] (-) TimerEvent: {}
[0.199899] (-) TimerEvent: {}
[0.300108] (-) TimerEvent: {}
[0.400321] (-) TimerEvent: {}
[0.490029] (mapviz_interfaces) StdoutLine: {'line': b'-- The C compiler identification is GNU 11.4.0\n'}
[0.500411] (-) TimerEvent: {}
[0.600596] (-) TimerEvent: {}
[0.700800] (-) TimerEvent: {}
[0.758926] (mapviz_interfaces) StdoutLine: {'line': b'-- The CXX compiler identification is GNU 11.4.0\n'}
[0.775962] (mapviz_interfaces) StdoutLine: {'line': b'-- Detecting C compiler ABI info\n'}
[0.800908] (-) TimerEvent: {}
[0.866793] (mapviz_interfaces) StdoutLine: {'line': b'-- Detecting C compiler ABI info - done\n'}
[0.876206] (mapviz_interfaces) StdoutLine: {'line': b'-- Check for working C compiler: /usr/bin/cc - skipped\n'}
[0.877438] (mapviz_interfaces) StdoutLine: {'line': b'-- Detecting C compile features\n'}
[0.878954] (mapviz_interfaces) StdoutLine: {'line': b'-- Detecting C compile features - done\n'}
[0.884538] (mapviz_interfaces) StdoutLine: {'line': b'-- Detecting CXX compiler ABI info\n'}
[0.901017] (-) TimerEvent: {}
[0.966858] (mapviz_interfaces) StdoutLine: {'line': b'-- Detecting CXX compiler ABI info - done\n'}
[0.978145] (mapviz_interfaces) StdoutLine: {'line': b'-- Check for working CXX compiler: /usr/bin/c++ - skipped\n'}
[0.979197] (mapviz_interfaces) StdoutLine: {'line': b'-- Detecting CXX compile features\n'}
[0.979286] (mapviz_interfaces) StdoutLine: {'line': b'-- Detecting CXX compile features - done\n'}
[0.990516] (mapviz_interfaces) StdoutLine: {'line': b'-- Found ament_cmake: 1.3.12 (/opt/ros/humble/share/ament_cmake/cmake)\n'}
[1.001092] (-) TimerEvent: {}
[1.101935] (-) TimerEvent: {}
[1.170165] (mapviz_interfaces) StdoutLine: {'line': b'-- Found Python3: /usr/bin/python3 (found version "3.10.12") found components: Interpreter \n'}
[1.202033] (-) TimerEvent: {}
[1.269390] (mapviz_interfaces) StdoutLine: {'line': b'-- Override CMake install command with custom implementation using symlinks instead of copying resources\n'}
[1.303109] (-) TimerEvent: {}
[1.332026] (mapviz_interfaces) StdoutLine: {'line': b'-- Found marti_common_msgs: 1.6.1 (/opt/ros/humble/share/marti_common_msgs/cmake)\n'}
[1.403220] (-) TimerEvent: {}
[1.409835] (mapviz_interfaces) StdoutLine: {'line': b'-- Found rosidl_generator_c: 3.1.8 (/opt/ros/humble/share/rosidl_generator_c/cmake)\n'}
[1.420739] (mapviz_interfaces) StdoutLine: {'line': b'-- Found rosidl_adapter: 3.1.8 (/opt/ros/humble/share/rosidl_adapter/cmake)\n'}
[1.440464] (mapviz_interfaces) StdoutLine: {'line': b'-- Found rosidl_generator_cpp: 3.1.8 (/opt/ros/humble/share/rosidl_generator_cpp/cmake)\n'}
[1.467724] (mapviz_interfaces) StdoutLine: {'line': b'-- Using all available rosidl_typesupport_c: rosidl_typesupport_fastrtps_c;rosidl_typesupport_introspection_c\n'}
[1.501302] (mapviz_interfaces) StdoutLine: {'line': b'-- Using all available rosidl_typesupport_cpp: rosidl_typesupport_fastrtps_cpp;rosidl_typesupport_introspection_cpp\n'}
[1.503283] (-) TimerEvent: {}
[1.581088] (mapviz_interfaces) StdoutLine: {'line': b'-- Found rosidl_default_generators: 1.2.0 (/opt/ros/humble/share/rosidl_default_generators/cmake)\n'}
[1.603390] (-) TimerEvent: {}
[1.703589] (-) TimerEvent: {}
[1.803945] (-) TimerEvent: {}
[1.904144] (-) TimerEvent: {}
[1.975974] (mapviz_interfaces) StdoutLine: {'line': b'-- Found ament_cmake_ros: 0.10.0 (/opt/ros/humble/share/ament_cmake_ros/cmake)\n'}
[2.004231] (-) TimerEvent: {}
[2.104418] (-) TimerEvent: {}
[2.204617] (-) TimerEvent: {}
[2.304819] (-) TimerEvent: {}
[2.405013] (-) TimerEvent: {}
[2.459278] (mapviz_interfaces) StdoutLine: {'line': b'-- Using all available rosidl_typesupport_c: rosidl_typesupport_fastrtps_c;rosidl_typesupport_introspection_c\n'}
[2.505106] (-) TimerEvent: {}
[2.605300] (-) TimerEvent: {}
[2.643115] (mapviz_interfaces) StdoutLine: {'line': b'-- Using all available rosidl_typesupport_cpp: rosidl_typesupport_fastrtps_cpp;rosidl_typesupport_introspection_cpp\n'}
[2.669729] (mapviz_interfaces) StdoutLine: {'line': b'-- Found PythonInterp: /usr/bin/python3 (found suitable version "3.10.12", minimum required is "3.6") \n'}
[2.673523] (mapviz_interfaces) StdoutLine: {'line': b'-- Found python_cmake_module: 0.10.0 (/opt/ros/humble/share/python_cmake_module/cmake)\n'}
[2.705395] (-) TimerEvent: {}
[2.710155] (mapviz_interfaces) StdoutLine: {'line': b'-- Found PythonLibs: /usr/lib/aarch64-linux-gnu/libpython3.10.so (found suitable version "3.10.12", minimum required is "3.5") \n'}
[2.710340] (mapviz_interfaces) StdoutLine: {'line': b'-- Using PYTHON_EXECUTABLE: /usr/bin/python3\n'}
[2.710418] (mapviz_interfaces) StdoutLine: {'line': b'-- Using PYTHON_INCLUDE_DIRS: /usr/include/python3.10\n'}
[2.710513] (mapviz_interfaces) StdoutLine: {'line': b'-- Using PYTHON_LIBRARIES: /usr/lib/aarch64-linux-gnu/libpython3.10.so\n'}
[2.734261] (mapviz_interfaces) StdoutLine: {'line': b'-- Found PythonExtra: .so  \n'}
[2.805488] (-) TimerEvent: {}
[2.905670] (-) TimerEvent: {}
[2.951278] (mapviz_interfaces) StdoutLine: {'line': b'-- Using numpy include directory: /usr/local/lib/python3.10/dist-packages/numpy/core/include\n'}
[2.983088] (mapviz_interfaces) StdoutLine: {'line': b'-- Configuring done\n'}
[3.005764] (-) TimerEvent: {}
[3.021751] (mapviz_interfaces) StdoutLine: {'line': b'-- Generating done\n'}
[3.035093] (mapviz_interfaces) StdoutLine: {'line': b'-- Build files have been written to: /ros2_ws/build/mapviz_interfaces\n'}
[3.047697] (mapviz_interfaces) CommandEnded: {'returncode': 0}
[3.048345] (mapviz_interfaces) JobProgress: {'identifier': 'mapviz_interfaces', 'progress': 'build'}
[3.049206] (mapviz_interfaces) Command: {'cmd': ['/usr/bin/cmake', '--build', '/ros2_ws/build/mapviz_interfaces', '--', '-j4', '-l4'], 'cwd': '/ros2_ws/build/mapviz_interfaces', 'env': OrderedDict([('GZ_SIM_RESOURCE_PATH', '/opt/ros/humble/share:/home/ros/ws/install:/home/ros/ws/src'), ('HOSTNAME', 'salus'), ('SHLVL', '0'), ('LD_LIBRARY_PATH', '/opt/ros/humble/opt/rviz_ogre_vendor/lib:/opt/ros/humble/lib/aarch64-linux-gnu:/opt/ros/humble/lib'), ('HOME', '/home/ros'), ('OLDPWD', '/ros2_ws'), ('ROS_PYTHON_VERSION', '3'), ('ROS_DISTRO', 'humble'), ('_', '/usr/bin/colcon'), ('ROS_VERSION', '2'), ('ROS_LOCALHOST_ONLY', '0'), ('QT_X11_NO_MITSHM', '1'), ('PATH', '/opt/ros/humble/bin:/usr/local/sbin:/usr/local/bin:/usr/sbin:/usr/bin:/sbin:/bin'), ('DISPLAY', ''), ('LANG', 'C.UTF-8'), ('XAUTHORITY', '/home/ros/.Xauthority'), ('AMENT_PREFIX_PATH', '/opt/ros/humble'), ('DEBIAN_FRONTEND', 'noninteractive'), ('IGN_GAZEBO_RESOURCE_PATH', '/opt/ros/humble/share:/home/ros/ws/install:/home/ros/ws/src'), ('GZ_VERSION', 'fortress'), ('PWD', '/ros2_ws/build/mapviz_interfaces'), ('TURTLEBOT3_MODEL', 'waffle'), ('LC_ALL', 'C.UTF-8'), ('RCUTILS_COLORIZED_OUTPUT', '1'), ('PYTHONPATH', '/opt/ros/humble/lib/python3.10/site-packages:/opt/ros/humble/local/lib/python3.10/dist-packages'), ('COLCON', '1'), ('CMAKE_PREFIX_PATH', '/opt/ros/humble')]), 'shell': False}
[3.088706] (mapviz_interfaces) StdoutLine: {'line': b'[  3%] Generating C code for ROS interfaces\n'}
[3.099147] (mapviz_interfaces) StdoutLine: {'line': b'[  6%] Generating C++ code for ROS interfaces\n'}
[3.106010] (-) TimerEvent: {}
[3.110014] (mapviz_interfaces) StdoutLine: {'line': b'[  6%] Built target ament_cmake_python_symlink_mapviz_interfaces\n'}
[3.206132] (-) TimerEvent: {}
[3.306366] (-) TimerEvent: {}
[3.387775] (mapviz_interfaces) StdoutLine: {'line': b'running egg_info\n'}
[3.388452] (mapviz_interfaces) StdoutLine: {'line': b'creating mapviz_interfaces.egg-info\n'}
[3.389139] (mapviz_interfaces) StdoutLine: {'line': b'writing mapviz_interfaces.egg-info/PKG-INFO\n'}
[3.389680] (mapviz_interfaces) StdoutLine: {'line': b'writing dependency_links to mapviz_interfaces.egg-info/dependency_links.txt\n'}
[3.390242] (mapviz_interfaces) StdoutLine: {'line': b'writing top-level names to mapviz_interfaces.egg-info/top_level.txt\n'}
[3.390705] (mapviz_interfaces) StdoutLine: {'line': b"writing manifest file 'mapviz_interfaces.egg-info/SOURCES.txt'\n"}
[3.395576] (mapviz_interfaces) StdoutLine: {'line': b"reading manifest file 'mapviz_interfaces.egg-info/SOURCES.txt'\n"}
[3.396034] (mapviz_interfaces) StdoutLine: {'line': b"writing manifest file 'mapviz_interfaces.egg-info/SOURCES.txt'\n"}
[3.406496] (-) TimerEvent: {}
[3.446874] (mapviz_interfaces) StdoutLine: {'line': b'[  6%] Built target ament_cmake_python_build_mapviz_interfaces_egg\n'}
[3.506575] (-) TimerEvent: {}
[3.607314] (-) TimerEvent: {}
[3.627028] (mapviz_interfaces) StdoutLine: {'line': b'[  6%] Built target mapviz_interfaces__cpp\n'}
[3.632406] (mapviz_interfaces) StdoutLine: {'line': b'[  9%] Building C object CMakeFiles/mapviz_interfaces__rosidl_generator_c.dir/rosidl_generator_c/mapviz_interfaces/srv/detail/add_mapviz_display__functions.c.o\n'}
[3.640764] (mapviz_interfaces) StdoutLine: {'line': b'[ 19%] Generating C++ type support dispatch for ROS interfaces\n'}
[3.641018] (mapviz_interfaces) StdoutLine: {'line': b'[ 19%] Generating C++ introspection for ROS interfaces\n'}
[3.641106] (mapviz_interfaces) StdoutLine: {'line': b'[ 19%] Generating C++ type support for eProsima Fast-RTPS\n'}
[3.707432] (-) TimerEvent: {}
[3.808103] (-) TimerEvent: {}
[3.809376] (mapviz_interfaces) StdoutLine: {'line': b'[ 22%] Linking C shared library libmapviz_interfaces__rosidl_generator_c.so\n'}
[3.870999] (mapviz_interfaces) StdoutLine: {'line': b'[ 22%] Built target mapviz_interfaces__rosidl_generator_c\n'}
[3.883393] (mapviz_interfaces) StdoutLine: {'line': b'[ 25%] Generating C type support for eProsima Fast-RTPS\n'}
[3.908198] (-) TimerEvent: {}
[4.009160] (-) TimerEvent: {}
[4.109540] (-) TimerEvent: {}
[4.130614] (mapviz_interfaces) StdoutLine: {'line': b'[ 29%] Building CXX object CMakeFiles/mapviz_interfaces__rosidl_typesupport_cpp.dir/rosidl_typesupport_cpp/mapviz_interfaces/srv/add_mapviz_display__type_support.cpp.o\n'}
[4.198081] (mapviz_interfaces) StdoutLine: {'line': b'[ 32%] Building CXX object CMakeFiles/mapviz_interfaces__rosidl_typesupport_introspection_cpp.dir/rosidl_typesupport_introspection_cpp/mapviz_interfaces/srv/detail/add_mapviz_display__type_support.cpp.o\n'}
[4.206894] (mapviz_interfaces) StdoutLine: {'line': b'[ 35%] Building CXX object CMakeFiles/mapviz_interfaces__rosidl_typesupport_fastrtps_cpp.dir/rosidl_typesupport_fastrtps_cpp/mapviz_interfaces/srv/detail/dds_fastrtps/add_mapviz_display__type_support.cpp.o\n'}
[4.209626] (-) TimerEvent: {}
[4.310158] (-) TimerEvent: {}
[4.410401] (-) TimerEvent: {}
[4.511898] (-) TimerEvent: {}
[4.521785] (mapviz_interfaces) StdoutLine: {'line': b'[ 38%] Building CXX object CMakeFiles/mapviz_interfaces__rosidl_typesupport_fastrtps_c.dir/rosidl_typesupport_fastrtps_c/mapviz_interfaces/srv/detail/add_mapviz_display__type_support_c.cpp.o\n'}
[4.612016] (-) TimerEvent: {}
[4.699460] (mapviz_interfaces) StdoutLine: {'line': b'[ 41%] Linking CXX shared library libmapviz_interfaces__rosidl_typesupport_cpp.so\n'}
[4.712143] (-) TimerEvent: {}
[4.763741] (mapviz_interfaces) StdoutLine: {'line': b'[ 41%] Built target mapviz_interfaces__rosidl_typesupport_cpp\n'}
[4.782547] (mapviz_interfaces) StdoutLine: {'line': b'[ 45%] Generating C introspection for ROS interfaces\n'}
[4.812257] (-) TimerEvent: {}
[4.912513] (-) TimerEvent: {}
[4.926069] (mapviz_interfaces) StdoutLine: {'line': b'[ 48%] Linking CXX shared library libmapviz_interfaces__rosidl_typesupport_introspection_cpp.so\n'}
[5.012874] (-) TimerEvent: {}
[5.068917] (mapviz_interfaces) StdoutLine: {'line': b'[ 51%] Linking CXX shared library libmapviz_interfaces__rosidl_typesupport_fastrtps_cpp.so\n'}
[5.076481] (mapviz_interfaces) StdoutLine: {'line': b'[ 51%] Built target mapviz_interfaces__rosidl_typesupport_introspection_cpp\n'}
[5.090013] (mapviz_interfaces) StdoutLine: {'line': b'[ 54%] Generating C type support dispatch for ROS interfaces\n'}
[5.113863] (-) TimerEvent: {}
[5.179416] (mapviz_interfaces) StdoutLine: {'line': b'[ 58%] Linking CXX shared library libmapviz_interfaces__rosidl_typesupport_fastrtps_c.so\n'}
[5.196301] (mapviz_interfaces) StdoutLine: {'line': b'[ 58%] Built target mapviz_interfaces__rosidl_typesupport_fastrtps_cpp\n'}
[5.214003] (-) TimerEvent: {}
[5.314237] (-) TimerEvent: {}
[5.414460] (-) TimerEvent: {}
[5.415785] (mapviz_interfaces) StdoutLine: {'line': b'[ 58%] Built target mapviz_interfaces__rosidl_typesupport_fastrtps_c\n'}
[5.497723] (mapviz_interfaces) StdoutLine: {'line': b'[ 61%] Building C object CMakeFiles/mapviz_interfaces__rosidl_typesupport_introspection_c.dir/rosidl_typesupport_introspection_c/mapviz_interfaces/srv/detail/add_mapviz_display__type_support.c.o\n'}
[5.514586] (-) TimerEvent: {}
[5.551463] (mapviz_interfaces) StdoutLine: {'line': b'[ 64%] Linking C shared library libmapviz_interfaces__rosidl_typesupport_introspection_c.so\n'}
[5.568893] (mapviz_interfaces) StdoutLine: {'line': b'[ 67%] Building CXX object CMakeFiles/mapviz_interfaces__rosidl_typesupport_c.dir/rosidl_typesupport_c/mapviz_interfaces/srv/add_mapviz_display__type_support.cpp.o\n'}
[5.586514] (mapviz_interfaces) StdoutLine: {'line': b'[ 67%] Built target mapviz_interfaces__rosidl_typesupport_introspection_c\n'}
[5.607204] (mapviz_interfaces) StdoutLine: {'line': b'[ 70%] Linking CXX shared library libmapviz_interfaces__rosidl_typesupport_c.so\n'}
[5.614696] (-) TimerEvent: {}
[5.648570] (mapviz_interfaces) StdoutLine: {'line': b'[ 70%] Built target mapviz_interfaces__rosidl_typesupport_c\n'}
[5.666079] (mapviz_interfaces) StdoutLine: {'line': b'[ 70%] Built target mapviz_interfaces\n'}
[5.684670] (mapviz_interfaces) StdoutLine: {'line': b'[ 74%] Generating Python code for ROS interfaces\n'}
[5.714801] (-) TimerEvent: {}
[5.814997] (-) TimerEvent: {}
[5.915812] (-) TimerEvent: {}
[6.016013] (-) TimerEvent: {}
[6.116202] (-) TimerEvent: {}
[6.216402] (-) TimerEvent: {}
[6.316649] (-) TimerEvent: {}
[6.358997] (mapviz_interfaces) StdoutLine: {'line': b'[ 74%] Built target mapviz_interfaces__py\n'}
[6.377308] (mapviz_interfaces) StdoutLine: {'line': b'[ 77%] Building C object CMakeFiles/mapviz_interfaces__rosidl_generator_py.dir/rosidl_generator_py/mapviz_interfaces/srv/_add_mapviz_display_s.c.o\n'}
[6.416746] (-) TimerEvent: {}
[6.516957] (-) TimerEvent: {}
[6.562461] (mapviz_interfaces) StdoutLine: {'line': b'[ 80%] Linking C shared library rosidl_generator_py/mapviz_interfaces/libmapviz_interfaces__rosidl_generator_py.so\n'}
[6.611707] (mapviz_interfaces) StdoutLine: {'line': b'[ 80%] Built target mapviz_interfaces__rosidl_generator_py\n'}
[6.617121] (-) TimerEvent: {}
[6.633806] (mapviz_interfaces) StdoutLine: {'line': b'[ 90%] Building C object CMakeFiles/mapviz_interfaces__rosidl_typesupport_fastrtps_c__pyext.dir/rosidl_generator_py/mapviz_interfaces/_mapviz_interfaces_s.ep.rosidl_typesupport_fastrtps_c.c.o\n'}
[6.634114] (mapviz_interfaces) StdoutLine: {'line': b'[ 90%] Building C object CMakeFiles/mapviz_interfaces__rosidl_typesupport_introspection_c__pyext.dir/rosidl_generator_py/mapviz_interfaces/_mapviz_interfaces_s.ep.rosidl_typesupport_introspection_c.c.o\n'}
[6.634226] (mapviz_interfaces) StdoutLine: {'line': b'[ 90%] Building C object CMakeFiles/mapviz_interfaces__rosidl_typesupport_c__pyext.dir/rosidl_generator_py/mapviz_interfaces/_mapviz_interfaces_s.ep.rosidl_typesupport_c.c.o\n'}
[6.719218] (-) TimerEvent: {}
[6.764206] (mapviz_interfaces) StdoutLine: {'line': b'[ 93%] Linking C shared library rosidl_generator_py/mapviz_interfaces/mapviz_interfaces_s__rosidl_typesupport_fastrtps_c.cpython-310-aarch64-linux-gnu.so\n'}
[6.764983] (mapviz_interfaces) StdoutLine: {'line': b'[ 96%] Linking C shared library rosidl_generator_py/mapviz_interfaces/mapviz_interfaces_s__rosidl_typesupport_introspection_c.cpython-310-aarch64-linux-gnu.so\n'}
[6.772696] (mapviz_interfaces) StdoutLine: {'line': b'[100%] Linking C shared library rosidl_generator_py/mapviz_interfaces/mapviz_interfaces_s__rosidl_typesupport_c.cpython-310-aarch64-linux-gnu.so\n'}
[6.819349] (-) TimerEvent: {}
[6.831747] (mapviz_interfaces) StdoutLine: {'line': b'[100%] Built target mapviz_interfaces__rosidl_typesupport_introspection_c__pyext\n'}
[6.836683] (mapviz_interfaces) StdoutLine: {'line': b'[100%] Built target mapviz_interfaces__rosidl_typesupport_fastrtps_c__pyext\n'}
[6.838962] (mapviz_interfaces) StdoutLine: {'line': b'[100%] Built target mapviz_interfaces__rosidl_typesupport_c__pyext\n'}
[6.849041] (mapviz_interfaces) CommandEnded: {'returncode': 0}
[6.849761] (mapviz_interfaces) JobProgress: {'identifier': 'mapviz_interfaces', 'progress': 'install'}
[6.858049] (mapviz_interfaces) Command: {'cmd': ['/usr/bin/cmake', '--install', '/ros2_ws/build/mapviz_interfaces'], 'cwd': '/ros2_ws/build/mapviz_interfaces', 'env': OrderedDict([('GZ_SIM_RESOURCE_PATH', '/opt/ros/humble/share:/home/ros/ws/install:/home/ros/ws/src'), ('HOSTNAME', 'salus'), ('SHLVL', '0'), ('LD_LIBRARY_PATH', '/opt/ros/humble/opt/rviz_ogre_vendor/lib:/opt/ros/humble/lib/aarch64-linux-gnu:/opt/ros/humble/lib'), ('HOME', '/home/ros'), ('OLDPWD', '/ros2_ws'), ('ROS_PYTHON_VERSION', '3'), ('ROS_DISTRO', 'humble'), ('_', '/usr/bin/colcon'), ('ROS_VERSION', '2'), ('ROS_LOCALHOST_ONLY', '0'), ('QT_X11_NO_MITSHM', '1'), ('PATH', '/opt/ros/humble/bin:/usr/local/sbin:/usr/local/bin:/usr/sbin:/usr/bin:/sbin:/bin'), ('DISPLAY', ''), ('LANG', 'C.UTF-8'), ('XAUTHORITY', '/home/ros/.Xauthority'), ('AMENT_PREFIX_PATH', '/opt/ros/humble'), ('DEBIAN_FRONTEND', 'noninteractive'), ('IGN_GAZEBO_RESOURCE_PATH', '/opt/ros/humble/share:/home/ros/ws/install:/home/ros/ws/src'), ('GZ_VERSION', 'fortress'), ('PWD', '/ros2_ws/build/mapviz_interfaces'), ('TURTLEBOT3_MODEL', 'waffle'), ('LC_ALL', 'C.UTF-8'), ('RCUTILS_COLORIZED_OUTPUT', '1'), ('PYTHONPATH', '/opt/ros/humble/lib/python3.10/site-packages:/opt/ros/humble/local/lib/python3.10/dist-packages'), ('COLCON', '1'), ('CMAKE_PREFIX_PATH', '/opt/ros/humble')]), 'shell': False}
[6.866045] (mapviz_interfaces) StdoutLine: {'line': b'-- Install configuration: ""\n'}
[6.866651] (mapviz_interfaces) StdoutLine: {'line': b'-- Execute custom install script\n'}
[6.867052] (mapviz_interfaces) StdoutLine: {'line': b'-- Symlinking: /ros2_ws/install/mapviz_interfaces/share/ament_index/resource_index/rosidl_interfaces/mapviz_interfaces\n'}
[6.875334] (mapviz_interfaces) StdoutLine: {'line': b'-- Symlinking: /ros2_ws/install/mapviz_interfaces/include/mapviz_interfaces/mapviz_interfaces/msg/rosidl_generator_c__visibility_control.h\n'}
[6.883227] (mapviz_interfaces) StdoutLine: {'line': b'-- Symlinking: /ros2_ws/install/mapviz_interfaces/include/mapviz_interfaces/mapviz_interfaces/srv/add_mapviz_display.h\n'}
[6.890996] (mapviz_interfaces) StdoutLine: {'line': b'-- Symlinking: /ros2_ws/install/mapviz_interfaces/include/mapviz_interfaces/mapviz_interfaces/srv/detail/add_mapviz_display__functions.h\n'}
[6.898991] (mapviz_interfaces) StdoutLine: {'line': b'-- Symlinking: /ros2_ws/install/mapviz_interfaces/include/mapviz_interfaces/mapviz_interfaces/srv/detail/add_mapviz_display__struct.h\n'}
[6.906914] (mapviz_interfaces) StdoutLine: {'line': b'-- Symlinking: /ros2_ws/install/mapviz_interfaces/include/mapviz_interfaces/mapviz_interfaces/srv/detail/add_mapviz_display__type_support.h\n'}
[6.915218] (mapviz_interfaces) StdoutLine: {'line': b'-- Symlinking: /ros2_ws/install/mapviz_interfaces/share/mapviz_interfaces/environment/library_path.sh\n'}
[6.919427] (-) TimerEvent: {}
[6.923313] (mapviz_interfaces) StdoutLine: {'line': b'-- Symlinking: /ros2_ws/install/mapviz_interfaces/share/mapviz_interfaces/environment/library_path.dsv\n'}
[6.931959] (mapviz_interfaces) StdoutLine: {'line': b'-- Symlinking: /ros2_ws/install/mapviz_interfaces/include/mapviz_interfaces/mapviz_interfaces/msg/rosidl_typesupport_fastrtps_c__visibility_control.h\n'}
[6.939385] (mapviz_interfaces) StdoutLine: {'line': b'-- Symlinking: /ros2_ws/install/mapviz_interfaces/include/mapviz_interfaces/mapviz_interfaces/srv/detail/add_mapviz_display__rosidl_typesupport_fastrtps_c.h\n'}
[6.947571] (mapviz_interfaces) StdoutLine: {'line': b'-- Symlinking: /ros2_ws/install/mapviz_interfaces/include/mapviz_interfaces/mapviz_interfaces/msg/rosidl_generator_cpp__visibility_control.hpp\n'}
[6.955307] (mapviz_interfaces) StdoutLine: {'line': b'-- Symlinking: /ros2_ws/install/mapviz_interfaces/include/mapviz_interfaces/mapviz_interfaces/srv/add_mapviz_display.hpp\n'}
[6.963010] (mapviz_interfaces) StdoutLine: {'line': b'-- Symlinking: /ros2_ws/install/mapviz_interfaces/include/mapviz_interfaces/mapviz_interfaces/srv/detail/add_mapviz_display__builder.hpp\n'}
[6.970761] (mapviz_interfaces) StdoutLine: {'line': b'-- Symlinking: /ros2_ws/install/mapviz_interfaces/include/mapviz_interfaces/mapviz_interfaces/srv/detail/add_mapviz_display__struct.hpp\n'}
[6.978390] (mapviz_interfaces) StdoutLine: {'line': b'-- Symlinking: /ros2_ws/install/mapviz_interfaces/include/mapviz_interfaces/mapviz_interfaces/srv/detail/add_mapviz_display__traits.hpp\n'}
[6.986282] (mapviz_interfaces) StdoutLine: {'line': b'-- Symlinking: /ros2_ws/install/mapviz_interfaces/include/mapviz_interfaces/mapviz_interfaces/srv/detail/add_mapviz_display__type_support.hpp\n'}
[6.994276] (mapviz_interfaces) StdoutLine: {'line': b'-- Symlinking: /ros2_ws/install/mapviz_interfaces/include/mapviz_interfaces/mapviz_interfaces/msg/rosidl_typesupport_fastrtps_cpp__visibility_control.h\n'}
[7.002272] (mapviz_interfaces) StdoutLine: {'line': b'-- Symlinking: /ros2_ws/install/mapviz_interfaces/include/mapviz_interfaces/mapviz_interfaces/srv/detail/add_mapviz_display__rosidl_typesupport_fastrtps_cpp.hpp\n'}
[7.010151] (mapviz_interfaces) StdoutLine: {'line': b'-- Symlinking: /ros2_ws/install/mapviz_interfaces/include/mapviz_interfaces/mapviz_interfaces/msg/rosidl_typesupport_introspection_c__visibility_control.h\n'}
[7.017896] (mapviz_interfaces) StdoutLine: {'line': b'-- Symlinking: /ros2_ws/install/mapviz_interfaces/include/mapviz_interfaces/mapviz_interfaces/srv/detail/add_mapviz_display__rosidl_typesupport_introspection_c.h\n'}
[7.019518] (-) TimerEvent: {}
[7.025793] (mapviz_interfaces) StdoutLine: {'line': b'-- Symlinking: /ros2_ws/install/mapviz_interfaces/include/mapviz_interfaces/mapviz_interfaces/srv/detail/add_mapviz_display__rosidl_typesupport_introspection_cpp.hpp\n'}
[7.033653] (mapviz_interfaces) StdoutLine: {'line': b'-- Symlinking: /ros2_ws/install/mapviz_interfaces/share/mapviz_interfaces/environment/pythonpath.sh\n'}
[7.041455] (mapviz_interfaces) StdoutLine: {'line': b'-- Symlinking: /ros2_ws/install/mapviz_interfaces/share/mapviz_interfaces/environment/pythonpath.dsv\n'}
[7.049724] (mapviz_interfaces) StdoutLine: {'line': b'-- Symlinking: /ros2_ws/install/mapviz_interfaces/local/lib/python3.10/dist-packages/mapviz_interfaces-2.6.1-py3.10.egg-info/PKG-INFO\n'}
[7.057634] (mapviz_interfaces) StdoutLine: {'line': b'-- Symlinking: /ros2_ws/install/mapviz_interfaces/local/lib/python3.10/dist-packages/mapviz_interfaces-2.6.1-py3.10.egg-info/SOURCES.txt\n'}
[7.065329] (mapviz_interfaces) StdoutLine: {'line': b'-- Symlinking: /ros2_ws/install/mapviz_interfaces/local/lib/python3.10/dist-packages/mapviz_interfaces-2.6.1-py3.10.egg-info/dependency_links.txt\n'}
[7.073092] (mapviz_interfaces) StdoutLine: {'line': b'-- Symlinking: /ros2_ws/install/mapviz_interfaces/local/lib/python3.10/dist-packages/mapviz_interfaces-2.6.1-py3.10.egg-info/top_level.txt\n'}
[7.081413] (mapviz_interfaces) StdoutLine: {'line': b'-- Symlinking: /ros2_ws/install/mapviz_interfaces/local/lib/python3.10/dist-packages/mapviz_interfaces/__init__.py\n'}
[7.089241] (mapviz_interfaces) StdoutLine: {'line': b'-- Symlinking: /ros2_ws/install/mapviz_interfaces/local/lib/python3.10/dist-packages/mapviz_interfaces/_mapviz_interfaces_s.ep.rosidl_typesupport_c.c\n'}
[7.096954] (mapviz_interfaces) StdoutLine: {'line': b'-- Symlinking: /ros2_ws/install/mapviz_interfaces/local/lib/python3.10/dist-packages/mapviz_interfaces/_mapviz_interfaces_s.ep.rosidl_typesupport_fastrtps_c.c\n'}
[7.104790] (mapviz_interfaces) StdoutLine: {'line': b'-- Symlinking: /ros2_ws/install/mapviz_interfaces/local/lib/python3.10/dist-packages/mapviz_interfaces/_mapviz_interfaces_s.ep.rosidl_typesupport_introspection_c.c\n'}
[7.112646] (mapviz_interfaces) StdoutLine: {'line': b'-- Symlinking: /ros2_ws/install/mapviz_interfaces/local/lib/python3.10/dist-packages/mapviz_interfaces/libmapviz_interfaces__rosidl_generator_py.so\n'}
[7.119623] (-) TimerEvent: {}
[7.120425] (mapviz_interfaces) StdoutLine: {'line': b'-- Symlinking: /ros2_ws/install/mapviz_interfaces/local/lib/python3.10/dist-packages/mapviz_interfaces/mapviz_interfaces_s__rosidl_typesupport_c.cpython-310-aarch64-linux-gnu.so\n'}
[7.128350] (mapviz_interfaces) StdoutLine: {'line': b'-- Symlinking: /ros2_ws/install/mapviz_interfaces/local/lib/python3.10/dist-packages/mapviz_interfaces/mapviz_interfaces_s__rosidl_typesupport_fastrtps_c.cpython-310-aarch64-linux-gnu.so\n'}
[7.135950] (mapviz_interfaces) StdoutLine: {'line': b'-- Symlinking: /ros2_ws/install/mapviz_interfaces/local/lib/python3.10/dist-packages/mapviz_interfaces/mapviz_interfaces_s__rosidl_typesupport_introspection_c.cpython-310-aarch64-linux-gnu.so\n'}
[7.143711] (mapviz_interfaces) StdoutLine: {'line': b'-- Symlinking: /ros2_ws/install/mapviz_interfaces/local/lib/python3.10/dist-packages/mapviz_interfaces/srv/__init__.py\n'}
[7.151396] (mapviz_interfaces) StdoutLine: {'line': b'-- Symlinking: /ros2_ws/install/mapviz_interfaces/local/lib/python3.10/dist-packages/mapviz_interfaces/srv/_add_mapviz_display.py\n'}
[7.159330] (mapviz_interfaces) StdoutLine: {'line': b'-- Symlinking: /ros2_ws/install/mapviz_interfaces/local/lib/python3.10/dist-packages/mapviz_interfaces/srv/_add_mapviz_display_s.c\n'}
[7.167154] (mapviz_interfaces) StdoutLine: {'line': b'-- Up-to-date symlink: /ros2_ws/install/mapviz_interfaces/local/lib/python3.10/dist-packages/mapviz_interfaces/mapviz_interfaces_s__rosidl_typesupport_fastrtps_c.cpython-310-aarch64-linux-gnu.so\n'}
[7.167832] (mapviz_interfaces) StdoutLine: {'line': b'-- Up-to-date symlink: /ros2_ws/install/mapviz_interfaces/local/lib/python3.10/dist-packages/mapviz_interfaces/mapviz_interfaces_s__rosidl_typesupport_introspection_c.cpython-310-aarch64-linux-gnu.so\n'}
[7.167969] (mapviz_interfaces) StdoutLine: {'line': b'-- Up-to-date symlink: /ros2_ws/install/mapviz_interfaces/local/lib/python3.10/dist-packages/mapviz_interfaces/mapviz_interfaces_s__rosidl_typesupport_c.cpython-310-aarch64-linux-gnu.so\n'}
[7.168058] (mapviz_interfaces) StdoutLine: {'line': b'-- Symlinking: /ros2_ws/install/mapviz_interfaces/share/mapviz_interfaces/srv/AddMapvizDisplay.idl\n'}
[7.175975] (mapviz_interfaces) StdoutLine: {'line': b'-- Symlinking: /ros2_ws/install/mapviz_interfaces/share/mapviz_interfaces/srv/AddMapvizDisplay.srv\n'}
[7.183781] (mapviz_interfaces) StdoutLine: {'line': b'-- Symlinking: /ros2_ws/install/mapviz_interfaces/share/mapviz_interfaces/srv/AddMapvizDisplay_Request.msg\n'}
[7.192005] (mapviz_interfaces) StdoutLine: {'line': b'-- Symlinking: /ros2_ws/install/mapviz_interfaces/share/mapviz_interfaces/srv/AddMapvizDisplay_Response.msg\n'}
[7.200019] (mapviz_interfaces) StdoutLine: {'line': b'-- Symlinking: /ros2_ws/install/mapviz_interfaces/share/ament_index/resource_index/package_run_dependencies/mapviz_interfaces\n'}
[7.208306] (mapviz_interfaces) StdoutLine: {'line': b'-- Symlinking: /ros2_ws/install/mapviz_interfaces/share/ament_index/resource_index/parent_prefix_path/mapviz_interfaces\n'}
[7.216545] (mapviz_interfaces) StdoutLine: {'line': b'-- Symlinking: /ros2_ws/install/mapviz_interfaces/share/mapviz_interfaces/environment/ament_prefix_path.sh\n'}
[7.219709] (-) TimerEvent: {}
[7.224698] (mapviz_interfaces) StdoutLine: {'line': b'-- Symlinking: /ros2_ws/install/mapviz_interfaces/share/mapviz_interfaces/environment/ament_prefix_path.dsv\n'}
[7.232476] (mapviz_interfaces) StdoutLine: {'line': b'-- Symlinking: /ros2_ws/install/mapviz_interfaces/share/mapviz_interfaces/environment/path.sh\n'}
[7.240404] (mapviz_interfaces) StdoutLine: {'line': b'-- Symlinking: /ros2_ws/install/mapviz_interfaces/share/mapviz_interfaces/environment/path.dsv\n'}
[7.248236] (mapviz_interfaces) StdoutLine: {'line': b'-- Symlinking: /ros2_ws/install/mapviz_interfaces/share/mapviz_interfaces/local_setup.bash\n'}
[7.256245] (mapviz_interfaces) StdoutLine: {'line': b'-- Symlinking: /ros2_ws/install/mapviz_interfaces/share/mapviz_interfaces/local_setup.sh\n'}
[7.264154] (mapviz_interfaces) StdoutLine: {'line': b'-- Symlinking: /ros2_ws/install/mapviz_interfaces/share/mapviz_interfaces/local_setup.zsh\n'}
[7.272625] (mapviz_interfaces) StdoutLine: {'line': b'-- Symlinking: /ros2_ws/install/mapviz_interfaces/share/mapviz_interfaces/local_setup.dsv\n'}
[7.280602] (mapviz_interfaces) StdoutLine: {'line': b'-- Symlinking: /ros2_ws/install/mapviz_interfaces/share/mapviz_interfaces/package.dsv\n'}
[7.288848] (mapviz_interfaces) StdoutLine: {'line': b'-- Symlinking: /ros2_ws/install/mapviz_interfaces/share/ament_index/resource_index/packages/mapviz_interfaces\n'}
[7.296986] (mapviz_interfaces) StdoutLine: {'line': b'-- Symlinking: /ros2_ws/install/mapviz_interfaces/share/mapviz_interfaces/cmake/rosidl_cmake-extras.cmake\n'}
[7.304793] (mapviz_interfaces) StdoutLine: {'line': b'-- Symlinking: /ros2_ws/install/mapviz_interfaces/share/mapviz_interfaces/cmake/ament_cmake_export_dependencies-extras.cmake\n'}
[7.312578] (mapviz_interfaces) StdoutLine: {'line': b'-- Symlinking: /ros2_ws/install/mapviz_interfaces/share/mapviz_interfaces/cmake/ament_cmake_export_include_directories-extras.cmake\n'}
[7.319826] (-) TimerEvent: {}
[7.320567] (mapviz_interfaces) StdoutLine: {'line': b'-- Symlinking: /ros2_ws/install/mapviz_interfaces/share/mapviz_interfaces/cmake/ament_cmake_export_libraries-extras.cmake\n'}
[7.328645] (mapviz_interfaces) StdoutLine: {'line': b'-- Symlinking: /ros2_ws/install/mapviz_interfaces/share/mapviz_interfaces/cmake/ament_cmake_export_targets-extras.cmake\n'}
[7.336616] (mapviz_interfaces) StdoutLine: {'line': b'-- Symlinking: /ros2_ws/install/mapviz_interfaces/share/mapviz_interfaces/cmake/rosidl_cmake_export_typesupport_targets-extras.cmake\n'}
[7.344486] (mapviz_interfaces) StdoutLine: {'line': b'-- Symlinking: /ros2_ws/install/mapviz_interfaces/share/mapviz_interfaces/cmake/rosidl_cmake_export_typesupport_libraries-extras.cmake\n'}
[7.352436] (mapviz_interfaces) StdoutLine: {'line': b'-- Symlinking: /ros2_ws/install/mapviz_interfaces/share/mapviz_interfaces/cmake/mapviz_interfacesConfig.cmake\n'}
[7.360196] (mapviz_interfaces) StdoutLine: {'line': b'-- Symlinking: /ros2_ws/install/mapviz_interfaces/share/mapviz_interfaces/cmake/mapviz_interfacesConfig-version.cmake\n'}
[7.368027] (mapviz_interfaces) StdoutLine: {'line': b'-- Symlinking: /ros2_ws/install/mapviz_interfaces/share/mapviz_interfaces/package.xml\n'}
[7.375889] (mapviz_interfaces) StdoutLine: {'line': b'-- Installing: /ros2_ws/install/mapviz_interfaces/lib/libmapviz_interfaces__rosidl_generator_c.so\n'}
[7.376241] (mapviz_interfaces) StdoutLine: {'line': b'-- Set runtime path of "/ros2_ws/install/mapviz_interfaces/lib/libmapviz_interfaces__rosidl_generator_c.so" to ""\n'}
[7.376323] (mapviz_interfaces) StdoutLine: {'line': b'-- Installing: /ros2_ws/install/mapviz_interfaces/lib/libmapviz_interfaces__rosidl_typesupport_fastrtps_c.so\n'}
[7.376500] (mapviz_interfaces) StdoutLine: {'line': b'-- Set runtime path of "/ros2_ws/install/mapviz_interfaces/lib/libmapviz_interfaces__rosidl_typesupport_fastrtps_c.so" to ""\n'}
[7.376625] (mapviz_interfaces) StdoutLine: {'line': b'-- Installing: /ros2_ws/install/mapviz_interfaces/lib/libmapviz_interfaces__rosidl_typesupport_fastrtps_cpp.so\n'}
[7.376892] (mapviz_interfaces) StdoutLine: {'line': b'-- Set runtime path of "/ros2_ws/install/mapviz_interfaces/lib/libmapviz_interfaces__rosidl_typesupport_fastrtps_cpp.so" to ""\n'}
[7.377078] (mapviz_interfaces) StdoutLine: {'line': b'-- Installing: /ros2_ws/install/mapviz_interfaces/lib/libmapviz_interfaces__rosidl_typesupport_introspection_c.so\n'}
[7.377275] (mapviz_interfaces) StdoutLine: {'line': b'-- Set runtime path of "/ros2_ws/install/mapviz_interfaces/lib/libmapviz_interfaces__rosidl_typesupport_introspection_c.so" to ""\n'}
[7.377393] (mapviz_interfaces) StdoutLine: {'line': b'-- Installing: /ros2_ws/install/mapviz_interfaces/lib/libmapviz_interfaces__rosidl_typesupport_c.so\n'}
[7.377577] (mapviz_interfaces) StdoutLine: {'line': b'-- Set runtime path of "/ros2_ws/install/mapviz_interfaces/lib/libmapviz_interfaces__rosidl_typesupport_c.so" to ""\n'}
[7.377690] (mapviz_interfaces) StdoutLine: {'line': b'-- Installing: /ros2_ws/install/mapviz_interfaces/lib/libmapviz_interfaces__rosidl_typesupport_introspection_cpp.so\n'}
[7.377961] (mapviz_interfaces) StdoutLine: {'line': b'-- Set runtime path of "/ros2_ws/install/mapviz_interfaces/lib/libmapviz_interfaces__rosidl_typesupport_introspection_cpp.so" to ""\n'}
[7.378078] (mapviz_interfaces) StdoutLine: {'line': b'-- Installing: /ros2_ws/install/mapviz_interfaces/lib/libmapviz_interfaces__rosidl_typesupport_cpp.so\n'}
[7.378277] (mapviz_interfaces) StdoutLine: {'line': b'-- Set runtime path of "/ros2_ws/install/mapviz_interfaces/lib/libmapviz_interfaces__rosidl_typesupport_cpp.so" to ""\n'}
[7.417043] (mapviz_interfaces) StdoutLine: {'line': b"Listing '/ros2_ws/install/mapviz_interfaces/local/lib/python3.10/dist-packages/mapviz_interfaces'...\n"}
[7.417332] (mapviz_interfaces) StdoutLine: {'line': b"Compiling '/ros2_ws/install/mapviz_interfaces/local/lib/python3.10/dist-packages/mapviz_interfaces/__init__.py'...\n"}
[7.417512] (mapviz_interfaces) StdoutLine: {'line': b"Listing '/ros2_ws/install/mapviz_interfaces/local/lib/python3.10/dist-packages/mapviz_interfaces/srv'...\n"}
[7.417596] (mapviz_interfaces) StdoutLine: {'line': b"Compiling '/ros2_ws/install/mapviz_interfaces/local/lib/python3.10/dist-packages/mapviz_interfaces/srv/__init__.py'...\n"}
[7.417663] (mapviz_interfaces) StdoutLine: {'line': b"Compiling '/ros2_ws/install/mapviz_interfaces/local/lib/python3.10/dist-packages/mapviz_interfaces/srv/_add_mapviz_display.py'...\n"}
[7.419923] (-) TimerEvent: {}
[7.425614] (mapviz_interfaces) StdoutLine: {'line': b'-- Installing: /ros2_ws/install/mapviz_interfaces/lib/libmapviz_interfaces__rosidl_generator_py.so\n'}
[7.425888] (mapviz_interfaces) StdoutLine: {'line': b'-- Set runtime path of "/ros2_ws/install/mapviz_interfaces/lib/libmapviz_interfaces__rosidl_generator_py.so" to ""\n'}
[7.426020] (mapviz_interfaces) StdoutLine: {'line': b'-- Installing: /ros2_ws/install/mapviz_interfaces/share/mapviz_interfaces/cmake/export_mapviz_interfaces__rosidl_generator_cExport.cmake\n'}
[7.426157] (mapviz_interfaces) StdoutLine: {'line': b'-- Installing: /ros2_ws/install/mapviz_interfaces/share/mapviz_interfaces/cmake/export_mapviz_interfaces__rosidl_generator_cExport-noconfig.cmake\n'}
[7.426404] (mapviz_interfaces) StdoutLine: {'line': b'-- Installing: /ros2_ws/install/mapviz_interfaces/share/mapviz_interfaces/cmake/export_mapviz_interfaces__rosidl_typesupport_fastrtps_cExport.cmake\n'}
[7.426533] (mapviz_interfaces) StdoutLine: {'line': b'-- Installing: /ros2_ws/install/mapviz_interfaces/share/mapviz_interfaces/cmake/export_mapviz_interfaces__rosidl_typesupport_fastrtps_cExport-noconfig.cmake\n'}
[7.426653] (mapviz_interfaces) StdoutLine: {'line': b'-- Installing: /ros2_ws/install/mapviz_interfaces/share/mapviz_interfaces/cmake/export_mapviz_interfaces__rosidl_generator_cppExport.cmake\n'}
[7.426771] (mapviz_interfaces) StdoutLine: {'line': b'-- Installing: /ros2_ws/install/mapviz_interfaces/share/mapviz_interfaces/cmake/export_mapviz_interfaces__rosidl_typesupport_fastrtps_cppExport.cmake\n'}
[7.426888] (mapviz_interfaces) StdoutLine: {'line': b'-- Installing: /ros2_ws/install/mapviz_interfaces/share/mapviz_interfaces/cmake/export_mapviz_interfaces__rosidl_typesupport_fastrtps_cppExport-noconfig.cmake\n'}
[7.427002] (mapviz_interfaces) StdoutLine: {'line': b'-- Installing: /ros2_ws/install/mapviz_interfaces/share/mapviz_interfaces/cmake/mapviz_interfaces__rosidl_typesupport_introspection_cExport.cmake\n'}
[7.427115] (mapviz_interfaces) StdoutLine: {'line': b'-- Installing: /ros2_ws/install/mapviz_interfaces/share/mapviz_interfaces/cmake/mapviz_interfaces__rosidl_typesupport_introspection_cExport-noconfig.cmake\n'}
[7.427231] (mapviz_interfaces) StdoutLine: {'line': b'-- Installing: /ros2_ws/install/mapviz_interfaces/share/mapviz_interfaces/cmake/mapviz_interfaces__rosidl_typesupport_cExport.cmake\n'}
[7.427411] (mapviz_interfaces) StdoutLine: {'line': b'-- Installing: /ros2_ws/install/mapviz_interfaces/share/mapviz_interfaces/cmake/mapviz_interfaces__rosidl_typesupport_cExport-noconfig.cmake\n'}
[7.427472] (mapviz_interfaces) StdoutLine: {'line': b'-- Installing: /ros2_ws/install/mapviz_interfaces/share/mapviz_interfaces/cmake/mapviz_interfaces__rosidl_typesupport_introspection_cppExport.cmake\n'}
[7.427688] (mapviz_interfaces) StdoutLine: {'line': b'-- Installing: /ros2_ws/install/mapviz_interfaces/share/mapviz_interfaces/cmake/mapviz_interfaces__rosidl_typesupport_introspection_cppExport-noconfig.cmake\n'}
[7.427941] (mapviz_interfaces) StdoutLine: {'line': b'-- Installing: /ros2_ws/install/mapviz_interfaces/share/mapviz_interfaces/cmake/mapviz_interfaces__rosidl_typesupport_cppExport.cmake\n'}
[7.428014] (mapviz_interfaces) StdoutLine: {'line': b'-- Installing: /ros2_ws/install/mapviz_interfaces/share/mapviz_interfaces/cmake/mapviz_interfaces__rosidl_typesupport_cppExport-noconfig.cmake\n'}
[7.428071] (mapviz_interfaces) StdoutLine: {'line': b'-- Installing: /ros2_ws/install/mapviz_interfaces/share/mapviz_interfaces/cmake/export_mapviz_interfaces__rosidl_generator_pyExport.cmake\n'}
[7.428124] (mapviz_interfaces) StdoutLine: {'line': b'-- Installing: /ros2_ws/install/mapviz_interfaces/share/mapviz_interfaces/cmake/export_mapviz_interfaces__rosidl_generator_pyExport-noconfig.cmake\n'}
[7.429683] (mapviz_interfaces) CommandEnded: {'returncode': 0}
[7.464953] (mapviz_interfaces) JobEnded: {'identifier': 'mapviz_interfaces', 'rc': 0}
[7.466379] (mapviz) JobStarted: {'identifier': 'mapviz'}
[7.473205] (mapviz) JobProgress: {'identifier': 'mapviz', 'progress': 'cmake'}
[7.473728] (mapviz) Command: {'cmd': ['/usr/bin/cmake', '/ros2_ws/src/mapviz/mapviz', '-DAMENT_CMAKE_SYMLINK_INSTALL=1', '-DCMAKE_INSTALL_PREFIX=/ros2_ws/install/mapviz'], 'cwd': '/ros2_ws/build/mapviz', 'env': OrderedDict([('GZ_SIM_RESOURCE_PATH', '/opt/ros/humble/share:/home/ros/ws/install:/home/ros/ws/src'), ('HOSTNAME', 'salus'), ('SHLVL', '0'), ('LD_LIBRARY_PATH', '/ros2_ws/install/mapviz_interfaces/lib:/opt/ros/humble/opt/rviz_ogre_vendor/lib:/opt/ros/humble/lib/aarch64-linux-gnu:/opt/ros/humble/lib'), ('HOME', '/home/ros'), ('OLDPWD', '/ros2_ws'), ('ROS_PYTHON_VERSION', '3'), ('ROS_DISTRO', 'humble'), ('_', '/usr/bin/colcon'), ('ROS_VERSION', '2'), ('ROS_LOCALHOST_ONLY', '0'), ('QT_X11_NO_MITSHM', '1'), ('PATH', '/opt/ros/humble/bin:/usr/local/sbin:/usr/local/bin:/usr/sbin:/usr/bin:/sbin:/bin'), ('DISPLAY', ''), ('LANG', 'C.UTF-8'), ('XAUTHORITY', '/home/ros/.Xauthority'), ('AMENT_PREFIX_PATH', '/ros2_ws/install/mapviz_interfaces:/opt/ros/humble'), ('DEBIAN_FRONTEND', 'noninteractive'), ('IGN_GAZEBO_RESOURCE_PATH', '/opt/ros/humble/share:/home/ros/ws/install:/home/ros/ws/src'), ('GZ_VERSION', 'fortress'), ('PWD', '/ros2_ws/build/mapviz'), ('TURTLEBOT3_MODEL', 'waffle'), ('LC_ALL', 'C.UTF-8'), ('RCUTILS_COLORIZED_OUTPUT', '1'), ('PYTHONPATH', '/ros2_ws/install/mapviz_interfaces/local/lib/python3.10/dist-packages:/opt/ros/humble/lib/python3.10/site-packages:/opt/ros/humble/local/lib/python3.10/dist-packages'), ('COLCON', '1'), ('CMAKE_PREFIX_PATH', '/ros2_ws/install/mapviz_interfaces:/opt/ros/humble')]), 'shell': False}
[7.520039] (-) TimerEvent: {}
[7.542622] (mapviz) StdoutLine: {'line': b'-- The CXX compiler identification is GNU 11.4.0\n'}
[7.549963] (mapviz) StdoutLine: {'line': b'-- Detecting CXX compiler ABI info\n'}
[7.620152] (-) TimerEvent: {}
[7.625720] (mapviz) StdoutLine: {'line': b'-- Detecting CXX compiler ABI info - done\n'}
[7.635348] (mapviz) StdoutLine: {'line': b'-- Check for working CXX compiler: /usr/bin/c++ - skipped\n'}
[7.635735] (mapviz) StdoutLine: {'line': b'-- Detecting CXX compile features\n'}
[7.636304] (mapviz) StdoutLine: {'line': b'-- Detecting CXX compile features - done\n'}
[7.639815] (mapviz) StdoutLine: {'line': b'-- Found ament_cmake: 1.3.12 (/opt/ros/humble/share/ament_cmake/cmake)\n'}
[7.720240] (-) TimerEvent: {}
[7.812658] (mapviz) StdoutLine: {'line': b'-- Found Python3: /usr/bin/python3 (found version "3.10.12") found components: Interpreter \n'}
[7.820325] (-) TimerEvent: {}
[7.892305] (mapviz) StdoutLine: {'line': b'-- Override CMake install command with custom implementation using symlinks instead of copying resources\n'}
[7.920422] (-) TimerEvent: {}
[7.930616] (mapviz) StdoutLine: {'line': b'-- Found geometry_msgs: 4.9.0 (/opt/ros/humble/share/geometry_msgs/cmake)\n'}
[7.979288] (mapviz) StdoutLine: {'line': b'-- Found rosidl_generator_c: 3.1.8 (/opt/ros/humble/share/rosidl_generator_c/cmake)\n'}
[7.986215] (mapviz) StdoutLine: {'line': b'-- Found rosidl_adapter: 3.1.8 (/opt/ros/humble/share/rosidl_adapter/cmake)\n'}
[7.997468] (mapviz) StdoutLine: {'line': b'-- Found rosidl_generator_cpp: 3.1.8 (/opt/ros/humble/share/rosidl_generator_cpp/cmake)\n'}
[8.013366] (mapviz) StdoutLine: {'line': b'-- Using all available rosidl_typesupport_c: rosidl_typesupport_fastrtps_c;rosidl_typesupport_introspection_c\n'}
[8.020500] (-) TimerEvent: {}
[8.034502] (mapviz) StdoutLine: {'line': b'-- Using all available rosidl_typesupport_cpp: rosidl_typesupport_fastrtps_cpp;rosidl_typesupport_introspection_cpp\n'}
[8.120604] (-) TimerEvent: {}
[8.160491] (mapviz) StdoutLine: {'line': b'-- Found GLEW: /usr/include (found version "2.2.0") \n'}
[8.177869] (mapviz) StdoutLine: {'line': b'-- Found PkgConfig: /usr/bin/pkg-config (found version "0.29.2") \n'}
[8.178429] (mapviz) StdoutLine: {'line': b"-- Checking for module 'glut'\n"}
[8.183164] (mapviz) StdoutLine: {'line': b"--   No package 'glut' found\n"}
[8.185916] (mapviz) StdoutLine: {'line': b'-- Found GLUT: /usr/lib/aarch64-linux-gnu/libglut.so  \n'}
[8.190428] (mapviz) StdoutLine: {'line': b'-- Found image_transport: 3.1.12 (/opt/ros/humble/share/image_transport/cmake)\n'}
[8.220697] (-) TimerEvent: {}
[8.291368] (mapviz) StdoutLine: {'line': b'-- Found rmw_implementation_cmake: 6.1.2 (/opt/ros/humble/share/rmw_implementation_cmake/cmake)\n'}
[8.297612] (mapviz) StdoutLine: {'line': b'-- Found rmw_fastrtps_cpp: 6.2.9 (/opt/ros/humble/share/rmw_fastrtps_cpp/cmake)\n'}
[8.320804] (-) TimerEvent: {}
[8.409530] (mapviz) StdoutLine: {'line': b'-- Found OpenSSL: /usr/lib/aarch64-linux-gnu/libcrypto.so (found version "3.0.2")  \n'}
[8.420904] (-) TimerEvent: {}
[8.442946] (mapviz) StdoutLine: {'line': b'-- Found FastRTPS: /opt/ros/humble/include  \n'}
[8.504723] (mapviz) StdoutLine: {'line': b"-- Using RMW implementation 'rmw_fastrtps_cpp' as default\n"}
[8.521104] (-) TimerEvent: {}
[8.524771] (mapviz) StdoutLine: {'line': b'-- Looking for C++ include pthread.h\n'}
[8.609000] (mapviz) StdoutLine: {'line': b'-- Looking for C++ include pthread.h - found\n'}
[8.609210] (mapviz) StdoutLine: {'line': b'-- Performing Test CMAKE_HAVE_LIBC_PTHREAD\n'}
[8.621213] (-) TimerEvent: {}
[8.692977] (mapviz) StdoutLine: {'line': b'-- Performing Test CMAKE_HAVE_LIBC_PTHREAD - Success\n'}
[8.694210] (mapviz) StdoutLine: {'line': b'-- Found Threads: TRUE  \n'}
[8.721468] (-) TimerEvent: {}
[8.821662] (-) TimerEvent: {}
[8.857695] (mapviz) StdoutLine: {'line': b'-- Found mapviz_interfaces: 2.6.1 (/ros2_ws/install/mapviz_interfaces/share/mapviz_interfaces/cmake)\n'}
[8.915843] (mapviz) StdoutLine: {'line': b'-- Found OpenCV: /usr (found version "4.5.4") found components: core imgproc imgcodecs videoio \n'}
[8.921738] (-) TimerEvent: {}
[8.922604] (mapviz) StdoutLine: {'line': b'-- Found OpenGL: /usr/lib/aarch64-linux-gnu/libOpenGL.so   \n'}
[8.977079] (mapviz) StdoutLine: {'line': b'-- Found rqt_gui_cpp: 1.1.9 (/opt/ros/humble/share/rqt_gui_cpp/cmake)\n'}
[8.995249] (mapviz) StdoutLine: {'line': b'-- Found std_srvs: 4.9.0 (/opt/ros/humble/share/std_srvs/cmake)\n'}
[9.016605] (mapviz) StdoutLine: {'line': b'-- Found swri_math_util: 3.8.7 (/opt/ros/humble/share/swri_math_util/cmake)\n'}
[9.020616] (mapviz) StdoutLine: {'line': b'-- Found swri_transform_util: 3.8.7 (/opt/ros/humble/share/swri_transform_util/cmake)\n'}
[9.021799] (-) TimerEvent: {}
[9.037406] (mapviz) StdoutLine: {'line': b'-- Found GeographicLib: /usr/lib/aarch64-linux-gnu  \n'}
[9.083195] (mapviz) StdoutLine: {'line': b'-- Found eigen3_cmake_module: 0.1.1 (/opt/ros/humble/share/eigen3_cmake_module/cmake)\n'}
[9.085742] (mapviz) StdoutLine: {'line': b'-- Found Eigen3: TRUE (found version "3.4.0") \n'}
[9.086174] (mapviz) StdoutLine: {'line': b'-- Ensuring Eigen3 include directory is part of orocos-kdl CMake target\n'}
[9.121901] (-) TimerEvent: {}
[9.222087] (-) TimerEvent: {}
[9.271050] (mapviz) StdoutLine: {'line': b"-- Checking for module 'yaml-cpp'\n"}
[9.280653] (mapviz) StdoutLine: {'line': b'--   Found yaml-cpp, version 0.7.0\n'}
[9.322182] (-) TimerEvent: {}
[9.422405] (-) TimerEvent: {}
[9.430464] (mapviz) StdoutLine: {'line': b'-- Configuring done\n'}
[9.483979] (mapviz) StdoutLine: {'line': b'-- Generating done\n'}
[9.493081] (mapviz) StdoutLine: {'line': b'-- Build files have been written to: /ros2_ws/build/mapviz\n'}
[9.507562] (mapviz) CommandEnded: {'returncode': 0}
[9.508999] (mapviz) JobProgress: {'identifier': 'mapviz', 'progress': 'build'}
[9.509192] (mapviz) Command: {'cmd': ['/usr/bin/cmake', '--build', '/ros2_ws/build/mapviz', '--', '-j4', '-l4'], 'cwd': '/ros2_ws/build/mapviz', 'env': OrderedDict([('GZ_SIM_RESOURCE_PATH', '/opt/ros/humble/share:/home/ros/ws/install:/home/ros/ws/src'), ('HOSTNAME', 'salus'), ('SHLVL', '0'), ('LD_LIBRARY_PATH', '/ros2_ws/install/mapviz_interfaces/lib:/opt/ros/humble/opt/rviz_ogre_vendor/lib:/opt/ros/humble/lib/aarch64-linux-gnu:/opt/ros/humble/lib'), ('HOME', '/home/ros'), ('OLDPWD', '/ros2_ws'), ('ROS_PYTHON_VERSION', '3'), ('ROS_DISTRO', 'humble'), ('_', '/usr/bin/colcon'), ('ROS_VERSION', '2'), ('ROS_LOCALHOST_ONLY', '0'), ('QT_X11_NO_MITSHM', '1'), ('PATH', '/opt/ros/humble/bin:/usr/local/sbin:/usr/local/bin:/usr/sbin:/usr/bin:/sbin:/bin'), ('DISPLAY', ''), ('LANG', 'C.UTF-8'), ('XAUTHORITY', '/home/ros/.Xauthority'), ('AMENT_PREFIX_PATH', '/ros2_ws/install/mapviz_interfaces:/opt/ros/humble'), ('DEBIAN_FRONTEND', 'noninteractive'), ('IGN_GAZEBO_RESOURCE_PATH', '/opt/ros/humble/share:/home/ros/ws/install:/home/ros/ws/src'), ('GZ_VERSION', 'fortress'), ('PWD', '/ros2_ws/build/mapviz'), ('TURTLEBOT3_MODEL', 'waffle'), ('LC_ALL', 'C.UTF-8'), ('RCUTILS_COLORIZED_OUTPUT', '1'), ('PYTHONPATH', '/ros2_ws/install/mapviz_interfaces/local/lib/python3.10/dist-packages:/opt/ros/humble/lib/python3.10/site-packages:/opt/ros/humble/local/lib/python3.10/dist-packages'), ('COLCON', '1'), ('CMAKE_PREFIX_PATH', '/ros2_ws/install/mapviz_interfaces:/opt/ros/humble')]), 'shell': False}
[9.522554] (-) TimerEvent: {}
[9.551511] (mapviz) StdoutLine: {'line': b'[ 10%] Generating include/mapviz/moc_config_item.cpp\n'}
[9.551852] (mapviz) StdoutLine: {'line': b'[ 10%] Generating ui_pluginselect.h\n'}
[9.551924] (mapviz) StdoutLine: {'line': b'[ 10%] Generating include/mapviz/moc_map_canvas.cpp\n'}
[9.552054] (mapviz) StdoutLine: {'line': b'[ 10%] Generating include/mapviz/moc_color_button.cpp\n'}
[9.585937] (mapviz) StdoutLine: {'line': b'[ 18%] Generating include/mapviz/moc_rqt_mapviz.cpp\n'}
[9.586236] (mapviz) StdoutLine: {'line': b'[ 18%] Generating include/mapviz/moc_mapviz_plugin.cpp\n'}
[9.586319] (mapviz) StdoutLine: {'line': b'[ 18%] Generating include/mapviz/moc_mapviz.cpp\n'}
[9.598120] (mapviz) StdoutLine: {'line': b'[ 24%] Generating include/mapviz/moc_video_writer.cpp\n'}
[9.598358] (mapviz) StdoutLine: {'line': b'[ 24%] Generating include/mapviz/moc_select_service_dialog.cpp\n'}
[9.598444] (mapviz) StdoutLine: {'line': b'[ 27%] Generating include/mapviz/moc_select_frame_dialog.cpp\n'}
[9.610431] (mapviz) StdoutLine: {'line': b'[ 32%] Generating qrc_icons.cpp\n'}
[9.610660] (mapviz) StdoutLine: {'line': b'[ 32%] Generating include/mapviz/moc_widgets.cpp\n'}
[9.611214] (mapviz) StdoutLine: {'line': b'[ 35%] Generating ui_configitem.h\n'}
[9.621960] (mapviz) StdoutLine: {'line': b'[ 37%] Generating ui_mapviz.h\n'}
[9.622607] (-) TimerEvent: {}
[9.722768] (-) TimerEvent: {}
[9.732807] (mapviz) StdoutLine: {'line': b'[ 48%] Building CXX object CMakeFiles/rqt_mapviz.dir/include/mapviz/moc_map_canvas.cpp.o\n'}
[9.733753] (mapviz) StdoutLine: {'line': b'[ 48%] Building CXX object CMakeFiles/rqt_mapviz.dir/include/mapviz/moc_color_button.cpp.o\n'}
[9.733857] (mapviz) StdoutLine: {'line': b'[ 48%] Building CXX object CMakeFiles/rqt_mapviz.dir/include/mapviz/moc_mapviz.cpp.o\n'}
[9.733917] (mapviz) StdoutLine: {'line': b'[ 48%] Building CXX object CMakeFiles/rqt_mapviz.dir/include/mapviz/moc_config_item.cpp.o\n'}
[9.823893] (-) TimerEvent: {}
[9.924300] (-) TimerEvent: {}
[10.024658] (-) TimerEvent: {}
[10.125122] (-) TimerEvent: {}
[10.227745] (-) TimerEvent: {}
[10.328099] (-) TimerEvent: {}
[10.428482] (-) TimerEvent: {}
[10.529120] (-) TimerEvent: {}
[10.629603] (-) TimerEvent: {}
[10.729899] (-) TimerEvent: {}
[10.830366] (-) TimerEvent: {}
[10.930800] (-) TimerEvent: {}
[11.031221] (-) TimerEvent: {}
[11.131721] (-) TimerEvent: {}
[11.236054] (-) TimerEvent: {}
[11.336461] (-) TimerEvent: {}
[11.436878] (-) TimerEvent: {}
[11.520815] (mapviz) StdoutLine: {'line': b'[ 51%] Building CXX object CMakeFiles/rqt_mapviz.dir/include/mapviz/moc_mapviz_plugin.cpp.o\n'}
[11.537014] (-) TimerEvent: {}
[11.637408] (-) TimerEvent: {}
[11.737814] (-) TimerEvent: {}
[11.838231] (-) TimerEvent: {}
[11.938645] (-) TimerEvent: {}
[11.976472] (mapviz) StdoutLine: {'line': b'[ 54%] Building CXX object CMakeFiles/rqt_mapviz.dir/include/mapviz/moc_rqt_mapviz.cpp.o\n'}
[12.038785] (-) TimerEvent: {}
[12.139173] (-) TimerEvent: {}
[12.239594] (-) TimerEvent: {}
[12.343928] (-) TimerEvent: {}
[12.444316] (-) TimerEvent: {}
[12.544719] (-) TimerEvent: {}
[12.645144] (-) TimerEvent: {}
[12.745591] (-) TimerEvent: {}
[12.846041] (-) TimerEvent: {}
[12.946508] (-) TimerEvent: {}
[13.046944] (-) TimerEvent: {}
[13.147342] (-) TimerEvent: {}
[13.247774] (-) TimerEvent: {}
[13.348221] (-) TimerEvent: {}
[13.448698] (-) TimerEvent: {}
[13.549130] (-) TimerEvent: {}
[13.649551] (-) TimerEvent: {}
[13.749961] (-) TimerEvent: {}
[13.850376] (-) TimerEvent: {}
[13.955945] (-) TimerEvent: {}
[14.056361] (-) TimerEvent: {}
[14.156777] (-) TimerEvent: {}
[14.257198] (-) TimerEvent: {}
[14.357620] (-) TimerEvent: {}
[14.458024] (-) TimerEvent: {}
[14.558446] (-) TimerEvent: {}
[14.661313] (-) TimerEvent: {}
[14.761771] (-) TimerEvent: {}
[14.862206] (-) TimerEvent: {}
[14.962636] (-) TimerEvent: {}
[15.063046] (-) TimerEvent: {}
[15.163476] (-) TimerEvent: {}
[15.263898] (-) TimerEvent: {}
[15.364276] (-) TimerEvent: {}
[15.464690] (-) TimerEvent: {}
[15.565089] (-) TimerEvent: {}
[15.665504] (-) TimerEvent: {}
[15.765915] (-) TimerEvent: {}
[15.866340] (-) TimerEvent: {}
[15.966766] (-) TimerEvent: {}
[16.067199] (-) TimerEvent: {}
[16.171926] (-) TimerEvent: {}
[16.272334] (-) TimerEvent: {}
[16.372750] (-) TimerEvent: {}
[16.473159] (-) TimerEvent: {}
[16.573586] (-) TimerEvent: {}
[16.674009] (-) TimerEvent: {}
[16.774418] (-) TimerEvent: {}
[16.874819] (-) TimerEvent: {}
[16.975234] (-) TimerEvent: {}
[17.075690] (-) TimerEvent: {}
[17.176110] (-) TimerEvent: {}
[17.276530] (-) TimerEvent: {}
[17.376946] (-) TimerEvent: {}
[17.477347] (-) TimerEvent: {}
[17.577772] (-) TimerEvent: {}
[17.678198] (-) TimerEvent: {}
[17.778709] (-) TimerEvent: {}
[17.879105] (-) TimerEvent: {}
[17.979899] (-) TimerEvent: {}
[18.083919] (-) TimerEvent: {}
[18.184323] (-) TimerEvent: {}
[18.284746] (-) TimerEvent: {}
[18.387968] (-) TimerEvent: {}
[18.478404] (mapviz) StdoutLine: {'line': b'[ 56%] Building CXX object CMakeFiles/rqt_mapviz.dir/include/mapviz/moc_select_frame_dialog.cpp.o\n'}
[18.488100] (-) TimerEvent: {}
[18.588552] (-) TimerEvent: {}
[18.689143] (-) TimerEvent: {}
[18.789926] (-) TimerEvent: {}
[18.890882] (-) TimerEvent: {}
[18.995845] (-) TimerEvent: {}
[19.103747] (-) TimerEvent: {}
[19.204120] (-) TimerEvent: {}
[19.304489] (-) TimerEvent: {}
[19.404992] (-) TimerEvent: {}
[19.505636] (-) TimerEvent: {}
[19.606058] (-) TimerEvent: {}
[19.706485] (-) TimerEvent: {}
[19.806900] (-) TimerEvent: {}
[19.907308] (-) TimerEvent: {}
[20.007750] (-) TimerEvent: {}
[20.108151] (-) TimerEvent: {}
[20.208561] (-) TimerEvent: {}
[20.309028] (-) TimerEvent: {}
[20.309733] (mapviz) StdoutLine: {'line': b'[ 59%] Building CXX object CMakeFiles/rqt_mapviz.dir/include/mapviz/moc_select_service_dialog.cpp.o\n'}
[20.409158] (-) TimerEvent: {}
[20.511932] (-) TimerEvent: {}
[20.612335] (-) TimerEvent: {}
[20.712760] (-) TimerEvent: {}
[20.813186] (-) TimerEvent: {}
[20.913601] (-) TimerEvent: {}
[21.014033] (-) TimerEvent: {}
[21.114463] (-) TimerEvent: {}
[21.214885] (-) TimerEvent: {}
[21.315301] (-) TimerEvent: {}
[21.415728] (-) TimerEvent: {}
[21.519912] (-) TimerEvent: {}
[21.620321] (-) TimerEvent: {}
[21.720732] (-) TimerEvent: {}
[21.821175] (-) TimerEvent: {}
[21.923765] (-) TimerEvent: {}
[22.024194] (-) TimerEvent: {}
[22.127745] (-) TimerEvent: {}
[22.228157] (-) TimerEvent: {}
[22.328570] (-) TimerEvent: {}
[22.428987] (-) TimerEvent: {}
[22.535884] (-) TimerEvent: {}
[22.643762] (-) TimerEvent: {}
[22.747758] (-) TimerEvent: {}
[22.851754] (-) TimerEvent: {}
[22.952157] (-) TimerEvent: {}
[23.055791] (-) TimerEvent: {}
[23.159243] (-) TimerEvent: {}
[23.259706] (-) TimerEvent: {}
[23.360338] (-) TimerEvent: {}
[23.460748] (-) TimerEvent: {}
[23.561166] (-) TimerEvent: {}
[23.661593] (-) TimerEvent: {}
[23.762032] (-) TimerEvent: {}
[23.862467] (-) TimerEvent: {}
[23.962885] (-) TimerEvent: {}
[24.063323] (-) TimerEvent: {}
[24.163765] (-) TimerEvent: {}
[24.264159] (-) TimerEvent: {}
[24.364596] (-) TimerEvent: {}
[24.448029] (mapviz) StdoutLine: {'line': b'[ 62%] Building CXX object CMakeFiles/rqt_mapviz.dir/include/mapviz/moc_video_writer.cpp.o\n'}
[24.464739] (-) TimerEvent: {}
[24.565147] (-) TimerEvent: {}
[24.665534] (-) TimerEvent: {}
[24.765914] (-) TimerEvent: {}
[24.871898] (-) TimerEvent: {}
[24.972282] (-) TimerEvent: {}
[25.072712] (-) TimerEvent: {}
[25.173115] (-) TimerEvent: {}
[25.273531] (-) TimerEvent: {}
[25.373953] (-) TimerEvent: {}
[25.474463] (-) TimerEvent: {}
[25.574876] (-) TimerEvent: {}
[25.675308] (-) TimerEvent: {}
[25.775801] (-) TimerEvent: {}
[25.876197] (-) TimerEvent: {}
[25.899253] (mapviz) StdoutLine: {'line': b'[ 64%] Building CXX object CMakeFiles/rqt_mapviz.dir/include/mapviz/moc_widgets.cpp.o\n'}
[25.934845] (mapviz) StdoutLine: {'line': b'[ 67%] Building CXX object CMakeFiles/rqt_mapviz.dir/src/mapviz.cpp.o\n'}
[25.976312] (-) TimerEvent: {}
[26.076781] (-) TimerEvent: {}
[26.177394] (-) TimerEvent: {}
[26.257348] (mapviz) StdoutLine: {'line': b'[ 70%] Building CXX object CMakeFiles/rqt_mapviz.dir/src/color_button.cpp.o\n'}
[26.277515] (-) TimerEvent: {}
[26.377922] (-) TimerEvent: {}
[26.478363] (-) TimerEvent: {}
[26.579384] (-) TimerEvent: {}
[26.679861] (-) TimerEvent: {}
[26.783866] (-) TimerEvent: {}
[26.887758] (-) TimerEvent: {}
[26.988150] (-) TimerEvent: {}
[27.088568] (-) TimerEvent: {}
[27.188984] (-) TimerEvent: {}
[27.289423] (-) TimerEvent: {}
[27.326442] (mapviz) StdoutLine: {'line': b'[ 72%] Building CXX object CMakeFiles/rqt_mapviz.dir/src/config_item.cpp.o\n'}
[27.389544] (-) TimerEvent: {}
[27.489951] (-) TimerEvent: {}
[27.590330] (-) TimerEvent: {}
[27.690727] (-) TimerEvent: {}
[27.791135] (-) TimerEvent: {}
[27.891537] (-) TimerEvent: {}
[27.933043] (mapviz) StdoutLine: {'line': b'[ 75%] Building CXX object CMakeFiles/rqt_mapviz.dir/src/mapviz_application.cpp.o\n'}
[27.991735] (-) TimerEvent: {}
[28.092185] (-) TimerEvent: {}
[28.192626] (-) TimerEvent: {}
[28.260587] (mapviz) StdoutLine: {'line': b'[ 78%] Building CXX object CMakeFiles/rqt_mapviz.dir/src/map_canvas.cpp.o\n'}
[28.292748] (-) TimerEvent: {}
[28.393126] (-) TimerEvent: {}
[28.493526] (-) TimerEvent: {}
[28.594047] (-) TimerEvent: {}
[28.694813] (-) TimerEvent: {}
[28.795224] (-) TimerEvent: {}
[28.895672] (-) TimerEvent: {}
[28.999902] (-) TimerEvent: {}
[29.100288] (-) TimerEvent: {}
[29.200725] (-) TimerEvent: {}
[29.301149] (-) TimerEvent: {}
[29.401577] (-) TimerEvent: {}
[29.502028] (-) TimerEvent: {}
[29.602481] (-) TimerEvent: {}
[29.702912] (-) TimerEvent: {}
[29.748695] (mapviz) StdoutLine: {'line': b'[ 81%] Building CXX object CMakeFiles/rqt_mapviz.dir/src/rqt_mapviz.cpp.o\n'}
[29.803066] (-) TimerEvent: {}
[29.903477] (-) TimerEvent: {}
[30.003901] (-) TimerEvent: {}
[30.104317] (-) TimerEvent: {}
[30.204716] (-) TimerEvent: {}
[30.305115] (-) TimerEvent: {}
[30.407930] (-) TimerEvent: {}
[30.508338] (-) TimerEvent: {}
[30.608756] (-) TimerEvent: {}
[30.709208] (-) TimerEvent: {}
[30.809638] (-) TimerEvent: {}
[30.910051] (-) TimerEvent: {}
[31.010459] (-) TimerEvent: {}
[31.110901] (-) TimerEvent: {}
[31.211349] (-) TimerEvent: {}
[31.311810] (-) TimerEvent: {}
[31.415933] (-) TimerEvent: {}
[31.516366] (-) TimerEvent: {}
[31.616776] (-) TimerEvent: {}
[31.717199] (-) TimerEvent: {}
[31.817600] (-) TimerEvent: {}
[31.918016] (-) TimerEvent: {}
[32.018440] (-) TimerEvent: {}
[32.118848] (-) TimerEvent: {}
[32.219261] (-) TimerEvent: {}
[32.319703] (-) TimerEvent: {}
[32.420115] (-) TimerEvent: {}
[32.520507] (-) TimerEvent: {}
[32.620922] (-) TimerEvent: {}
[32.721328] (-) TimerEvent: {}
[32.821747] (-) TimerEvent: {}
[32.922167] (-) TimerEvent: {}
[33.027921] (-) TimerEvent: {}
[33.128326] (-) TimerEvent: {}
[33.228742] (-) TimerEvent: {}
[33.329154] (-) TimerEvent: {}
[33.429569] (-) TimerEvent: {}
[33.529986] (-) TimerEvent: {}
[33.630395] (-) TimerEvent: {}
[33.730800] (-) TimerEvent: {}
[33.831239] (-) TimerEvent: {}
[33.931684] (-) TimerEvent: {}
[34.032075] (-) TimerEvent: {}
[34.032809] (mapviz) StdoutLine: {'line': b'[ 83%] Building CXX object CMakeFiles/rqt_mapviz.dir/src/select_frame_dialog.cpp.o\n'}
[34.132204] (-) TimerEvent: {}
[34.232589] (-) TimerEvent: {}
[34.332986] (-) TimerEvent: {}
[34.433361] (-) TimerEvent: {}
[34.533754] (-) TimerEvent: {}
[34.634153] (-) TimerEvent: {}
[34.734582] (-) TimerEvent: {}
[34.835010] (-) TimerEvent: {}
[34.935452] (-) TimerEvent: {}
[35.039750] (-) TimerEvent: {}
[35.140163] (-) TimerEvent: {}
[35.240581] (-) TimerEvent: {}
[35.340975] (-) TimerEvent: {}
[35.441387] (-) TimerEvent: {}
[35.541812] (-) TimerEvent: {}
[35.642229] (-) TimerEvent: {}
[35.742639] (-) TimerEvent: {}
[35.843083] (-) TimerEvent: {}
[35.943508] (-) TimerEvent: {}
[36.043948] (-) TimerEvent: {}
[36.144388] (-) TimerEvent: {}
[36.244799] (-) TimerEvent: {}
[36.345232] (-) TimerEvent: {}
[36.445667] (-) TimerEvent: {}
[36.551762] (-) TimerEvent: {}
[36.652167] (-) TimerEvent: {}
[36.752540] (-) TimerEvent: {}
[36.852949] (-) TimerEvent: {}
[36.953356] (-) TimerEvent: {}
[37.053763] (-) TimerEvent: {}
[37.154170] (-) TimerEvent: {}
[37.254593] (-) TimerEvent: {}
[37.355021] (-) TimerEvent: {}
[37.455456] (-) TimerEvent: {}
[37.555908] (-) TimerEvent: {}
[37.656325] (-) TimerEvent: {}
[37.756729] (-) TimerEvent: {}
[37.857219] (-) TimerEvent: {}
[37.957751] (-) TimerEvent: {}
[38.058187] (-) TimerEvent: {}
[38.158597] (-) TimerEvent: {}
[38.263936] (-) TimerEvent: {}
[38.356660] (mapviz) StdoutLine: {'line': b'[ 86%] Building CXX object CMakeFiles/rqt_mapviz.dir/src/select_service_dialog.cpp.o\n'}
[38.364084] (-) TimerEvent: {}
[38.464361] (-) TimerEvent: {}
[38.564623] (-) TimerEvent: {}
[38.664888] (-) TimerEvent: {}
[38.765161] (-) TimerEvent: {}
[38.865422] (-) TimerEvent: {}
[38.965686] (-) TimerEvent: {}
[39.065975] (-) TimerEvent: {}
[39.166273] (-) TimerEvent: {}
[39.266568] (-) TimerEvent: {}
[39.366843] (-) TimerEvent: {}
[39.467131] (-) TimerEvent: {}
[39.567400] (-) TimerEvent: {}
[39.667698] (-) TimerEvent: {}
[39.767966] (-) TimerEvent: {}
[39.868254] (-) TimerEvent: {}
[39.971758] (-) TimerEvent: {}
[40.072176] (-) TimerEvent: {}
[40.172617] (-) TimerEvent: {}
[40.273028] (-) TimerEvent: {}
[40.373466] (-) TimerEvent: {}
[40.473884] (-) TimerEvent: {}
[40.574310] (-) TimerEvent: {}
[40.674734] (-) TimerEvent: {}
[40.775139] (-) TimerEvent: {}
[40.875545] (-) TimerEvent: {}
[40.975970] (-) TimerEvent: {}
[41.079764] (-) TimerEvent: {}
[41.180163] (-) TimerEvent: {}
[41.280589] (-) TimerEvent: {}
[41.383932] (-) TimerEvent: {}
[41.484444] (-) TimerEvent: {}
[41.585079] (-) TimerEvent: {}
[41.685481] (-) TimerEvent: {}
[41.785903] (-) TimerEvent: {}
[41.886337] (-) TimerEvent: {}
[41.937626] (mapviz) StdoutLine: {'line': b'[ 89%] Building CXX object CMakeFiles/rqt_mapviz.dir/src/video_writer.cpp.o\n'}
[41.986468] (-) TimerEvent: {}
[42.086865] (-) TimerEvent: {}
[42.187277] (-) TimerEvent: {}
[42.291119] (-) TimerEvent: {}
[42.391752] (-) TimerEvent: {}
[42.492132] (-) TimerEvent: {}
[42.592880] (-) TimerEvent: {}
[42.693295] (-) TimerEvent: {}
[42.794223] (-) TimerEvent: {}
[42.894712] (-) TimerEvent: {}
[42.996299] (-) TimerEvent: {}
[43.096706] (-) TimerEvent: {}
[43.197109] (-) TimerEvent: {}
[43.297659] (-) TimerEvent: {}
[43.398905] (-) TimerEvent: {}
[43.499414] (-) TimerEvent: {}
[43.599941] (-) TimerEvent: {}
[43.701201] (-) TimerEvent: {}
[43.801604] (-) TimerEvent: {}
[43.894903] (mapviz) StdoutLine: {'line': b'[ 91%] Building CXX object CMakeFiles/rqt_mapviz.dir/qrc_icons.cpp.o\n'}
[43.902213] (-) TimerEvent: {}
[44.002676] (-) TimerEvent: {}
[44.102952] (-) TimerEvent: {}
[44.203208] (-) TimerEvent: {}
[44.303499] (-) TimerEvent: {}
[44.403817] (-) TimerEvent: {}
[44.504069] (-) TimerEvent: {}
[44.604313] (-) TimerEvent: {}
[44.704564] (-) TimerEvent: {}
[44.804835] (-) TimerEvent: {}
[44.905099] (-) TimerEvent: {}
[45.005521] (-) TimerEvent: {}
[45.105779] (-) TimerEvent: {}
[45.206049] (-) TimerEvent: {}
[45.307937] (-) TimerEvent: {}
[45.408372] (-) TimerEvent: {}
[45.508974] (-) TimerEvent: {}
[45.609268] (-) TimerEvent: {}
[45.709521] (-) TimerEvent: {}
[45.809757] (-) TimerEvent: {}
[45.909990] (-) TimerEvent: {}
[46.010236] (-) TimerEvent: {}
[46.110485] (-) TimerEvent: {}
[46.210716] (-) TimerEvent: {}
[46.310962] (-) TimerEvent: {}
[46.411228] (-) TimerEvent: {}
[46.511481] (-) TimerEvent: {}
[46.611751] (-) TimerEvent: {}
[46.712008] (-) TimerEvent: {}
[46.812271] (-) TimerEvent: {}
[46.912500] (-) TimerEvent: {}
[47.012754] (-) TimerEvent: {}
[47.112988] (-) TimerEvent: {}
[47.213212] (-) TimerEvent: {}
[47.313462] (-) TimerEvent: {}
[47.413702] (-) TimerEvent: {}
[47.513940] (-) TimerEvent: {}
[47.614195] (-) TimerEvent: {}
[47.714431] (-) TimerEvent: {}
[47.814664] (-) TimerEvent: {}
[47.914889] (-) TimerEvent: {}
[48.015143] (-) TimerEvent: {}
[48.115402] (-) TimerEvent: {}
[48.215670] (-) TimerEvent: {}
[48.315898] (-) TimerEvent: {}
[48.416131] (-) TimerEvent: {}
[48.516341] (-) TimerEvent: {}
[48.616551] (-) TimerEvent: {}
[48.716762] (-) TimerEvent: {}
[48.816976] (-) TimerEvent: {}
[48.917190] (-) TimerEvent: {}
[49.017403] (-) TimerEvent: {}
[49.117622] (-) TimerEvent: {}
[49.217844] (-) TimerEvent: {}
[49.318057] (-) TimerEvent: {}
[49.418269] (-) TimerEvent: {}
[49.518478] (-) TimerEvent: {}
[49.618685] (-) TimerEvent: {}
[49.718893] (-) TimerEvent: {}
[49.819111] (-) TimerEvent: {}
[49.919316] (-) TimerEvent: {}
[50.019523] (-) TimerEvent: {}
[50.119733] (-) TimerEvent: {}
[50.219955] (-) TimerEvent: {}
[50.320164] (-) TimerEvent: {}
[50.420367] (-) TimerEvent: {}
[50.520572] (-) TimerEvent: {}
[50.620776] (-) TimerEvent: {}
[50.720979] (-) TimerEvent: {}
[50.821183] (-) TimerEvent: {}
[50.921398] (-) TimerEvent: {}
[51.021605] (-) TimerEvent: {}
[51.121810] (-) TimerEvent: {}
[51.222016] (-) TimerEvent: {}
[51.322220] (-) TimerEvent: {}
[51.422423] (-) TimerEvent: {}
[51.522627] (-) TimerEvent: {}
[51.622833] (-) TimerEvent: {}
[51.723042] (-) TimerEvent: {}
[51.823249] (-) TimerEvent: {}
[51.923463] (-) TimerEvent: {}
[52.023695] (-) TimerEvent: {}
[52.123900] (-) TimerEvent: {}
[52.224110] (-) TimerEvent: {}
[52.324320] (-) TimerEvent: {}
[52.424527] (-) TimerEvent: {}
[52.524735] (-) TimerEvent: {}
[52.624939] (-) TimerEvent: {}
[52.725144] (-) TimerEvent: {}
[52.825351] (-) TimerEvent: {}
[52.925558] (-) TimerEvent: {}
[53.025752] (-) TimerEvent: {}
[53.125953] (-) TimerEvent: {}
[53.226149] (-) TimerEvent: {}
[53.326354] (-) TimerEvent: {}
[53.426556] (-) TimerEvent: {}
[53.526781] (-) TimerEvent: {}
[53.627018] (-) TimerEvent: {}
[53.727276] (-) TimerEvent: {}
[53.827503] (-) TimerEvent: {}
[53.927762] (-) TimerEvent: {}
[54.028007] (-) TimerEvent: {}
[54.128253] (-) TimerEvent: {}
[54.228485] (-) TimerEvent: {}
[54.328724] (-) TimerEvent: {}
[54.428953] (-) TimerEvent: {}
[54.529203] (-) TimerEvent: {}
[54.629445] (-) TimerEvent: {}
[54.729671] (-) TimerEvent: {}
[54.829933] (-) TimerEvent: {}
[54.915584] (mapviz) StdoutLine: {'line': b'[ 94%] Linking CXX static library librqt_mapviz.a\n'}
[54.930026] (-) TimerEvent: {}
[55.030262] (-) TimerEvent: {}
[55.130505] (-) TimerEvent: {}
[55.230709] (-) TimerEvent: {}
[55.330933] (-) TimerEvent: {}
[55.431165] (-) TimerEvent: {}
[55.531366] (-) TimerEvent: {}
[55.631570] (-) TimerEvent: {}
[55.637389] (mapviz) StdoutLine: {'line': b'[ 94%] Built target rqt_mapviz\n'}
[55.657821] (mapviz) StdoutLine: {'line': b'[ 97%] Building CXX object CMakeFiles/mapviz.dir/src/mapviz_main.cpp.o\n'}
[55.731685] (-) TimerEvent: {}
[55.831895] (-) TimerEvent: {}
[55.932110] (-) TimerEvent: {}
[56.032325] (-) TimerEvent: {}
[56.132542] (-) TimerEvent: {}
[56.232761] (-) TimerEvent: {}
[56.332987] (-) TimerEvent: {}
[56.433202] (-) TimerEvent: {}
[56.533410] (-) TimerEvent: {}
[56.633620] (-) TimerEvent: {}
[56.733838] (-) TimerEvent: {}
[56.834063] (-) TimerEvent: {}
[56.934288] (-) TimerEvent: {}
[57.034513] (-) TimerEvent: {}
[57.134731] (-) TimerEvent: {}
[57.234957] (-) TimerEvent: {}
[57.335185] (-) TimerEvent: {}
[57.435399] (-) TimerEvent: {}
[57.535618] (-) TimerEvent: {}
[57.635862] (-) TimerEvent: {}
[57.736080] (-) TimerEvent: {}
[57.836305] (-) TimerEvent: {}
[57.936531] (-) TimerEvent: {}
[58.036745] (-) TimerEvent: {}
[58.136959] (-) TimerEvent: {}
[58.237173] (-) TimerEvent: {}
[58.337392] (-) TimerEvent: {}
[58.437612] (-) TimerEvent: {}
[58.537826] (-) TimerEvent: {}
[58.638038] (-) TimerEvent: {}
[58.738252] (-) TimerEvent: {}
[58.838465] (-) TimerEvent: {}
[58.938681] (-) TimerEvent: {}
[59.038893] (-) TimerEvent: {}
[59.139110] (-) TimerEvent: {}
[59.239328] (-) TimerEvent: {}
[59.339557] (-) TimerEvent: {}
[59.439807] (-) TimerEvent: {}
[59.540026] (-) TimerEvent: {}
[59.640245] (-) TimerEvent: {}
[59.740456] (-) TimerEvent: {}
[59.840670] (-) TimerEvent: {}
[59.940885] (-) TimerEvent: {}
[60.041096] (-) TimerEvent: {}
[60.141316] (-) TimerEvent: {}
[60.241541] (-) TimerEvent: {}
[60.341761] (-) TimerEvent: {}
[60.441987] (-) TimerEvent: {}
[60.542209] (-) TimerEvent: {}
[60.642430] (-) TimerEvent: {}
[60.742652] (-) TimerEvent: {}
[60.842876] (-) TimerEvent: {}
[60.943094] (-) TimerEvent: {}
[61.043312] (-) TimerEvent: {}
[61.143534] (-) TimerEvent: {}
[61.243717] (-) TimerEvent: {}
[61.343933] (-) TimerEvent: {}
[61.444147] (-) TimerEvent: {}
[61.544369] (-) TimerEvent: {}
[61.644592] (-) TimerEvent: {}
[61.744810] (-) TimerEvent: {}
[61.845030] (-) TimerEvent: {}
[61.945248] (-) TimerEvent: {}
[62.045476] (-) TimerEvent: {}
[62.145712] (-) TimerEvent: {}
[62.245943] (-) TimerEvent: {}
[62.346168] (-) TimerEvent: {}
[62.446392] (-) TimerEvent: {}
[62.546609] (-) TimerEvent: {}
[62.646842] (-) TimerEvent: {}
[62.747057] (-) TimerEvent: {}
[62.847267] (-) TimerEvent: {}
[62.947483] (-) TimerEvent: {}
[63.047706] (-) TimerEvent: {}
[63.147919] (-) TimerEvent: {}
[63.248135] (-) TimerEvent: {}
[63.348353] (-) TimerEvent: {}
[63.448564] (-) TimerEvent: {}
[63.548779] (-) TimerEvent: {}
[63.648997] (-) TimerEvent: {}
[63.749213] (-) TimerEvent: {}
[63.849438] (-) TimerEvent: {}
[63.949660] (-) TimerEvent: {}
[64.049877] (-) TimerEvent: {}
[64.150091] (-) TimerEvent: {}
[64.250308] (-) TimerEvent: {}
[64.350526] (-) TimerEvent: {}
[64.450744] (-) TimerEvent: {}
[64.551005] (-) TimerEvent: {}
[64.651250] (-) TimerEvent: {}
[64.751750] (-) TimerEvent: {}
[64.758156] (mapviz) StdoutLine: {'line': b'[100%] Linking CXX executable mapviz\n'}
[64.851854] (-) TimerEvent: {}
[64.952139] (-) TimerEvent: {}
[65.052421] (-) TimerEvent: {}
[65.152625] (-) TimerEvent: {}
[65.252872] (-) TimerEvent: {}
[65.353163] (-) TimerEvent: {}
[65.453525] (-) TimerEvent: {}
[65.553894] (-) TimerEvent: {}
[65.654157] (-) TimerEvent: {}
[65.754525] (-) TimerEvent: {}
[65.854955] (-) TimerEvent: {}
[65.955330] (-) TimerEvent: {}
[66.055606] (-) TimerEvent: {}
[66.155878] (-) TimerEvent: {}
[66.256155] (-) TimerEvent: {}
[66.356411] (-) TimerEvent: {}
[66.456774] (-) TimerEvent: {}
[66.557158] (-) TimerEvent: {}
[66.657455] (-) TimerEvent: {}
[66.757715] (-) TimerEvent: {}
[66.858063] (-) TimerEvent: {}
[66.958500] (-) TimerEvent: {}
[67.058854] (-) TimerEvent: {}
[67.159136] (-) TimerEvent: {}
[67.259497] (-) TimerEvent: {}
[67.359916] (-) TimerEvent: {}
[67.460279] (-) TimerEvent: {}
[67.560717] (-) TimerEvent: {}
[67.661157] (-) TimerEvent: {}
[67.761504] (-) TimerEvent: {}
[67.861759] (-) TimerEvent: {}
[67.962114] (-) TimerEvent: {}
[68.062523] (-) TimerEvent: {}
[68.162897] (-) TimerEvent: {}
[68.263177] (-) TimerEvent: {}
[68.363506] (-) TimerEvent: {}
[68.463871] (-) TimerEvent: {}
[68.564101] (-) TimerEvent: {}
[68.664380] (-) TimerEvent: {}
[68.764630] (-) TimerEvent: {}
[68.864850] (-) TimerEvent: {}
[68.965059] (-) TimerEvent: {}
[69.065277] (-) TimerEvent: {}
[69.165485] (-) TimerEvent: {}
[69.265697] (-) TimerEvent: {}
[69.365912] (-) TimerEvent: {}
[69.466122] (-) TimerEvent: {}
[69.566324] (-) TimerEvent: {}
[69.666537] (-) TimerEvent: {}
[69.766776] (-) TimerEvent: {}
[69.867011] (-) TimerEvent: {}
[69.967240] (-) TimerEvent: {}
[70.067464] (-) TimerEvent: {}
[70.167726] (-) TimerEvent: {}
[70.267997] (-) TimerEvent: {}
[70.360848] (mapviz) StdoutLine: {'line': b'[100%] Built target mapviz\n'}
[70.368101] (-) TimerEvent: {}
[70.374814] (mapviz) CommandEnded: {'returncode': 0}
[70.378041] (mapviz) JobProgress: {'identifier': 'mapviz', 'progress': 'install'}
[70.378726] (mapviz) Command: {'cmd': ['/usr/bin/cmake', '--install', '/ros2_ws/build/mapviz'], 'cwd': '/ros2_ws/build/mapviz', 'env': OrderedDict([('GZ_SIM_RESOURCE_PATH', '/opt/ros/humble/share:/home/ros/ws/install:/home/ros/ws/src'), ('HOSTNAME', 'salus'), ('SHLVL', '0'), ('LD_LIBRARY_PATH', '/ros2_ws/install/mapviz_interfaces/lib:/opt/ros/humble/opt/rviz_ogre_vendor/lib:/opt/ros/humble/lib/aarch64-linux-gnu:/opt/ros/humble/lib'), ('HOME', '/home/ros'), ('OLDPWD', '/ros2_ws'), ('ROS_PYTHON_VERSION', '3'), ('ROS_DISTRO', 'humble'), ('_', '/usr/bin/colcon'), ('ROS_VERSION', '2'), ('ROS_LOCALHOST_ONLY', '0'), ('QT_X11_NO_MITSHM', '1'), ('PATH', '/opt/ros/humble/bin:/usr/local/sbin:/usr/local/bin:/usr/sbin:/usr/bin:/sbin:/bin'), ('DISPLAY', ''), ('LANG', 'C.UTF-8'), ('XAUTHORITY', '/home/ros/.Xauthority'), ('AMENT_PREFIX_PATH', '/ros2_ws/install/mapviz_interfaces:/opt/ros/humble'), ('DEBIAN_FRONTEND', 'noninteractive'), ('IGN_GAZEBO_RESOURCE_PATH', '/opt/ros/humble/share:/home/ros/ws/install:/home/ros/ws/src'), ('GZ_VERSION', 'fortress'), ('PWD', '/ros2_ws/build/mapviz'), ('TURTLEBOT3_MODEL', 'waffle'), ('LC_ALL', 'C.UTF-8'), ('RCUTILS_COLORIZED_OUTPUT', '1'), ('PYTHONPATH', '/ros2_ws/install/mapviz_interfaces/local/lib/python3.10/dist-packages:/opt/ros/humble/lib/python3.10/site-packages:/opt/ros/humble/local/lib/python3.10/dist-packages'), ('COLCON', '1'), ('CMAKE_PREFIX_PATH', '/ros2_ws/install/mapviz_interfaces:/opt/ros/humble')]), 'shell': False}
[70.386553] (mapviz) StdoutLine: {'line': b'-- Install configuration: ""\n'}
[70.387409] (mapviz) StdoutLine: {'line': b'-- Execute custom install script\n'}
[70.389035] (mapviz) StdoutLine: {'line': b'-- Symlinking: /ros2_ws/install/mapviz/lib/mapviz/mapviz\n'}
[70.398288] (mapviz) StdoutLine: {'line': b'-- Symlinking: /ros2_ws/install/mapviz/share/mapviz/launch/mapviz.launch.py\n'}
[70.406396] (mapviz) StdoutLine: {'line': b'-- Symlinking: /ros2_ws/install/mapviz/share/mapviz/launch/mapviz.launch.xml\n'}
[70.414309] (mapviz) StdoutLine: {'line': b'-- Symlinking: /ros2_ws/install/mapviz/share/mapviz/plugin.xml\n'}
[70.422464] (mapviz) StdoutLine: {'line': b'-- Symlinking: /ros2_ws/install/mapviz/share/mapviz/environment/library_path.sh\n'}
[70.431193] (mapviz) StdoutLine: {'line': b'-- Symlinking: /ros2_ws/install/mapviz/share/mapviz/environment/library_path.dsv\n'}
[70.440836] (mapviz) StdoutLine: {'line': b'-- Symlinking: /ros2_ws/install/mapviz/share/ament_index/resource_index/package_run_dependencies/mapviz\n'}
[70.449380] (mapviz) StdoutLine: {'line': b'-- Symlinking: /ros2_ws/install/mapviz/share/ament_index/resource_index/parent_prefix_path/mapviz\n'}
[70.458283] (mapviz) StdoutLine: {'line': b'-- Symlinking: /ros2_ws/install/mapviz/share/mapviz/environment/ament_prefix_path.sh\n'}
[70.466211] (mapviz) StdoutLine: {'line': b'-- Symlinking: /ros2_ws/install/mapviz/share/mapviz/environment/ament_prefix_path.dsv\n'}
[70.468188] (-) TimerEvent: {}
[70.474143] (mapviz) StdoutLine: {'line': b'-- Symlinking: /ros2_ws/install/mapviz/share/mapviz/environment/path.sh\n'}
[70.482252] (mapviz) StdoutLine: {'line': b'-- Symlinking: /ros2_ws/install/mapviz/share/mapviz/environment/path.dsv\n'}
[70.490162] (mapviz) StdoutLine: {'line': b'-- Symlinking: /ros2_ws/install/mapviz/share/mapviz/local_setup.bash\n'}
[70.498101] (mapviz) StdoutLine: {'line': b'-- Symlinking: /ros2_ws/install/mapviz/share/mapviz/local_setup.sh\n'}
[70.505798] (mapviz) StdoutLine: {'line': b'-- Symlinking: /ros2_ws/install/mapviz/share/mapviz/local_setup.zsh\n'}
[70.513900] (mapviz) StdoutLine: {'line': b'-- Symlinking: /ros2_ws/install/mapviz/share/mapviz/local_setup.dsv\n'}
[70.521830] (mapviz) StdoutLine: {'line': b'-- Symlinking: /ros2_ws/install/mapviz/share/mapviz/package.dsv\n'}
[70.530329] (mapviz) StdoutLine: {'line': b'-- Symlinking: /ros2_ws/install/mapviz/share/ament_index/resource_index/packages/mapviz\n'}
[70.538519] (mapviz) StdoutLine: {'line': b'-- Symlinking: /ros2_ws/install/mapviz/share/mapviz/cmake/ament_cmake_export_targets-extras.cmake\n'}
[70.546898] (mapviz) StdoutLine: {'line': b'-- Symlinking: /ros2_ws/install/mapviz/share/mapviz/cmake/ament_cmake_export_dependencies-extras.cmake\n'}
[70.554741] (mapviz) StdoutLine: {'line': b'-- Symlinking: /ros2_ws/install/mapviz/share/mapviz/cmake/mapvizConfig.cmake\n'}
[70.562711] (mapviz) StdoutLine: {'line': b'-- Symlinking: /ros2_ws/install/mapviz/share/mapviz/cmake/mapvizConfig-version.cmake\n'}
[70.568286] (-) TimerEvent: {}
[70.570553] (mapviz) StdoutLine: {'line': b'-- Symlinking: /ros2_ws/install/mapviz/share/mapviz/package.xml\n'}
[70.578231] (mapviz) StdoutLine: {'line': b'-- Installing: /ros2_ws/install/mapviz/include/mapviz\n'}
[70.578547] (mapviz) StdoutLine: {'line': b'-- Installing: /ros2_ws/install/mapviz/include/mapviz/mapviz\n'}
[70.578636] (mapviz) StdoutLine: {'line': b'-- Installing: /ros2_ws/install/mapviz/include/mapviz/mapviz/rqt_mapviz.h\n'}
[70.578797] (mapviz) StdoutLine: {'line': b'-- Installing: /ros2_ws/install/mapviz/include/mapviz/mapviz/mapviz_application.h\n'}
[70.578952] (mapviz) StdoutLine: {'line': b'-- Installing: /ros2_ws/install/mapviz/include/mapviz/mapviz/config_item.h\n'}
[70.579522] (mapviz) StdoutLine: {'line': b'-- Installing: /ros2_ws/install/mapviz/include/mapviz/mapviz/video_writer.h\n'}
[70.579616] (mapviz) StdoutLine: {'line': b'-- Installing: /ros2_ws/install/mapviz/include/mapviz/mapviz/color_button.h\n'}
[70.579794] (mapviz) StdoutLine: {'line': b'-- Installing: /ros2_ws/install/mapviz/include/mapviz/mapviz/mapviz_plugin.h\n'}
[70.579877] (mapviz) StdoutLine: {'line': b'-- Installing: /ros2_ws/install/mapviz/include/mapviz/mapviz/select_frame_dialog.h\n'}
[70.580205] (mapviz) StdoutLine: {'line': b'-- Installing: /ros2_ws/install/mapviz/include/mapviz/mapviz/widgets.h\n'}
[70.580351] (mapviz) StdoutLine: {'line': b'-- Installing: /ros2_ws/install/mapviz/include/mapviz/mapviz/stopwatch.h\n'}
[70.580482] (mapviz) StdoutLine: {'line': b'-- Installing: /ros2_ws/install/mapviz/include/mapviz/mapviz/map_canvas.h\n'}
[70.580630] (mapviz) StdoutLine: {'line': b'-- Installing: /ros2_ws/install/mapviz/include/mapviz/mapviz/select_service_dialog.h\n'}
[70.580696] (mapviz) StdoutLine: {'line': b'-- Installing: /ros2_ws/install/mapviz/lib/librqt_mapviz.a\n'}
[70.592532] (mapviz) StdoutLine: {'line': b'-- Installing: /ros2_ws/install/mapviz/share/mapviz/cmake/export_mapvizExport.cmake\n'}
[70.592878] (mapviz) StdoutLine: {'line': b'-- Installing: /ros2_ws/install/mapviz/share/mapviz/cmake/export_mapvizExport-noconfig.cmake\n'}
[70.594192] (mapviz) CommandEnded: {'returncode': 0}
[70.623103] (mapviz) JobEnded: {'identifier': 'mapviz', 'rc': 0}
[70.628648] (mapviz_plugins) JobStarted: {'identifier': 'mapviz_plugins'}
[70.655541] (multires_image) JobStarted: {'identifier': 'multires_image'}
[70.668466] (-) TimerEvent: {}
[70.671361] (tile_map) JobStarted: {'identifier': 'tile_map'}
[70.685099] (tile_map) JobProgress: {'identifier': 'tile_map', 'progress': 'cmake'}
[70.685620] (tile_map) Command: {'cmd': ['/usr/bin/cmake', '/ros2_ws/src/mapviz/tile_map', '-DAMENT_CMAKE_SYMLINK_INSTALL=1', '-DCMAKE_INSTALL_PREFIX=/ros2_ws/install/tile_map'], 'cwd': '/ros2_ws/build/tile_map', 'env': OrderedDict([('GZ_SIM_RESOURCE_PATH', '/opt/ros/humble/share:/home/ros/ws/install:/home/ros/ws/src'), ('HOSTNAME', 'salus'), ('SHLVL', '0'), ('LD_LIBRARY_PATH', '/ros2_ws/install/mapviz/lib:/ros2_ws/install/mapviz_interfaces/lib:/opt/ros/humble/opt/rviz_ogre_vendor/lib:/opt/ros/humble/lib/aarch64-linux-gnu:/opt/ros/humble/lib'), ('HOME', '/home/ros'), ('OLDPWD', '/ros2_ws'), ('ROS_PYTHON_VERSION', '3'), ('ROS_DISTRO', 'humble'), ('_', '/usr/bin/colcon'), ('ROS_VERSION', '2'), ('ROS_LOCALHOST_ONLY', '0'), ('QT_X11_NO_MITSHM', '1'), ('PATH', '/opt/ros/humble/bin:/usr/local/sbin:/usr/local/bin:/usr/sbin:/usr/bin:/sbin:/bin'), ('DISPLAY', ''), ('LANG', 'C.UTF-8'), ('XAUTHORITY', '/home/ros/.Xauthority'), ('AMENT_PREFIX_PATH', '/ros2_ws/install/mapviz:/ros2_ws/install/mapviz_interfaces:/opt/ros/humble'), ('DEBIAN_FRONTEND', 'noninteractive'), ('IGN_GAZEBO_RESOURCE_PATH', '/opt/ros/humble/share:/home/ros/ws/install:/home/ros/ws/src'), ('GZ_VERSION', 'fortress'), ('PWD', '/ros2_ws/build/tile_map'), ('TURTLEBOT3_MODEL', 'waffle'), ('LC_ALL', 'C.UTF-8'), ('RCUTILS_COLORIZED_OUTPUT', '1'), ('PYTHONPATH', '/ros2_ws/install/mapviz_interfaces/local/lib/python3.10/dist-packages:/opt/ros/humble/lib/python3.10/site-packages:/opt/ros/humble/local/lib/python3.10/dist-packages'), ('COLCON', '1'), ('CMAKE_PREFIX_PATH', '/ros2_ws/install/mapviz:/ros2_ws/install/mapviz_interfaces:/opt/ros/humble')]), 'shell': False}
[70.690066] (mapviz_plugins) JobProgress: {'identifier': 'mapviz_plugins', 'progress': 'cmake'}
[70.690146] (mapviz_plugins) Command: {'cmd': ['/usr/bin/cmake', '/ros2_ws/src/mapviz/mapviz_plugins', '-DAMENT_CMAKE_SYMLINK_INSTALL=1', '-DCMAKE_INSTALL_PREFIX=/ros2_ws/install/mapviz_plugins'], 'cwd': '/ros2_ws/build/mapviz_plugins', 'env': OrderedDict([('GZ_SIM_RESOURCE_PATH', '/opt/ros/humble/share:/home/ros/ws/install:/home/ros/ws/src'), ('HOSTNAME', 'salus'), ('SHLVL', '0'), ('LD_LIBRARY_PATH', '/ros2_ws/install/mapviz/lib:/ros2_ws/install/mapviz_interfaces/lib:/opt/ros/humble/opt/rviz_ogre_vendor/lib:/opt/ros/humble/lib/aarch64-linux-gnu:/opt/ros/humble/lib'), ('HOME', '/home/ros'), ('OLDPWD', '/ros2_ws'), ('ROS_PYTHON_VERSION', '3'), ('ROS_DISTRO', 'humble'), ('_', '/usr/bin/colcon'), ('ROS_VERSION', '2'), ('ROS_LOCALHOST_ONLY', '0'), ('QT_X11_NO_MITSHM', '1'), ('PATH', '/opt/ros/humble/bin:/usr/local/sbin:/usr/local/bin:/usr/sbin:/usr/bin:/sbin:/bin'), ('DISPLAY', ''), ('LANG', 'C.UTF-8'), ('XAUTHORITY', '/home/ros/.Xauthority'), ('AMENT_PREFIX_PATH', '/ros2_ws/install/mapviz:/ros2_ws/install/mapviz_interfaces:/opt/ros/humble'), ('DEBIAN_FRONTEND', 'noninteractive'), ('IGN_GAZEBO_RESOURCE_PATH', '/opt/ros/humble/share:/home/ros/ws/install:/home/ros/ws/src'), ('GZ_VERSION', 'fortress'), ('PWD', '/ros2_ws/build/mapviz_plugins'), ('TURTLEBOT3_MODEL', 'waffle'), ('LC_ALL', 'C.UTF-8'), ('RCUTILS_COLORIZED_OUTPUT', '1'), ('PYTHONPATH', '/ros2_ws/install/mapviz_interfaces/local/lib/python3.10/dist-packages:/opt/ros/humble/lib/python3.10/site-packages:/opt/ros/humble/local/lib/python3.10/dist-packages'), ('COLCON', '1'), ('CMAKE_PREFIX_PATH', '/ros2_ws/install/mapviz:/ros2_ws/install/mapviz_interfaces:/opt/ros/humble')]), 'shell': False}
[70.691126] (multires_image) JobProgress: {'identifier': 'multires_image', 'progress': 'cmake'}
[70.691183] (multires_image) Command: {'cmd': ['/usr/bin/cmake', '/ros2_ws/src/mapviz/multires_image', '-DAMENT_CMAKE_SYMLINK_INSTALL=1', '-DCMAKE_INSTALL_PREFIX=/ros2_ws/install/multires_image'], 'cwd': '/ros2_ws/build/multires_image', 'env': OrderedDict([('GZ_SIM_RESOURCE_PATH', '/opt/ros/humble/share:/home/ros/ws/install:/home/ros/ws/src'), ('HOSTNAME', 'salus'), ('SHLVL', '0'), ('LD_LIBRARY_PATH', '/ros2_ws/install/mapviz/lib:/ros2_ws/install/mapviz_interfaces/lib:/opt/ros/humble/opt/rviz_ogre_vendor/lib:/opt/ros/humble/lib/aarch64-linux-gnu:/opt/ros/humble/lib'), ('HOME', '/home/ros'), ('OLDPWD', '/ros2_ws'), ('ROS_PYTHON_VERSION', '3'), ('ROS_DISTRO', 'humble'), ('_', '/usr/bin/colcon'), ('ROS_VERSION', '2'), ('ROS_LOCALHOST_ONLY', '0'), ('QT_X11_NO_MITSHM', '1'), ('PATH', '/opt/ros/humble/bin:/usr/local/sbin:/usr/local/bin:/usr/sbin:/usr/bin:/sbin:/bin'), ('DISPLAY', ''), ('LANG', 'C.UTF-8'), ('XAUTHORITY', '/home/ros/.Xauthority'), ('AMENT_PREFIX_PATH', '/ros2_ws/install/mapviz:/ros2_ws/install/mapviz_interfaces:/opt/ros/humble'), ('DEBIAN_FRONTEND', 'noninteractive'), ('IGN_GAZEBO_RESOURCE_PATH', '/opt/ros/humble/share:/home/ros/ws/install:/home/ros/ws/src'), ('GZ_VERSION', 'fortress'), ('PWD', '/ros2_ws/build/multires_image'), ('TURTLEBOT3_MODEL', 'waffle'), ('LC_ALL', 'C.UTF-8'), ('RCUTILS_COLORIZED_OUTPUT', '1'), ('PYTHONPATH', '/ros2_ws/install/mapviz_interfaces/local/lib/python3.10/dist-packages:/opt/ros/humble/lib/python3.10/site-packages:/opt/ros/humble/local/lib/python3.10/dist-packages'), ('COLCON', '1'), ('CMAKE_PREFIX_PATH', '/ros2_ws/install/mapviz:/ros2_ws/install/mapviz_interfaces:/opt/ros/humble')]), 'shell': False}
[70.771964] (-) TimerEvent: {}
[70.801548] (mapviz_plugins) StdoutLine: {'line': b'-- The CXX compiler identification is GNU 11.4.0\n'}
[70.801964] (tile_map) StdoutLine: {'line': b'-- The CXX compiler identification is GNU 11.4.0\n'}
[70.802116] (multires_image) StdoutLine: {'line': b'-- The CXX compiler identification is GNU 11.4.0\n'}
[70.818697] (mapviz_plugins) StdoutLine: {'line': b'-- Detecting CXX compiler ABI info\n'}
[70.818932] (tile_map) StdoutLine: {'line': b'-- Detecting CXX compiler ABI info\n'}
[70.819035] (multires_image) StdoutLine: {'line': b'-- Detecting CXX compiler ABI info\n'}
[70.872108] (-) TimerEvent: {}
[70.951712] (multires_image) StdoutLine: {'line': b'-- Detecting CXX compiler ABI info - done\n'}
[70.951922] (tile_map) StdoutLine: {'line': b'-- Detecting CXX compiler ABI info - done\n'}
[70.955902] (mapviz_plugins) StdoutLine: {'line': b'-- Detecting CXX compiler ABI info - done\n'}
[70.956561] (multires_image) StdoutLine: {'line': b'-- Check for working CXX compiler: /usr/bin/c++ - skipped\n'}
[70.957469] (multires_image) StdoutLine: {'line': b'-- Detecting CXX compile features\n'}
[70.958707] (multires_image) StdoutLine: {'line': b'-- Detecting CXX compile features - done\n'}
[70.964864] (tile_map) StdoutLine: {'line': b'-- Check for working CXX compiler: /usr/bin/c++ - skipped\n'}
[70.965349] (tile_map) StdoutLine: {'line': b'-- Detecting CXX compile features\n'}
[70.967727] (tile_map) StdoutLine: {'line': b'-- Detecting CXX compile features - done\n'}
[70.967923] (mapviz_plugins) StdoutLine: {'line': b'-- Check for working CXX compiler: /usr/bin/c++ - skipped\n'}
[70.968002] (mapviz_plugins) StdoutLine: {'line': b'-- Detecting CXX compile features\n'}
[70.968058] (mapviz_plugins) StdoutLine: {'line': b'-- Detecting CXX compile features - done\n'}
[70.972157] (-) TimerEvent: {}
[70.982035] (multires_image) StdoutLine: {'line': b'-- Found ament_cmake: 1.3.12 (/opt/ros/humble/share/ament_cmake/cmake)\n'}
[70.982601] (mapviz_plugins) StdoutLine: {'line': b'-- Found ament_cmake: 1.3.12 (/opt/ros/humble/share/ament_cmake/cmake)\n'}
[70.982774] (tile_map) StdoutLine: {'line': b'-- Found ament_cmake: 1.3.12 (/opt/ros/humble/share/ament_cmake/cmake)\n'}
[71.072260] (-) TimerEvent: {}
[71.175813] (-) TimerEvent: {}
[71.276095] (-) TimerEvent: {}
[71.282481] (mapviz_plugins) StdoutLine: {'line': b'-- Found Python3: /usr/bin/python3 (found version "3.10.12") found components: Interpreter \n'}
[71.283550] (tile_map) StdoutLine: {'line': b'-- Found Python3: /usr/bin/python3 (found version "3.10.12") found components: Interpreter \n'}
[71.295366] (multires_image) StdoutLine: {'line': b'-- Found Python3: /usr/bin/python3 (found version "3.10.12") found components: Interpreter \n'}
[71.376396] (-) TimerEvent: {}
[71.452429] (multires_image) StdoutLine: {'line': b'-- Override CMake install command with custom implementation using symlinks instead of copying resources\n'}
[71.452636] (tile_map) StdoutLine: {'line': b'-- Override CMake install command with custom implementation using symlinks instead of copying resources\n'}
[71.452715] (mapviz_plugins) StdoutLine: {'line': b'-- Override CMake install command with custom implementation using symlinks instead of copying resources\n'}
[71.476597] (-) TimerEvent: {}
[71.519911] (multires_image) StdoutLine: {'line': b'-- Found mapviz: 2.6.1 (/ros2_ws/install/mapviz/share/mapviz/cmake)\n'}
[71.520163] (tile_map) StdoutLine: {'line': b'-- Found mapviz: 2.6.1 (/ros2_ws/install/mapviz/share/mapviz/cmake)\n'}
[71.521602] (mapviz_plugins) StdoutLine: {'line': b'-- Found ament_index_cpp: 1.4.0 (/opt/ros/humble/share/ament_index_cpp/cmake)\n'}
[71.528955] (mapviz_plugins) StdoutLine: {'line': b'-- Found cv_bridge: 3.2.1 (/opt/ros/humble/share/cv_bridge/cmake)\n'}
[71.578315] (-) TimerEvent: {}
[71.637270] (mapviz_plugins) StdoutLine: {'line': b'-- Found rosidl_generator_c: 3.1.8 (/opt/ros/humble/share/rosidl_generator_c/cmake)\n'}
[71.650129] (mapviz_plugins) StdoutLine: {'line': b'-- Found rosidl_adapter: 3.1.8 (/opt/ros/humble/share/rosidl_adapter/cmake)\n'}
[71.670273] (mapviz_plugins) StdoutLine: {'line': b'-- Found rosidl_generator_cpp: 3.1.8 (/opt/ros/humble/share/rosidl_generator_cpp/cmake)\n'}
[71.678415] (-) TimerEvent: {}
[71.695215] (tile_map) StdoutLine: {'line': b'-- Found rosidl_generator_c: 3.1.8 (/opt/ros/humble/share/rosidl_generator_c/cmake)\n'}
[71.696420] (multires_image) StdoutLine: {'line': b'-- Found rosidl_generator_c: 3.1.8 (/opt/ros/humble/share/rosidl_generator_c/cmake)\n'}
[71.699983] (mapviz_plugins) StdoutLine: {'line': b'-- Using all available rosidl_typesupport_c: rosidl_typesupport_fastrtps_c;rosidl_typesupport_introspection_c\n'}
[71.703185] (tile_map) StdoutLine: {'line': b'-- Found rosidl_adapter: 3.1.8 (/opt/ros/humble/share/rosidl_adapter/cmake)\n'}
[71.704790] (multires_image) StdoutLine: {'line': b'-- Found rosidl_adapter: 3.1.8 (/opt/ros/humble/share/rosidl_adapter/cmake)\n'}
[71.715625] (tile_map) StdoutLine: {'line': b'-- Found rosidl_generator_cpp: 3.1.8 (/opt/ros/humble/share/rosidl_generator_cpp/cmake)\n'}
[71.718284] (multires_image) StdoutLine: {'line': b'-- Found rosidl_generator_cpp: 3.1.8 (/opt/ros/humble/share/rosidl_generator_cpp/cmake)\n'}
[71.732474] (tile_map) StdoutLine: {'line': b'-- Using all available rosidl_typesupport_c: rosidl_typesupport_fastrtps_c;rosidl_typesupport_introspection_c\n'}
[71.735603] (multires_image) StdoutLine: {'line': b'-- Using all available rosidl_typesupport_c: rosidl_typesupport_fastrtps_c;rosidl_typesupport_introspection_c\n'}
[71.736579] (mapviz_plugins) StdoutLine: {'line': b'-- Using all available rosidl_typesupport_cpp: rosidl_typesupport_fastrtps_cpp;rosidl_typesupport_introspection_cpp\n'}
[71.755077] (tile_map) StdoutLine: {'line': b'-- Using all available rosidl_typesupport_cpp: rosidl_typesupport_fastrtps_cpp;rosidl_typesupport_introspection_cpp\n'}
[71.760830] (multires_image) StdoutLine: {'line': b'-- Using all available rosidl_typesupport_cpp: rosidl_typesupport_fastrtps_cpp;rosidl_typesupport_introspection_cpp\n'}
[71.778522] (-) TimerEvent: {}
[71.846723] (tile_map) StdoutLine: {'line': b'-- Found rmw_implementation_cmake: 6.1.2 (/opt/ros/humble/share/rmw_implementation_cmake/cmake)\n'}
[71.847408] (multires_image) StdoutLine: {'line': b'-- Found rmw_implementation_cmake: 6.1.2 (/opt/ros/humble/share/rmw_implementation_cmake/cmake)\n'}
[71.853629] (tile_map) StdoutLine: {'line': b'-- Found rmw_fastrtps_cpp: 6.2.9 (/opt/ros/humble/share/rmw_fastrtps_cpp/cmake)\n'}
[71.853958] (multires_image) StdoutLine: {'line': b'-- Found rmw_fastrtps_cpp: 6.2.9 (/opt/ros/humble/share/rmw_fastrtps_cpp/cmake)\n'}
[71.878620] (-) TimerEvent: {}
[71.881969] (mapviz_plugins) StdoutLine: {'line': b'-- Found gps_msgs: 2.1.1 (/opt/ros/humble/share/gps_msgs/cmake)\n'}
[71.928761] (mapviz_plugins) StdoutLine: {'line': b'-- Found image_transport: 3.1.12 (/opt/ros/humble/share/image_transport/cmake)\n'}
[71.978851] (-) TimerEvent: {}
[71.991881] (mapviz_plugins) StdoutLine: {'line': b'-- Found rmw_implementation_cmake: 6.1.2 (/opt/ros/humble/share/rmw_implementation_cmake/cmake)\n'}
[71.996482] (mapviz_plugins) StdoutLine: {'line': b'-- Found rmw_fastrtps_cpp: 6.2.9 (/opt/ros/humble/share/rmw_fastrtps_cpp/cmake)\n'}
[72.021747] (tile_map) StdoutLine: {'line': b'-- Found OpenSSL: /usr/lib/aarch64-linux-gnu/libcrypto.so (found version "3.0.2")  \n'}
[72.022324] (multires_image) StdoutLine: {'line': b'-- Found OpenSSL: /usr/lib/aarch64-linux-gnu/libcrypto.so (found version "3.0.2")  \n'}
[72.058319] (tile_map) StdoutLine: {'line': b'-- Found FastRTPS: /opt/ros/humble/include  \n'}
[72.059168] (multires_image) StdoutLine: {'line': b'-- Found FastRTPS: /opt/ros/humble/include  \n'}
[72.079150] (-) TimerEvent: {}
[72.097974] (mapviz_plugins) StdoutLine: {'line': b'-- Found OpenSSL: /usr/lib/aarch64-linux-gnu/libcrypto.so (found version "3.0.2")  \n'}
[72.119558] (multires_image) StdoutLine: {'line': b"-- Using RMW implementation 'rmw_fastrtps_cpp' as default\n"}
[72.121215] (tile_map) StdoutLine: {'line': b"-- Using RMW implementation 'rmw_fastrtps_cpp' as default\n"}
[72.134996] (mapviz_plugins) StdoutLine: {'line': b'-- Found FastRTPS: /opt/ros/humble/include  \n'}
[72.142411] (tile_map) StdoutLine: {'line': b'-- Looking for C++ include pthread.h\n'}
[72.143039] (multires_image) StdoutLine: {'line': b'-- Looking for C++ include pthread.h\n'}
[72.179298] (-) TimerEvent: {}
[72.197563] (mapviz_plugins) StdoutLine: {'line': b"-- Using RMW implementation 'rmw_fastrtps_cpp' as default\n"}
[72.215820] (mapviz_plugins) StdoutLine: {'line': b'-- Looking for C++ include pthread.h\n'}
[72.263193] (multires_image) StdoutLine: {'line': b'-- Looking for C++ include pthread.h - found\n'}
[72.263999] (multires_image) StdoutLine: {'line': b'-- Performing Test CMAKE_HAVE_LIBC_PTHREAD\n'}
[72.273366] (tile_map) StdoutLine: {'line': b'-- Looking for C++ include pthread.h - found\n'}
[72.276029] (tile_map) StdoutLine: {'line': b'-- Performing Test CMAKE_HAVE_LIBC_PTHREAD\n'}
[72.279419] (-) TimerEvent: {}
[72.340603] (mapviz_plugins) StdoutLine: {'line': b'-- Looking for C++ include pthread.h - found\n'}
[72.340877] (mapviz_plugins) StdoutLine: {'line': b'-- Performing Test CMAKE_HAVE_LIBC_PTHREAD\n'}
[72.379577] (-) TimerEvent: {}
[72.390185] (multires_image) StdoutLine: {'line': b'-- Performing Test CMAKE_HAVE_LIBC_PTHREAD - Success\n'}
[72.392626] (multires_image) StdoutLine: {'line': b'-- Found Threads: TRUE  \n'}
[72.394555] (tile_map) StdoutLine: {'line': b'-- Performing Test CMAKE_HAVE_LIBC_PTHREAD - Success\n'}
[72.396388] (tile_map) StdoutLine: {'line': b'-- Found Threads: TRUE  \n'}
[72.447712] (mapviz_plugins) StdoutLine: {'line': b'-- Performing Test CMAKE_HAVE_LIBC_PTHREAD - Success\n'}
[72.455767] (mapviz_plugins) StdoutLine: {'line': b'-- Found Threads: TRUE  \n'}
[72.479693] (-) TimerEvent: {}
[72.577136] (mapviz_plugins) StdoutLine: {'line': b'-- Found map_msgs: 2.1.0 (/opt/ros/humble/share/map_msgs/cmake)\n'}
[72.579774] (-) TimerEvent: {}
[72.680027] (-) TimerEvent: {}
[72.687711] (mapviz_plugins) StdoutLine: {'line': b'-- Found mapviz: 2.6.1 (/ros2_ws/install/mapviz/share/mapviz/cmake)\n'}
[72.780138] (-) TimerEvent: {}
[72.788557] (tile_map) StdoutLine: {'line': b'-- Found swri_math_util: 3.8.7 (/opt/ros/humble/share/swri_math_util/cmake)\n'}
[72.801195] (tile_map) StdoutLine: {'line': b'-- Found swri_transform_util: 3.8.7 (/opt/ros/humble/share/swri_transform_util/cmake)\n'}
[72.804388] (multires_image) StdoutLine: {'line': b'-- Found tf2: 0.25.18 (/opt/ros/humble/share/tf2/cmake)\n'}
[72.813231] (multires_image) StdoutLine: {'line': b'-- Found swri_transform_util: 3.8.7 (/opt/ros/humble/share/swri_transform_util/cmake)\n'}
[72.824173] (tile_map) StdoutLine: {'line': b'-- Found GeographicLib: /usr/lib/aarch64-linux-gnu  \n'}
[72.829735] (multires_image) StdoutLine: {'line': b'-- Found GeographicLib: /usr/lib/aarch64-linux-gnu  \n'}
[72.863552] (mapviz_plugins) StdoutLine: {'line': b'-- Found marti_nav_msgs: 1.6.1 (/opt/ros/humble/share/marti_nav_msgs/cmake)\n'}
[72.880240] (-) TimerEvent: {}
[72.886923] (tile_map) StdoutLine: {'line': b'-- Found eigen3_cmake_module: 0.1.1 (/opt/ros/humble/share/eigen3_cmake_module/cmake)\n'}
[72.887468] (multires_image) StdoutLine: {'line': b'-- Found eigen3_cmake_module: 0.1.1 (/opt/ros/humble/share/eigen3_cmake_module/cmake)\n'}
[72.891907] (multires_image) StdoutLine: {'line': b'-- Found Eigen3: TRUE (found version "3.4.0") \n'}
[72.892102] (multires_image) StdoutLine: {'line': b'-- Ensuring Eigen3 include directory is part of orocos-kdl CMake target\n'}
[72.892188] (tile_map) StdoutLine: {'line': b'-- Found Eigen3: TRUE (found version "3.4.0") \n'}
[72.892275] (tile_map) StdoutLine: {'line': b'-- Ensuring Eigen3 include directory is part of orocos-kdl CMake target\n'}
[72.980420] (-) TimerEvent: {}
[73.000696] (mapviz_plugins) StdoutLine: {'line': b'-- Found marti_sensor_msgs: 1.6.1 (/opt/ros/humble/share/marti_sensor_msgs/cmake)\n'}
[73.032734] (mapviz_plugins) StdoutLine: {'line': b'-- Found marti_visualization_msgs: 1.6.1 (/opt/ros/humble/share/marti_visualization_msgs/cmake)\n'}
[73.074220] (mapviz_plugins) StdoutLine: {'line': b'-- Found stereo_msgs: 4.9.0 (/opt/ros/humble/share/stereo_msgs/cmake)\n'}
[73.080514] (-) TimerEvent: {}
[73.123926] (tile_map) StdoutLine: {'line': b'-- Found OpenGL: /usr/lib/aarch64-linux-gnu/libOpenGL.so   \n'}
[73.128987] (mapviz_plugins) StdoutLine: {'line': b'-- Found swri_image_util: 3.8.7 (/opt/ros/humble/share/swri_image_util/cmake)\n'}
[73.160569] (mapviz_plugins) StdoutLine: {'line': b'-- Found swri_route_util: 3.8.7 (/opt/ros/humble/share/swri_route_util/cmake)\n'}
[73.179634] (tile_map) StdoutLine: {'line': b'-- Found GLEW: /usr/include (found version "2.2.0") \n'}
[73.180589] (-) TimerEvent: {}
[73.184033] (tile_map) StdoutLine: {'line': b'-- Found PkgConfig: /usr/bin/pkg-config (found version "0.29.2") \n'}
[73.185103] (tile_map) StdoutLine: {'line': b"-- Checking for module 'yaml-cpp'\n"}
[73.187747] (mapviz_plugins) StdoutLine: {'line': b'-- Found GeographicLib: /usr/lib/aarch64-linux-gnu  \n'}
[73.197933] (tile_map) StdoutLine: {'line': b'--   Found yaml-cpp, version 0.7.0\n'}
[73.221490] (mapviz_plugins) StdoutLine: {'line': b'-- Found eigen3_cmake_module: 0.1.1 (/opt/ros/humble/share/eigen3_cmake_module/cmake)\n'}
[73.222821] (mapviz_plugins) StdoutLine: {'line': b'-- Found Eigen3: TRUE (found version "3.4.0") \n'}
[73.223021] (mapviz_plugins) StdoutLine: {'line': b'-- Ensuring Eigen3 include directory is part of orocos-kdl CMake target\n'}
[73.226336] (tile_map) StdoutLine: {'line': b"-- Checking for module 'jsoncpp'\n"}
[73.249559] (tile_map) StdoutLine: {'line': b'--   Found jsoncpp, version 1.9.5\n'}
[73.280729] (-) TimerEvent: {}
[73.338482] (multires_image) StdoutLine: {'line': b'-- Configuring done\n'}
[73.380843] (-) TimerEvent: {}
[73.406561] (multires_image) StdoutLine: {'line': b'-- Generating done\n'}
[73.423546] (mapviz_plugins) StdoutLine: {'line': b'-- Found OpenCV: /usr (found version "4.5.4") found components: core imgproc \n'}
[73.426717] (mapviz_plugins) StdoutLine: {'line': b'-- Found OpenGL: /usr/lib/aarch64-linux-gnu/libOpenGL.so   \n'}
[73.429124] (multires_image) StdoutLine: {'line': b'-- Build files have been written to: /ros2_ws/build/multires_image\n'}
[73.434917] (mapviz_plugins) StdoutLine: {'line': b'-- Found PkgConfig: /usr/bin/pkg-config (found version "0.29.2") \n'}
[73.435264] (mapviz_plugins) StdoutLine: {'line': b"-- Checking for module 'glut'\n"}
[73.438158] (mapviz_plugins) StdoutLine: {'line': b"--   No package 'glut' found\n"}
[73.443683] (mapviz_plugins) StdoutLine: {'line': b'-- Found GLUT: /usr/lib/aarch64-linux-gnu/libglut.so  \n'}
[73.458768] (multires_image) CommandEnded: {'returncode': 0}
[73.459595] (multires_image) JobProgress: {'identifier': 'multires_image', 'progress': 'build'}
[73.460150] (multires_image) Command: {'cmd': ['/usr/bin/cmake', '--build', '/ros2_ws/build/multires_image', '--', '-j4', '-l4'], 'cwd': '/ros2_ws/build/multires_image', 'env': OrderedDict([('GZ_SIM_RESOURCE_PATH', '/opt/ros/humble/share:/home/ros/ws/install:/home/ros/ws/src'), ('HOSTNAME', 'salus'), ('SHLVL', '0'), ('LD_LIBRARY_PATH', '/ros2_ws/install/mapviz/lib:/ros2_ws/install/mapviz_interfaces/lib:/opt/ros/humble/opt/rviz_ogre_vendor/lib:/opt/ros/humble/lib/aarch64-linux-gnu:/opt/ros/humble/lib'), ('HOME', '/home/ros'), ('OLDPWD', '/ros2_ws'), ('ROS_PYTHON_VERSION', '3'), ('ROS_DISTRO', 'humble'), ('_', '/usr/bin/colcon'), ('ROS_VERSION', '2'), ('ROS_LOCALHOST_ONLY', '0'), ('QT_X11_NO_MITSHM', '1'), ('PATH', '/opt/ros/humble/bin:/usr/local/sbin:/usr/local/bin:/usr/sbin:/usr/bin:/sbin:/bin'), ('DISPLAY', ''), ('LANG', 'C.UTF-8'), ('XAUTHORITY', '/home/ros/.Xauthority'), ('AMENT_PREFIX_PATH', '/ros2_ws/install/mapviz:/ros2_ws/install/mapviz_interfaces:/opt/ros/humble'), ('DEBIAN_FRONTEND', 'noninteractive'), ('IGN_GAZEBO_RESOURCE_PATH', '/opt/ros/humble/share:/home/ros/ws/install:/home/ros/ws/src'), ('GZ_VERSION', 'fortress'), ('PWD', '/ros2_ws/build/multires_image'), ('TURTLEBOT3_MODEL', 'waffle'), ('LC_ALL', 'C.UTF-8'), ('RCUTILS_COLORIZED_OUTPUT', '1'), ('PYTHONPATH', '/ros2_ws/install/mapviz_interfaces/local/lib/python3.10/dist-packages:/opt/ros/humble/lib/python3.10/site-packages:/opt/ros/humble/local/lib/python3.10/dist-packages'), ('COLCON', '1'), ('CMAKE_PREFIX_PATH', '/ros2_ws/install/mapviz:/ros2_ws/install/mapviz_interfaces:/opt/ros/humble')]), 'shell': False}
[73.463341] (tile_map) StdoutLine: {'line': b'-- Configuring done\n'}
[73.480940] (-) TimerEvent: {}
[73.508623] (tile_map) StdoutLine: {'line': b'-- Generating done\n'}
[73.513636] (multires_image) StdoutLine: {'line': b'[  4%] Generating include/multires_image/moc_tile_cache.cpp\n'}
[73.519889] (tile_map) StdoutLine: {'line': b'-- Build files have been written to: /ros2_ws/build/tile_map\n'}
[73.549460] (tile_map) CommandEnded: {'returncode': 0}
[73.555917] (tile_map) JobProgress: {'identifier': 'tile_map', 'progress': 'build'}
[73.557068] (tile_map) Command: {'cmd': ['/usr/bin/cmake', '--build', '/ros2_ws/build/tile_map', '--', '-j4', '-l4'], 'cwd': '/ros2_ws/build/tile_map', 'env': OrderedDict([('GZ_SIM_RESOURCE_PATH', '/opt/ros/humble/share:/home/ros/ws/install:/home/ros/ws/src'), ('HOSTNAME', 'salus'), ('SHLVL', '0'), ('LD_LIBRARY_PATH', '/ros2_ws/install/mapviz/lib:/ros2_ws/install/mapviz_interfaces/lib:/opt/ros/humble/opt/rviz_ogre_vendor/lib:/opt/ros/humble/lib/aarch64-linux-gnu:/opt/ros/humble/lib'), ('HOME', '/home/ros'), ('OLDPWD', '/ros2_ws'), ('ROS_PYTHON_VERSION', '3'), ('ROS_DISTRO', 'humble'), ('_', '/usr/bin/colcon'), ('ROS_VERSION', '2'), ('ROS_LOCALHOST_ONLY', '0'), ('QT_X11_NO_MITSHM', '1'), ('PATH', '/opt/ros/humble/bin:/usr/local/sbin:/usr/local/bin:/usr/sbin:/usr/bin:/sbin:/bin'), ('DISPLAY', ''), ('LANG', 'C.UTF-8'), ('XAUTHORITY', '/home/ros/.Xauthority'), ('AMENT_PREFIX_PATH', '/ros2_ws/install/mapviz:/ros2_ws/install/mapviz_interfaces:/opt/ros/humble'), ('DEBIAN_FRONTEND', 'noninteractive'), ('IGN_GAZEBO_RESOURCE_PATH', '/opt/ros/humble/share:/home/ros/ws/install:/home/ros/ws/src'), ('GZ_VERSION', 'fortress'), ('PWD', '/ros2_ws/build/tile_map'), ('TURTLEBOT3_MODEL', 'waffle'), ('LC_ALL', 'C.UTF-8'), ('RCUTILS_COLORIZED_OUTPUT', '1'), ('PYTHONPATH', '/ros2_ws/install/mapviz_interfaces/local/lib/python3.10/dist-packages:/opt/ros/humble/lib/python3.10/site-packages:/opt/ros/humble/local/lib/python3.10/dist-packages'), ('COLCON', '1'), ('CMAKE_PREFIX_PATH', '/ros2_ws/install/mapviz:/ros2_ws/install/mapviz_interfaces:/opt/ros/humble')]), 'shell': False}
[73.557585] (multires_image) StdoutLine: {'line': b'[  8%] Building CXX object CMakeFiles/multires_image.dir/src/tile_cache.cpp.o\n'}
[73.557709] (multires_image) StdoutLine: {'line': b'[ 12%] Building CXX object CMakeFiles/multires_image.dir/src/tile_set_layer.cpp.o\n'}
[73.564035] (multires_image) StdoutLine: {'line': b'[ 16%] Building CXX object CMakeFiles/multires_image.dir/src/tile.cpp.o\n'}
[73.568371] (multires_image) StdoutLine: {'line': b'[ 20%] Building CXX object CMakeFiles/multires_image.dir/src/tile_set.cpp.o\n'}
[73.583830] (-) TimerEvent: {}
[73.667778] (mapviz_plugins) StdoutLine: {'line': b'-- Configuring done\n'}
[73.668026] (tile_map) StdoutLine: {'line': b'[  4%] Generating include/tile_map/moc_wmts_source.cpp\n'}
[73.679610] (tile_map) StdoutLine: {'line': b'[  8%] Generating include/tile_map/moc_bing_source.cpp\n'}
[73.681566] (tile_map) StdoutLine: {'line': b'[ 17%] Generating include/tile_map/moc_stadia_source.cpp\n'}
[73.684639] (tile_map) StdoutLine: {'line': b'[ 13%] Generating include/tile_map/moc_image_cache.cpp\n'}
[73.684909] (-) TimerEvent: {}
[73.700951] (tile_map) StdoutLine: {'line': b'[ 21%] Generating include/tile_map/moc_tile_source.cpp\n'}
[73.754899] (mapviz_plugins) StdoutLine: {'line': b'-- Generating done\n'}
[73.768629] (tile_map) StdoutLine: {'line': b'[ 26%] Building CXX object CMakeFiles/tile_map.dir/src/image_cache.cpp.o\n'}
[73.768960] (mapviz_plugins) StdoutLine: {'line': b'-- Build files have been written to: /ros2_ws/build/mapviz_plugins\n'}
[73.773364] (tile_map) StdoutLine: {'line': b'[ 30%] Building CXX object CMakeFiles/tile_map.dir/src/texture_cache.cpp.o\n'}
[73.774996] (tile_map) StdoutLine: {'line': b'[ 34%] Building CXX object CMakeFiles/tile_map.dir/src/bing_source.cpp.o\n'}
[73.787858] (-) TimerEvent: {}
[73.793932] (tile_map) StdoutLine: {'line': b'[ 39%] Building CXX object CMakeFiles/tile_map.dir/src/stadia_source.cpp.o\n'}
[73.815801] (mapviz_plugins) CommandEnded: {'returncode': 0}
[73.820170] (mapviz_plugins) JobProgress: {'identifier': 'mapviz_plugins', 'progress': 'build'}
[73.820228] (mapviz_plugins) Command: {'cmd': ['/usr/bin/cmake', '--build', '/ros2_ws/build/mapviz_plugins', '--', '-j4', '-l4'], 'cwd': '/ros2_ws/build/mapviz_plugins', 'env': OrderedDict([('GZ_SIM_RESOURCE_PATH', '/opt/ros/humble/share:/home/ros/ws/install:/home/ros/ws/src'), ('HOSTNAME', 'salus'), ('SHLVL', '0'), ('LD_LIBRARY_PATH', '/ros2_ws/install/mapviz/lib:/ros2_ws/install/mapviz_interfaces/lib:/opt/ros/humble/opt/rviz_ogre_vendor/lib:/opt/ros/humble/lib/aarch64-linux-gnu:/opt/ros/humble/lib'), ('HOME', '/home/ros'), ('OLDPWD', '/ros2_ws'), ('ROS_PYTHON_VERSION', '3'), ('ROS_DISTRO', 'humble'), ('_', '/usr/bin/colcon'), ('ROS_VERSION', '2'), ('ROS_LOCALHOST_ONLY', '0'), ('QT_X11_NO_MITSHM', '1'), ('PATH', '/opt/ros/humble/bin:/usr/local/sbin:/usr/local/bin:/usr/sbin:/usr/bin:/sbin:/bin'), ('DISPLAY', ''), ('LANG', 'C.UTF-8'), ('XAUTHORITY', '/home/ros/.Xauthority'), ('AMENT_PREFIX_PATH', '/ros2_ws/install/mapviz:/ros2_ws/install/mapviz_interfaces:/opt/ros/humble'), ('DEBIAN_FRONTEND', 'noninteractive'), ('IGN_GAZEBO_RESOURCE_PATH', '/opt/ros/humble/share:/home/ros/ws/install:/home/ros/ws/src'), ('GZ_VERSION', 'fortress'), ('PWD', '/ros2_ws/build/mapviz_plugins'), ('TURTLEBOT3_MODEL', 'waffle'), ('LC_ALL', 'C.UTF-8'), ('RCUTILS_COLORIZED_OUTPUT', '1'), ('PYTHONPATH', '/ros2_ws/install/mapviz_interfaces/local/lib/python3.10/dist-packages:/opt/ros/humble/lib/python3.10/site-packages:/opt/ros/humble/local/lib/python3.10/dist-packages'), ('COLCON', '1'), ('CMAKE_PREFIX_PATH', '/ros2_ws/install/mapviz:/ros2_ws/install/mapviz_interfaces:/opt/ros/humble')]), 'shell': False}
[73.887973] (-) TimerEvent: {}
[73.916485] (mapviz_plugins) StdoutLine: {'line': b'[  1%] Generating ui_topicselect.h\n'}
[73.927770] (mapviz_plugins) StdoutLine: {'line': b'[  2%] Generating include/mapviz_plugins/moc_coordinate_picker_plugin.cpp\n'}
[73.931338] (mapviz_plugins) StdoutLine: {'line': b'[  2%] Generating include/mapviz_plugins/moc_attitude_indicator_plugin.cpp\n'}
[73.935955] (mapviz_plugins) StdoutLine: {'line': b'[  3%] Generating include/mapviz_plugins/moc_canvas_click_filter.cpp\n'}
[73.951461] (mapviz_plugins) StdoutLine: {'line': b'[  4%] Generating include/mapviz_plugins/moc_disparity_plugin.cpp\n'}
[73.968947] (mapviz_plugins) StdoutLine: {'line': b'[  5%] Generating include/mapviz_plugins/moc_float_plugin.cpp\n'}
[73.969180] (mapviz_plugins) StdoutLine: {'line': b'[  6%] Generating include/mapviz_plugins/moc_draw_polygon_plugin.cpp\n'}
[73.988095] (-) TimerEvent: {}
[74.002027] (mapviz_plugins) StdoutLine: {'line': b'[  7%] Generating include/mapviz_plugins/moc_gps_plugin.cpp\n'}
[74.007982] (mapviz_plugins) StdoutLine: {'line': b'[  9%] Generating include/mapviz_plugins/moc_grid_plugin.cpp\n'}
[74.008237] (mapviz_plugins) StdoutLine: {'line': b'[  9%] Generating include/mapviz_plugins/moc_image_plugin.cpp\n'}
[74.058632] (mapviz_plugins) StdoutLine: {'line': b'[ 10%] Generating include/mapviz_plugins/moc_marker_plugin.cpp\n'}
[74.058938] (mapviz_plugins) StdoutLine: {'line': b'[ 10%] Generating include/mapviz_plugins/moc_measuring_plugin.cpp\n'}
[74.059048] (mapviz_plugins) StdoutLine: {'line': b'[ 11%] Generating include/mapviz_plugins/moc_navsat_plugin.cpp\n'}
[74.062652] (mapviz_plugins) StdoutLine: {'line': b'[ 12%] Generating include/mapviz_plugins/moc_laserscan_plugin.cpp\n'}
[74.091780] (-) TimerEvent: {}
[74.092573] (mapviz_plugins) StdoutLine: {'line': b'[ 13%] Generating include/mapviz_plugins/moc_occupancy_grid_plugin.cpp\n'}
[74.111767] (mapviz_plugins) StdoutLine: {'line': b'[ 14%] Generating include/mapviz_plugins/moc_path_plugin.cpp\n'}
[74.112111] (mapviz_plugins) StdoutLine: {'line': b'[ 15%] Generating include/mapviz_plugins/moc_placeable_window_proxy.cpp\n'}
[74.119756] (mapviz_plugins) StdoutLine: {'line': b'[ 16%] Generating include/mapviz_plugins/moc_odometry_plugin.cpp\n'}
[74.133374] (mapviz_plugins) StdoutLine: {'line': b'[ 17%] Generating include/mapviz_plugins/moc_plan_route_plugin.cpp\n'}
[74.155763] (mapviz_plugins) StdoutLine: {'line': b'[ 18%] Generating include/mapviz_plugins/moc_point_click_publisher_plugin.cpp\n'}
[74.163794] (mapviz_plugins) StdoutLine: {'line': b'[ 19%] Generating include/mapviz_plugins/moc_point_drawing_plugin.cpp\n'}
[74.166066] (mapviz_plugins) StdoutLine: {'line': b'[ 20%] Generating include/mapviz_plugins/moc_pose_plugin.cpp\n'}
[74.174111] (mapviz_plugins) StdoutLine: {'line': b'[ 20%] Generating include/mapviz_plugins/moc_robot_image_plugin.cpp\n'}
[74.182385] (mapviz_plugins) StdoutLine: {'line': b'[ 21%] Generating include/mapviz_plugins/moc_pointcloud2_plugin.cpp\n'}
[74.191891] (-) TimerEvent: {}
[74.212830] (mapviz_plugins) StdoutLine: {'line': b'[ 22%] Generating include/mapviz_plugins/moc_string_plugin.cpp\n'}
[74.228878] (mapviz_plugins) StdoutLine: {'line': b'[ 23%] Generating include/mapviz_plugins/moc_tf_frame_plugin.cpp\n'}
[74.242115] (mapviz_plugins) StdoutLine: {'line': b'[ 24%] Generating include/mapviz_plugins/moc_route_plugin.cpp\n'}
[74.248849] (mapviz_plugins) StdoutLine: {'line': b'[ 25%] Generating include/mapviz_plugins/moc_topic_select.cpp\n'}
[74.249173] (mapviz_plugins) StdoutLine: {'line': b'[ 26%] Generating include/mapviz_plugins/moc_textured_marker_plugin.cpp\n'}
[74.271781] (mapviz_plugins) StdoutLine: {'line': b'[ 27%] Generating ui_attitude_indicator_config.h\n'}
[74.295777] (mapviz_plugins) StdoutLine: {'line': b'[ 28%] Generating ui_draw_polygon_config.h\n'}
[74.296180] (-) TimerEvent: {}
[74.297573] (mapviz_plugins) StdoutLine: {'line': b'[ 29%] Generating ui_coordinate_picker_config.h\n'}
[74.298602] (mapviz_plugins) StdoutLine: {'line': b'[ 30%] Generating ui_disparity_config.h\n'}
[74.339752] (mapviz_plugins) StdoutLine: {'line': b'[ 31%] Generating ui_float_config.h\n'}
[74.348605] (mapviz_plugins) StdoutLine: {'line': b'[ 31%] Generating ui_gps_config.h\n'}
[74.353854] (mapviz_plugins) StdoutLine: {'line': b'[ 32%] Generating ui_grid_config.h\n'}
[74.367944] (mapviz_plugins) StdoutLine: {'line': b'[ 33%] Generating ui_image_config.h\n'}
[74.379787] (mapviz_plugins) StdoutLine: {'line': b'[ 34%] Generating ui_laserscan_config.h\n'}
[74.399831] (-) TimerEvent: {}
[74.403152] (mapviz_plugins) StdoutLine: {'line': b'[ 35%] Generating ui_marker_config.h\n'}
[74.427755] (mapviz_plugins) StdoutLine: {'line': b'[ 36%] Generating ui_occupancy_grid_config.h\n'}
[74.432494] (mapviz_plugins) StdoutLine: {'line': b'[ 37%] Generating ui_measuring_config.h\n'}
[74.433002] (mapviz_plugins) StdoutLine: {'line': b'[ 38%] Generating ui_navsat_config.h\n'}
[74.463772] (mapviz_plugins) StdoutLine: {'line': b'[ 39%] Generating ui_odometry_config.h\n'}
[74.470265] (mapviz_plugins) StdoutLine: {'line': b'[ 40%] Generating ui_path_config.h\n'}
[74.494956] (mapviz_plugins) StdoutLine: {'line': b'[ 41%] Generating ui_plan_route_config.h\n'}
[74.495233] (mapviz_plugins) StdoutLine: {'line': b'[ 41%] Generating ui_point_click_publisher_config.h\n'}
[74.500052] (-) TimerEvent: {}
[74.510366] (mapviz_plugins) StdoutLine: {'line': b'[ 42%] Generating ui_pointcloud2_config.h\n'}
[74.534092] (mapviz_plugins) StdoutLine: {'line': b'[ 43%] Generating ui_pose_config.h\n'}
[74.558994] (mapviz_plugins) StdoutLine: {'line': b'[ 44%] Generating ui_route_config.h\n'}
[74.575772] (mapviz_plugins) StdoutLine: {'line': b'[ 46%] Generating ui_string_config.h\n'}
[74.576242] (mapviz_plugins) StdoutLine: {'line': b'[ 46%] Generating ui_robot_image_config.h\n'}
[74.601145] (mapviz_plugins) StdoutLine: {'line': b'[ 47%] Generating ui_textured_marker_config.h\n'}
[74.601434] (-) TimerEvent: {}
[74.641052] (mapviz_plugins) StdoutLine: {'line': b'[ 48%] Generating ui_tf_frame_config.h\n'}
[74.701585] (-) TimerEvent: {}
[74.755098] (mapviz_plugins) StdoutLine: {'line': b'[ 49%] Building CXX object CMakeFiles/mapviz_plugins.dir/include/mapviz_plugins/moc_attitude_indicator_plugin.cpp.o\n'}
[74.790951] (mapviz_plugins) StdoutLine: {'line': b'[ 50%] Building CXX object CMakeFiles/mapviz_plugins.dir/include/mapviz_plugins/moc_disparity_plugin.cpp.o\n'}
[74.796501] (mapviz_plugins) StdoutLine: {'line': b'[ 51%] Building CXX object CMakeFiles/mapviz_plugins.dir/include/mapviz_plugins/moc_canvas_click_filter.cpp.o\n'}
[74.796742] (mapviz_plugins) StdoutLine: {'line': b'[ 51%] Building CXX object CMakeFiles/mapviz_plugins.dir/include/mapviz_plugins/moc_coordinate_picker_plugin.cpp.o\n'}
[74.807803] (-) TimerEvent: {}
[74.911771] (-) TimerEvent: {}
[75.012026] (-) TimerEvent: {}
[75.115759] (-) TimerEvent: {}
[75.219760] (-) TimerEvent: {}
[75.323768] (-) TimerEvent: {}
[75.427753] (-) TimerEvent: {}
[75.531769] (-) TimerEvent: {}
[75.641214] (-) TimerEvent: {}
[75.741750] (-) TimerEvent: {}
[75.842591] (-) TimerEvent: {}
[75.942902] (-) TimerEvent: {}
[76.043217] (-) TimerEvent: {}
[76.155927] (-) TimerEvent: {}
[76.256365] (-) TimerEvent: {}
[76.356644] (-) TimerEvent: {}
[76.456912] (-) TimerEvent: {}
[76.557195] (-) TimerEvent: {}
[76.657488] (-) TimerEvent: {}
[76.757765] (-) TimerEvent: {}
[76.859786] (-) TimerEvent: {}
[76.963763] (-) TimerEvent: {}
[77.064034] (-) TimerEvent: {}
[77.164314] (-) TimerEvent: {}
[77.264589] (-) TimerEvent: {}
[77.367763] (-) TimerEvent: {}
[77.468027] (-) TimerEvent: {}
[77.571756] (-) TimerEvent: {}
[77.672019] (-) TimerEvent: {}
[77.772283] (-) TimerEvent: {}
[77.872552] (-) TimerEvent: {}
[77.972883] (-) TimerEvent: {}
[78.073147] (-) TimerEvent: {}
[78.173409] (-) TimerEvent: {}
[78.273670] (-) TimerEvent: {}
[78.373935] (-) TimerEvent: {}
[78.423295] (mapviz_plugins) StdoutLine: {'line': b'[ 52%] Building CXX object CMakeFiles/mapviz_plugins.dir/include/mapviz_plugins/moc_draw_polygon_plugin.cpp.o\n'}
[78.474124] (-) TimerEvent: {}
[78.502397] (tile_map) StdoutLine: {'line': b'[ 43%] Building CXX object CMakeFiles/tile_map.dir/src/tile_source.cpp.o\n'}
[78.574819] (-) TimerEvent: {}
[78.675088] (-) TimerEvent: {}
[78.775427] (-) TimerEvent: {}
[78.878093] (-) TimerEvent: {}
[78.979392] (-) TimerEvent: {}
[79.083783] (-) TimerEvent: {}
[79.184201] (-) TimerEvent: {}
[79.287759] (-) TimerEvent: {}
[79.391769] (-) TimerEvent: {}
[79.443811] (tile_map) StdoutLine: {'line': b'[ 47%] Building CXX object CMakeFiles/tile_map.dir/src/wmts_source.cpp.o\n'}
[79.495751] (-) TimerEvent: {}
[79.599214] (-) TimerEvent: {}
[79.703789] (-) TimerEvent: {}
[79.807805] (-) TimerEvent: {}
[79.911762] (-) TimerEvent: {}
[80.015770] (-) TimerEvent: {}
[80.119236] (-) TimerEvent: {}
[80.219714] (-) TimerEvent: {}
[80.320126] (-) TimerEvent: {}
[80.423944] (-) TimerEvent: {}
[80.524300] (-) TimerEvent: {}
[80.627770] (-) TimerEvent: {}
[80.728169] (-) TimerEvent: {}
[80.828555] (-) TimerEvent: {}
[80.939251] (-) TimerEvent: {}
[81.040027] (-) TimerEvent: {}
[81.147776] (-) TimerEvent: {}
[81.248195] (-) TimerEvent: {}
[81.348601] (-) TimerEvent: {}
[81.449153] (-) TimerEvent: {}
[81.549589] (-) TimerEvent: {}
[81.659772] (-) TimerEvent: {}
[81.760407] (-) TimerEvent: {}
[81.863768] (-) TimerEvent: {}
[81.971855] (-) TimerEvent: {}
[82.075871] (-) TimerEvent: {}
[82.183773] (-) TimerEvent: {}
[82.269669] (tile_map) StdoutLine: {'line': b'[ 52%] Building CXX object CMakeFiles/tile_map.dir/src/tile_map_view.cpp.o\n'}
[82.286037] (-) TimerEvent: {}
[82.386525] (-) TimerEvent: {}
[82.486976] (-) TimerEvent: {}
[82.587448] (-) TimerEvent: {}
[82.687905] (-) TimerEvent: {}
[82.788354] (-) TimerEvent: {}
[82.895830] (-) TimerEvent: {}
[83.025727] (-) TimerEvent: {}
[83.131838] (-) TimerEvent: {}
[83.232307] (-) TimerEvent: {}
[83.332809] (-) TimerEvent: {}
[83.434174] (-) TimerEvent: {}
[83.535801] (-) TimerEvent: {}
[83.636267] (-) TimerEvent: {}
[83.736682] (-) TimerEvent: {}
[83.837077] (-) TimerEvent: {}
[83.937466] (-) TimerEvent: {}
[84.038261] (-) TimerEvent: {}
[84.140267] (-) TimerEvent: {}
[84.240688] (-) TimerEvent: {}
[84.341099] (-) TimerEvent: {}
[84.441499] (-) TimerEvent: {}
[84.541914] (-) TimerEvent: {}
[84.647743] (-) TimerEvent: {}
[84.748124] (-) TimerEvent: {}
[84.848521] (-) TimerEvent: {}
[84.951757] (-) TimerEvent: {}
[85.052162] (-) TimerEvent: {}
[85.152580] (-) TimerEvent: {}
[85.252996] (-) TimerEvent: {}
[85.355792] (-) TimerEvent: {}
[85.456220] (-) TimerEvent: {}
[85.556657] (-) TimerEvent: {}
[85.657077] (-) TimerEvent: {}
[85.757479] (-) TimerEvent: {}
[85.859223] (-) TimerEvent: {}
[85.962902] (-) TimerEvent: {}
[86.063348] (-) TimerEvent: {}
[86.163785] (-) TimerEvent: {}
[86.267762] (-) TimerEvent: {}
[86.368218] (-) TimerEvent: {}
[86.468625] (-) TimerEvent: {}
[86.569001] (-) TimerEvent: {}
[86.669405] (-) TimerEvent: {}
[86.769816] (-) TimerEvent: {}
[86.870241] (-) TimerEvent: {}
[86.970658] (-) TimerEvent: {}
[87.071079] (-) TimerEvent: {}
[87.171487] (-) TimerEvent: {}
[87.271947] (-) TimerEvent: {}
[87.372397] (-) TimerEvent: {}
[87.472832] (-) TimerEvent: {}
[87.575769] (-) TimerEvent: {}
[87.676161] (-) TimerEvent: {}
[87.779769] (-) TimerEvent: {}
[87.883754] (-) TimerEvent: {}
[87.984158] (-) TimerEvent: {}
[88.084561] (-) TimerEvent: {}
[88.184979] (-) TimerEvent: {}
[88.285394] (-) TimerEvent: {}
[88.385802] (-) TimerEvent: {}
[88.486186] (-) TimerEvent: {}
[88.586577] (-) TimerEvent: {}
[88.687005] (-) TimerEvent: {}
[88.787418] (-) TimerEvent: {}
[88.891768] (-) TimerEvent: {}
[88.995907] (-) TimerEvent: {}
[89.099757] (-) TimerEvent: {}
[89.200178] (-) TimerEvent: {}
[89.300581] (-) TimerEvent: {}
[89.401002] (-) TimerEvent: {}
[89.501400] (-) TimerEvent: {}
[89.623851] (-) TimerEvent: {}
[89.735881] (-) TimerEvent: {}
[89.836297] (-) TimerEvent: {}
[89.946239] (-) TimerEvent: {}
[90.046492] (-) TimerEvent: {}
[90.164428] (-) TimerEvent: {}
[90.264819] (-) TimerEvent: {}
[90.379794] (-) TimerEvent: {}
[90.483758] (-) TimerEvent: {}
[90.585353] (-) TimerEvent: {}
[90.685755] (-) TimerEvent: {}
[90.786145] (-) TimerEvent: {}
[90.886519] (-) TimerEvent: {}
[90.991748] (-) TimerEvent: {}
[91.100048] (-) TimerEvent: {}
[91.200462] (-) TimerEvent: {}
[91.300976] (-) TimerEvent: {}
[91.401407] (-) TimerEvent: {}
[91.501885] (-) TimerEvent: {}
[91.602342] (-) TimerEvent: {}
[91.702742] (-) TimerEvent: {}
[91.803232] (-) TimerEvent: {}
[91.903975] (-) TimerEvent: {}
[92.004359] (-) TimerEvent: {}
[92.105130] (-) TimerEvent: {}
[92.205922] (-) TimerEvent: {}
[92.307056] (-) TimerEvent: {}
[92.407437] (-) TimerEvent: {}
[92.508480] (-) TimerEvent: {}
[92.608953] (-) TimerEvent: {}
[92.710206] (-) TimerEvent: {}
[92.810883] (-) TimerEvent: {}
[92.911376] (-) TimerEvent: {}
[93.014868] (-) TimerEvent: {}
[93.115245] (-) TimerEvent: {}
[93.215526] (-) TimerEvent: {}
[93.319928] (-) TimerEvent: {}
[93.471792] (-) TimerEvent: {}
[93.583743] (-) TimerEvent: {}
[93.699780] (-) TimerEvent: {}
[93.800066] (-) TimerEvent: {}
[93.907877] (-) TimerEvent: {}
[94.008301] (-) TimerEvent: {}
[94.115793] (-) TimerEvent: {}
[94.219898] (-) TimerEvent: {}
[94.323875] (-) TimerEvent: {}
[94.439751] (-) TimerEvent: {}
[94.543800] (-) TimerEvent: {}
[94.647790] (-) TimerEvent: {}
[94.748208] (-) TimerEvent: {}
[94.851797] (-) TimerEvent: {}
[94.955767] (-) TimerEvent: {}
[95.061780] (-) TimerEvent: {}
[95.189849] (-) TimerEvent: {}
[95.298752] (-) TimerEvent: {}
[95.399760] (-) TimerEvent: {}
[95.501220] (-) TimerEvent: {}
[95.604434] (-) TimerEvent: {}
[95.704843] (-) TimerEvent: {}
[95.832631] (-) TimerEvent: {}
[95.935925] (-) TimerEvent: {}
[96.036520] (-) TimerEvent: {}
[96.137383] (-) TimerEvent: {}
[96.237882] (-) TimerEvent: {}
[96.340761] (-) TimerEvent: {}
[96.441332] (-) TimerEvent: {}
[96.548177] (-) TimerEvent: {}
[96.651829] (-) TimerEvent: {}
[96.752085] (-) TimerEvent: {}
[96.853343] (-) TimerEvent: {}
[96.953736] (-) TimerEvent: {}
[97.059769] (-) TimerEvent: {}
[97.163818] (-) TimerEvent: {}
[97.264246] (-) TimerEvent: {}
[97.364679] (-) TimerEvent: {}
[97.465075] (-) TimerEvent: {}
[97.578894] (-) TimerEvent: {}
[97.679340] (-) TimerEvent: {}
[97.779767] (-) TimerEvent: {}
[97.880186] (-) TimerEvent: {}
[97.980433] (-) TimerEvent: {}
[98.081446] (-) TimerEvent: {}
[98.181974] (-) TimerEvent: {}
[98.286040] (-) TimerEvent: {}
[98.386310] (-) TimerEvent: {}
[98.491491] (-) TimerEvent: {}
[98.591915] (-) TimerEvent: {}
[98.694726] (-) TimerEvent: {}
[98.795139] (-) TimerEvent: {}
[98.895560] (-) TimerEvent: {}
[98.996025] (-) TimerEvent: {}
[99.102921] (-) TimerEvent: {}
[99.239828] (-) TimerEvent: {}
[99.344987] (-) TimerEvent: {}
[99.445407] (-) TimerEvent: {}
[99.547817] (-) TimerEvent: {}
[99.651679] (-) TimerEvent: {}
[99.755843] (-) TimerEvent: {}
[99.859757] (-) TimerEvent: {}
[99.963813] (-) TimerEvent: {}
[100.064372] (-) TimerEvent: {}
[100.165751] (-) TimerEvent: {}
[100.267182] (-) TimerEvent: {}
[100.369628] (-) TimerEvent: {}
[100.469940] (-) TimerEvent: {}
[100.570217] (-) TimerEvent: {}
[100.692499] (-) TimerEvent: {}
[100.799756] (-) TimerEvent: {}
[100.900142] (-) TimerEvent: {}
[101.007764] (-) TimerEvent: {}
[101.122359] (-) TimerEvent: {}
[101.223488] (-) TimerEvent: {}
[101.323946] (-) TimerEvent: {}
[101.424340] (-) TimerEvent: {}
[101.531761] (-) TimerEvent: {}
[101.633526] (-) TimerEvent: {}
[101.733972] (-) TimerEvent: {}
[101.834373] (-) TimerEvent: {}
[101.937265] (-) TimerEvent: {}
[102.037635] (-) TimerEvent: {}
[102.153151] (-) TimerEvent: {}
[102.253552] (-) TimerEvent: {}
[102.355964] (-) TimerEvent: {}
[102.456250] (-) TimerEvent: {}
[102.556697] (-) TimerEvent: {}
[102.657129] (-) TimerEvent: {}
[102.757608] (-) TimerEvent: {}
[102.858088] (-) TimerEvent: {}
[102.958502] (-) TimerEvent: {}
[103.058920] (-) TimerEvent: {}
[103.163945] (-) TimerEvent: {}
[103.264357] (-) TimerEvent: {}
[103.364763] (-) TimerEvent: {}
[103.465263] (-) TimerEvent: {}
[103.565673] (-) TimerEvent: {}
[103.666077] (-) TimerEvent: {}
[103.766483] (-) TimerEvent: {}
[103.866866] (-) TimerEvent: {}
[103.967265] (-) TimerEvent: {}
[104.067745] (-) TimerEvent: {}
[104.168160] (-) TimerEvent: {}
[104.268582] (-) TimerEvent: {}
[104.368985] (-) TimerEvent: {}
[104.469380] (-) TimerEvent: {}
[104.569774] (-) TimerEvent: {}
[104.670180] (-) TimerEvent: {}
[104.770636] (-) TimerEvent: {}
[104.871055] (-) TimerEvent: {}
[104.971494] (-) TimerEvent: {}
[105.075909] (-) TimerEvent: {}
[105.176353] (-) TimerEvent: {}
[105.276766] (-) TimerEvent: {}
[105.377169] (-) TimerEvent: {}
[105.477603] (-) TimerEvent: {}
[105.578017] (-) TimerEvent: {}
[105.678447] (-) TimerEvent: {}
[105.778863] (-) TimerEvent: {}
[105.879311] (-) TimerEvent: {}
[105.979800] (-) TimerEvent: {}
[106.080151] (-) TimerEvent: {}
[106.162740] (multires_image) StdoutLine: {'line': b'[ 25%] Building CXX object CMakeFiles/multires_image.dir/include/multires_image/moc_tile_cache.cpp.o\n'}
[106.171857] (mapviz_plugins) StdoutLine: {'line': b'[ 53%] Building CXX object CMakeFiles/mapviz_plugins.dir/include/mapviz_plugins/moc_grid_plugin.cpp.o\n'}
[106.180232] (-) TimerEvent: {}
[106.280489] (-) TimerEvent: {}
[106.291909] (tile_map) StdoutLine: {'line': b'[ 56%] Building CXX object CMakeFiles/tile_map.dir/include/tile_map/moc_wmts_source.cpp.o\n'}
[106.380603] (-) TimerEvent: {}
[106.480923] (-) TimerEvent: {}
[106.581133] (-) TimerEvent: {}
[106.682262] (-) TimerEvent: {}
[106.782850] (-) TimerEvent: {}
[106.883086] (-) TimerEvent: {}
[106.983415] (-) TimerEvent: {}
[107.083750] (-) TimerEvent: {}
[107.183988] (-) TimerEvent: {}
[107.284212] (-) TimerEvent: {}
[107.384425] (-) TimerEvent: {}
[107.525718] (-) TimerEvent: {}
[107.625922] (-) TimerEvent: {}
[107.643768] (tile_map) StdoutLine: {'line': b'[ 60%] Building CXX object CMakeFiles/tile_map.dir/include/tile_map/moc_bing_source.cpp.o\n'}
[107.726047] (-) TimerEvent: {}
[107.826916] (-) TimerEvent: {}
[107.927181] (-) TimerEvent: {}
[108.027453] (-) TimerEvent: {}
[108.127766] (-) TimerEvent: {}
[108.228031] (-) TimerEvent: {}
[108.328413] (-) TimerEvent: {}
[108.428671] (-) TimerEvent: {}
[108.528948] (-) TimerEvent: {}
[108.629218] (-) TimerEvent: {}
[108.729474] (-) TimerEvent: {}
[108.829738] (-) TimerEvent: {}
[108.955215] (-) TimerEvent: {}
[109.057080] (-) TimerEvent: {}
[109.157349] (-) TimerEvent: {}
[109.257605] (-) TimerEvent: {}
[109.357888] (-) TimerEvent: {}
[109.458213] (-) TimerEvent: {}
[109.553843] (tile_map) StdoutLine: {'line': b'[ 65%] Building CXX object CMakeFiles/tile_map.dir/include/tile_map/moc_stadia_source.cpp.o\n'}
[109.558321] (-) TimerEvent: {}
[109.658571] (-) TimerEvent: {}
[109.758822] (-) TimerEvent: {}
[109.859078] (-) TimerEvent: {}
[109.959399] (-) TimerEvent: {}
[110.059705] (-) TimerEvent: {}
[110.159953] (-) TimerEvent: {}
[110.260227] (-) TimerEvent: {}
[110.360484] (-) TimerEvent: {}
[110.460740] (-) TimerEvent: {}
[110.560993] (-) TimerEvent: {}
[110.660794] (tile_map) StdoutLine: {'line': b'[ 69%] Building CXX object CMakeFiles/tile_map.dir/include/tile_map/moc_tile_source.cpp.o\n'}
[110.661155] (-) TimerEvent: {}
[110.761354] (-) TimerEvent: {}
[110.861597] (-) TimerEvent: {}
[110.961904] (-) TimerEvent: {}
[111.062297] (-) TimerEvent: {}
[111.162610] (-) TimerEvent: {}
[111.262879] (-) TimerEvent: {}
[111.363155] (-) TimerEvent: {}
[111.463605] (-) TimerEvent: {}
[111.563905] (-) TimerEvent: {}
[111.664337] (-) TimerEvent: {}
[111.764568] (-) TimerEvent: {}
[111.830374] (tile_map) StdoutLine: {'line': b'[ 73%] Building CXX object CMakeFiles/tile_map.dir/include/tile_map/moc_image_cache.cpp.o\n'}
[111.864735] (-) TimerEvent: {}
[111.965139] (-) TimerEvent: {}
[112.065389] (-) TimerEvent: {}
[112.165651] (-) TimerEvent: {}
[112.265922] (-) TimerEvent: {}
[112.366176] (-) TimerEvent: {}
[112.466429] (-) TimerEvent: {}
[112.566817] (-) TimerEvent: {}
[112.667075] (-) TimerEvent: {}
[112.767466] (-) TimerEvent: {}
[112.867765] (-) TimerEvent: {}
[112.968402] (-) TimerEvent: {}
[113.068650] (-) TimerEvent: {}
[113.169298] (-) TimerEvent: {}
[113.270970] (-) TimerEvent: {}
[113.371228] (-) TimerEvent: {}
[113.471489] (-) TimerEvent: {}
[113.571753] (-) TimerEvent: {}
[113.672006] (-) TimerEvent: {}
[113.706282] (tile_map) StdoutLine: {'line': b'[ 78%] Linking CXX static library libtile_map.a\n'}
[113.772122] (-) TimerEvent: {}
[113.833936] (tile_map) StdoutLine: {'line': b'[ 78%] Built target tile_map\n'}
[113.850620] (tile_map) StdoutLine: {'line': b'[ 82%] Generating ui_tile_map_config.h\n'}
[113.872238] (-) TimerEvent: {}
[113.972501] (-) TimerEvent: {}
[114.001508] (tile_map) StdoutLine: {'line': b'[ 86%] Generating include/tile_map/moc_tile_map_plugin.cpp\n'}
[114.031147] (multires_image) StdoutLine: {'line': b'[ 29%] Linking CXX static library libmultires_image.a\n'}
[114.047680] (tile_map) StdoutLine: {'line': b'[ 91%] Building CXX object CMakeFiles/tile_map_plugin.dir/src/tile_map_plugin.cpp.o\n'}
[114.073613] (-) TimerEvent: {}
[114.090249] (multires_image) StdoutLine: {'line': b'[ 29%] Built target multires_image\n'}
[114.102002] (multires_image) StdoutLine: {'line': b'[ 33%] Generating ui_multires_config.h\n'}
[114.119016] (multires_image) StdoutLine: {'line': b'[ 37%] Generating ui_QGLMap.h\n'}
[114.136022] (multires_image) StdoutLine: {'line': b'[ 41%] Generating include/multires_image/moc_QGLMap.cpp\n'}
[114.163189] (multires_image) StdoutLine: {'line': b'[ 45%] Building CXX object CMakeFiles/multires_widget.dir/src/tile_view.cpp.o\n'}
[114.173742] (-) TimerEvent: {}
[114.273987] (-) TimerEvent: {}
[114.374265] (-) TimerEvent: {}
[114.467311] (mapviz_plugins) StdoutLine: {'line': b'[ 54%] Building CXX object CMakeFiles/mapviz_plugins.dir/include/mapviz_plugins/moc_image_plugin.cpp.o\n'}
[114.474383] (-) TimerEvent: {}
[114.574660] (-) TimerEvent: {}
[114.674914] (-) TimerEvent: {}
[114.775158] (-) TimerEvent: {}
[114.875448] (-) TimerEvent: {}
[114.979932] (-) TimerEvent: {}
[115.080286] (-) TimerEvent: {}
[115.180576] (-) TimerEvent: {}
[115.280847] (-) TimerEvent: {}
[115.381128] (-) TimerEvent: {}
[115.481419] (-) TimerEvent: {}
[115.581686] (-) TimerEvent: {}
[115.681955] (-) TimerEvent: {}
[115.782220] (-) TimerEvent: {}
[115.882515] (-) TimerEvent: {}
[115.982807] (-) TimerEvent: {}
[116.083065] (-) TimerEvent: {}
[116.183349] (-) TimerEvent: {}
[116.283610] (-) TimerEvent: {}
[116.383917] (-) TimerEvent: {}
[116.484179] (-) TimerEvent: {}
[116.584449] (-) TimerEvent: {}
[116.684761] (-) TimerEvent: {}
[116.785048] (-) TimerEvent: {}
[116.885295] (-) TimerEvent: {}
[116.985776] (-) TimerEvent: {}
[117.086039] (-) TimerEvent: {}
[117.186319] (-) TimerEvent: {}
[117.286575] (-) TimerEvent: {}
[117.386828] (-) TimerEvent: {}
[117.487088] (-) TimerEvent: {}
[117.587356] (-) TimerEvent: {}
[117.687605] (-) TimerEvent: {}
[117.787944] (-) TimerEvent: {}
[117.888200] (-) TimerEvent: {}
[117.988456] (-) TimerEvent: {}
[118.088718] (-) TimerEvent: {}
[118.188979] (-) TimerEvent: {}
[118.289233] (-) TimerEvent: {}
[118.389499] (-) TimerEvent: {}
[118.489753] (-) TimerEvent: {}
[118.590025] (-) TimerEvent: {}
[118.690274] (-) TimerEvent: {}
[118.790539] (-) TimerEvent: {}
[118.890801] (-) TimerEvent: {}
[118.991051] (-) TimerEvent: {}
[119.091303] (-) TimerEvent: {}
[119.191905] (-) TimerEvent: {}
[119.292187] (-) TimerEvent: {}
[119.392438] (-) TimerEvent: {}
[119.492708] (-) TimerEvent: {}
[119.593058] (-) TimerEvent: {}
[119.693307] (-) TimerEvent: {}
[119.793732] (-) TimerEvent: {}
[119.894019] (-) TimerEvent: {}
[119.995950] (-) TimerEvent: {}
[120.096336] (-) TimerEvent: {}
[120.196712] (-) TimerEvent: {}
[120.297071] (-) TimerEvent: {}
[120.397463] (-) TimerEvent: {}
[120.497718] (-) TimerEvent: {}
[120.597971] (-) TimerEvent: {}
[120.698222] (-) TimerEvent: {}
[120.798488] (-) TimerEvent: {}
[120.898739] (-) TimerEvent: {}
[120.998981] (-) TimerEvent: {}
[121.099401] (-) TimerEvent: {}
[121.199973] (-) TimerEvent: {}
[121.301976] (-) TimerEvent: {}
[121.402220] (-) TimerEvent: {}
[121.502520] (-) TimerEvent: {}
[121.579525] (multires_image) StdoutLine: {'line': b'[ 50%] Building CXX object CMakeFiles/multires_widget.dir/include/multires_image/moc_QGLMap.cpp.o\n'}
[121.602709] (-) TimerEvent: {}
[121.702958] (-) TimerEvent: {}
[121.803215] (-) TimerEvent: {}
[121.903484] (-) TimerEvent: {}
[122.003762] (-) TimerEvent: {}
[122.104017] (-) TimerEvent: {}
[122.204278] (-) TimerEvent: {}
[122.304537] (-) TimerEvent: {}
[122.404836] (-) TimerEvent: {}
[122.505105] (-) TimerEvent: {}
[122.606010] (-) TimerEvent: {}
[122.611337] (mapviz_plugins) StdoutLine: {'line': b'[ 55%] Building CXX object CMakeFiles/mapviz_plugins.dir/include/mapviz_plugins/moc_laserscan_plugin.cpp.o\n'}
[122.706135] (-) TimerEvent: {}
[122.759405] (tile_map) StdoutLine: {'line': b'[ 95%] Building CXX object CMakeFiles/tile_map_plugin.dir/include/tile_map/moc_tile_map_plugin.cpp.o\n'}
[122.806253] (-) TimerEvent: {}
[122.906486] (-) TimerEvent: {}
[123.006738] (-) TimerEvent: {}
[123.108001] (-) TimerEvent: {}
[123.208236] (-) TimerEvent: {}
[123.308693] (-) TimerEvent: {}
[123.408975] (-) TimerEvent: {}
[123.509190] (-) TimerEvent: {}
[123.611479] (-) TimerEvent: {}
[123.711901] (-) TimerEvent: {}
[123.812576] (-) TimerEvent: {}
[123.915727] (-) TimerEvent: {}
[124.016076] (-) TimerEvent: {}
[124.116447] (-) TimerEvent: {}
[124.216835] (-) TimerEvent: {}
[124.317214] (-) TimerEvent: {}
[124.417614] (-) TimerEvent: {}
[124.517975] (-) TimerEvent: {}
[124.618381] (-) TimerEvent: {}
[124.718763] (-) TimerEvent: {}
[124.819165] (-) TimerEvent: {}
[124.919517] (-) TimerEvent: {}
[125.019885] (-) TimerEvent: {}
[125.120744] (-) TimerEvent: {}
[125.223748] (-) TimerEvent: {}
[125.324023] (-) TimerEvent: {}
[125.424318] (-) TimerEvent: {}
[125.524582] (-) TimerEvent: {}
[125.624881] (-) TimerEvent: {}
[125.725182] (-) TimerEvent: {}
[125.825432] (-) TimerEvent: {}
[125.925679] (-) TimerEvent: {}
[126.025923] (-) TimerEvent: {}
[126.126183] (-) TimerEvent: {}
[126.226456] (-) TimerEvent: {}
[126.326711] (-) TimerEvent: {}
[126.426979] (-) TimerEvent: {}
[126.527601] (-) TimerEvent: {}
[126.627884] (-) TimerEvent: {}
[126.731759] (-) TimerEvent: {}
[126.832007] (-) TimerEvent: {}
[126.932260] (-) TimerEvent: {}
[127.034360] (-) TimerEvent: {}
[127.134594] (-) TimerEvent: {}
[127.234842] (-) TimerEvent: {}
[127.335100] (-) TimerEvent: {}
[127.435721] (-) TimerEvent: {}
[127.536371] (-) TimerEvent: {}
[127.636813] (-) TimerEvent: {}
[127.737734] (-) TimerEvent: {}
[127.838110] (-) TimerEvent: {}
[127.940724] (-) TimerEvent: {}
[128.041107] (-) TimerEvent: {}
[128.141500] (-) TimerEvent: {}
[128.242318] (-) TimerEvent: {}
[128.342916] (-) TimerEvent: {}
[128.444173] (-) TimerEvent: {}
[128.547317] (-) TimerEvent: {}
[128.647667] (-) TimerEvent: {}
[128.747939] (-) TimerEvent: {}
[128.848241] (-) TimerEvent: {}
[128.948560] (-) TimerEvent: {}
[129.048809] (-) TimerEvent: {}
[129.149047] (-) TimerEvent: {}
[129.249290] (-) TimerEvent: {}
[129.349544] (-) TimerEvent: {}
[129.449804] (-) TimerEvent: {}
[129.550283] (-) TimerEvent: {}
[129.651407] (-) TimerEvent: {}
[129.751730] (-) TimerEvent: {}
[129.852064] (-) TimerEvent: {}
[129.952515] (-) TimerEvent: {}
[130.052794] (-) TimerEvent: {}
[130.153510] (-) TimerEvent: {}
[130.217112] (multires_image) StdoutLine: {'line': b'[  4%] Building CXX object CMakeFiles/multires_widget.dir/src/QGLMap.cpp.o\n'}
[130.259771] (-) TimerEvent: {}
[130.360121] (-) TimerEvent: {}
[130.460485] (-) TimerEvent: {}
[130.560854] (-) TimerEvent: {}
[130.661309] (-) TimerEvent: {}
[130.761962] (-) TimerEvent: {}
[130.862311] (-) TimerEvent: {}
[130.962687] (-) TimerEvent: {}
[131.063069] (-) TimerEvent: {}
[131.167743] (-) TimerEvent: {}
[131.268117] (-) TimerEvent: {}
[131.368475] (-) TimerEvent: {}
[131.457904] (tile_map) StdoutLine: {'line': b'[ 86%] Linking CXX shared library libtile_map_plugin.so\n'}
[131.468623] (-) TimerEvent: {}
[131.569031] (-) TimerEvent: {}
[131.669470] (-) TimerEvent: {}
[131.769856] (-) TimerEvent: {}
[131.793248] (mapviz_plugins) StdoutLine: {'line': b'[  2%] Building CXX object CMakeFiles/mapviz_plugins.dir/include/mapviz_plugins/moc_marker_plugin.cpp.o\n'}
[131.870002] (-) TimerEvent: {}
[131.970439] (-) TimerEvent: {}
[132.070861] (-) TimerEvent: {}
[132.175769] (-) TimerEvent: {}
[132.279247] (-) TimerEvent: {}
[132.379632] (-) TimerEvent: {}
[132.480074] (-) TimerEvent: {}
[132.580447] (-) TimerEvent: {}
[132.680878] (-) TimerEvent: {}
[132.781280] (-) TimerEvent: {}
[132.881683] (-) TimerEvent: {}
[132.982226] (-) TimerEvent: {}
[133.082910] (-) TimerEvent: {}
[133.183337] (-) TimerEvent: {}
[133.283807] (-) TimerEvent: {}
[133.384417] (-) TimerEvent: {}
[133.484837] (-) TimerEvent: {}
[133.585277] (-) TimerEvent: {}
[133.685693] (-) TimerEvent: {}
[133.786177] (-) TimerEvent: {}
[133.887838] (-) TimerEvent: {}
[133.988535] (-) TimerEvent: {}
[134.089060] (-) TimerEvent: {}
[134.195779] (-) TimerEvent: {}
[134.296321] (-) TimerEvent: {}
[134.396902] (-) TimerEvent: {}
[134.497423] (-) TimerEvent: {}
[134.597817] (-) TimerEvent: {}
[134.698201] (-) TimerEvent: {}
[134.798601] (-) TimerEvent: {}
[134.899006] (-) TimerEvent: {}
[135.003757] (-) TimerEvent: {}
[135.104176] (-) TimerEvent: {}
[135.207749] (-) TimerEvent: {}
[135.308152] (-) TimerEvent: {}
[135.408557] (-) TimerEvent: {}
[135.508988] (-) TimerEvent: {}
[135.609467] (-) TimerEvent: {}
[135.709930] (-) TimerEvent: {}
[135.810365] (-) TimerEvent: {}
[135.910809] (-) TimerEvent: {}
[136.011231] (-) TimerEvent: {}
[136.111667] (-) TimerEvent: {}
[136.212060] (-) TimerEvent: {}
[136.312452] (-) TimerEvent: {}
[136.412856] (-) TimerEvent: {}
[136.513284] (-) TimerEvent: {}
[136.615776] (-) TimerEvent: {}
[136.719216] (-) TimerEvent: {}
[136.819687] (-) TimerEvent: {}
[136.923814] (-) TimerEvent: {}
[137.024462] (-) TimerEvent: {}
[137.124987] (-) TimerEvent: {}
[137.225820] (-) TimerEvent: {}
[137.326542] (-) TimerEvent: {}
[137.426938] (-) TimerEvent: {}
[137.527355] (-) TimerEvent: {}
[137.627782] (-) TimerEvent: {}
[137.731800] (-) TimerEvent: {}
[137.832486] (-) TimerEvent: {}
[137.933114] (-) TimerEvent: {}
[138.033910] (-) TimerEvent: {}
[138.134629] (-) TimerEvent: {}
[138.235012] (-) TimerEvent: {}
[138.335429] (-) TimerEvent: {}
[138.435942] (-) TimerEvent: {}
[138.536463] (-) TimerEvent: {}
[138.636750] (-) TimerEvent: {}
[138.737305] (-) TimerEvent: {}
[138.838107] (-) TimerEvent: {}
[138.943778] (-) TimerEvent: {}
[139.047829] (-) TimerEvent: {}
[139.151764] (-) TimerEvent: {}
[139.252178] (-) TimerEvent: {}
[139.352685] (-) TimerEvent: {}
[139.453366] (-) TimerEvent: {}
[139.553633] (-) TimerEvent: {}
[139.653912] (-) TimerEvent: {}
[139.754234] (-) TimerEvent: {}
[139.854523] (-) TimerEvent: {}
[139.954987] (-) TimerEvent: {}
[140.055545] (-) TimerEvent: {}
[140.159278] (-) TimerEvent: {}
[140.259693] (-) TimerEvent: {}
[140.360130] (-) TimerEvent: {}
[140.460456] (-) TimerEvent: {}
[140.560930] (-) TimerEvent: {}
[140.661226] (-) TimerEvent: {}
[140.761516] (-) TimerEvent: {}
[140.861807] (-) TimerEvent: {}
[140.962115] (-) TimerEvent: {}
[141.062385] (-) TimerEvent: {}
[141.144069] (multires_image) StdoutLine: {'line': b'[ 37%] Linking CXX static library libmultires_widget.a\n'}
[141.162598] (-) TimerEvent: {}
[141.252111] (multires_image) StdoutLine: {'line': b'[ 58%] Built target multires_widget\n'}
[141.263785] (-) TimerEvent: {}
[141.285694] (multires_image) StdoutLine: {'line': b'[ 62%] Generating include/multires_image/moc_multires_view_node.cpp\n'}
[141.346790] (tile_map) StdoutLine: {'line': b'[100%] Built target tile_map_plugin\n'}
[141.360736] (multires_image) StdoutLine: {'line': b'[ 66%] Building CXX object CMakeFiles/multires_view_node.dir/src/nodes/multires_view_node.cpp.o\n'}
[141.364633] (-) TimerEvent: {}
[141.385060] (tile_map) CommandEnded: {'returncode': 0}
[141.399241] (tile_map) JobProgress: {'identifier': 'tile_map', 'progress': 'install'}
[141.399365] (tile_map) Command: {'cmd': ['/usr/bin/cmake', '--install', '/ros2_ws/build/tile_map'], 'cwd': '/ros2_ws/build/tile_map', 'env': OrderedDict([('GZ_SIM_RESOURCE_PATH', '/opt/ros/humble/share:/home/ros/ws/install:/home/ros/ws/src'), ('HOSTNAME', 'salus'), ('SHLVL', '0'), ('LD_LIBRARY_PATH', '/ros2_ws/install/mapviz/lib:/ros2_ws/install/mapviz_interfaces/lib:/opt/ros/humble/opt/rviz_ogre_vendor/lib:/opt/ros/humble/lib/aarch64-linux-gnu:/opt/ros/humble/lib'), ('HOME', '/home/ros'), ('OLDPWD', '/ros2_ws'), ('ROS_PYTHON_VERSION', '3'), ('ROS_DISTRO', 'humble'), ('_', '/usr/bin/colcon'), ('ROS_VERSION', '2'), ('ROS_LOCALHOST_ONLY', '0'), ('QT_X11_NO_MITSHM', '1'), ('PATH', '/opt/ros/humble/bin:/usr/local/sbin:/usr/local/bin:/usr/sbin:/usr/bin:/sbin:/bin'), ('DISPLAY', ''), ('LANG', 'C.UTF-8'), ('XAUTHORITY', '/home/ros/.Xauthority'), ('AMENT_PREFIX_PATH', '/ros2_ws/install/mapviz:/ros2_ws/install/mapviz_interfaces:/opt/ros/humble'), ('DEBIAN_FRONTEND', 'noninteractive'), ('IGN_GAZEBO_RESOURCE_PATH', '/opt/ros/humble/share:/home/ros/ws/install:/home/ros/ws/src'), ('GZ_VERSION', 'fortress'), ('PWD', '/ros2_ws/build/tile_map'), ('TURTLEBOT3_MODEL', 'waffle'), ('LC_ALL', 'C.UTF-8'), ('RCUTILS_COLORIZED_OUTPUT', '1'), ('PYTHONPATH', '/ros2_ws/install/mapviz_interfaces/local/lib/python3.10/dist-packages:/opt/ros/humble/lib/python3.10/site-packages:/opt/ros/humble/local/lib/python3.10/dist-packages'), ('COLCON', '1'), ('CMAKE_PREFIX_PATH', '/ros2_ws/install/mapviz:/ros2_ws/install/mapviz_interfaces:/opt/ros/humble')]), 'shell': False}
[141.420653] (tile_map) StdoutLine: {'line': b'-- Install configuration: ""\n'}
[141.426354] (tile_map) StdoutLine: {'line': b'-- Execute custom install script\n'}
[141.426644] (tile_map) StdoutLine: {'line': b'-- Symlinking: /ros2_ws/install/tile_map/share/tile_map//mapviz_plugins.xml\n'}
[141.451302] (tile_map) StdoutLine: {'line': b'-- Symlinking: /ros2_ws/install/tile_map/share/ament_index/resource_index/package_run_dependencies/tile_map\n'}
[141.464755] (-) TimerEvent: {}
[141.470260] (tile_map) StdoutLine: {'line': b'-- Symlinking: /ros2_ws/install/tile_map/share/ament_index/resource_index/parent_prefix_path/tile_map\n'}
[141.495446] (tile_map) StdoutLine: {'line': b'-- Symlinking: /ros2_ws/install/tile_map/share/tile_map/environment/ament_prefix_path.sh\n'}
[141.522036] (tile_map) StdoutLine: {'line': b'-- Symlinking: /ros2_ws/install/tile_map/share/tile_map/environment/ament_prefix_path.dsv\n'}
[141.544494] (tile_map) StdoutLine: {'line': b'-- Symlinking: /ros2_ws/install/tile_map/share/tile_map/environment/path.sh\n'}
[141.564878] (-) TimerEvent: {}
[141.568973] (tile_map) StdoutLine: {'line': b'-- Symlinking: /ros2_ws/install/tile_map/share/tile_map/environment/path.dsv\n'}
[141.596212] (tile_map) StdoutLine: {'line': b'-- Symlinking: /ros2_ws/install/tile_map/share/tile_map/local_setup.bash\n'}
[141.608426] (tile_map) StdoutLine: {'line': b'-- Symlinking: /ros2_ws/install/tile_map/share/tile_map/local_setup.sh\n'}
[141.636756] (tile_map) StdoutLine: {'line': b'-- Symlinking: /ros2_ws/install/tile_map/share/tile_map/local_setup.zsh\n'}
[141.660383] (tile_map) StdoutLine: {'line': b'-- Symlinking: /ros2_ws/install/tile_map/share/tile_map/local_setup.dsv\n'}
[141.665067] (-) TimerEvent: {}
[141.685183] (tile_map) StdoutLine: {'line': b'-- Symlinking: /ros2_ws/install/tile_map/share/tile_map/package.dsv\n'}
[141.711000] (tile_map) StdoutLine: {'line': b'-- Symlinking: /ros2_ws/install/tile_map/share/ament_index/resource_index/packages/tile_map\n'}
[141.745049] (tile_map) StdoutLine: {'line': b'-- Symlinking: /ros2_ws/install/tile_map/share/ament_index/resource_index/mapviz__pluginlib__plugin/tile_map\n'}
[141.765191] (-) TimerEvent: {}
[141.770516] (tile_map) StdoutLine: {'line': b'-- Symlinking: /ros2_ws/install/tile_map/share/tile_map/cmake/ament_cmake_export_targets-extras.cmake\n'}
[141.792856] (tile_map) StdoutLine: {'line': b'-- Symlinking: /ros2_ws/install/tile_map/share/tile_map/cmake/ament_cmake_export_dependencies-extras.cmake\n'}
[141.819408] (tile_map) StdoutLine: {'line': b'-- Symlinking: /ros2_ws/install/tile_map/share/tile_map/cmake/tile_mapConfig.cmake\n'}
[141.841587] (tile_map) StdoutLine: {'line': b'-- Symlinking: /ros2_ws/install/tile_map/share/tile_map/cmake/tile_mapConfig-version.cmake\n'}
[141.865317] (-) TimerEvent: {}
[141.866775] (tile_map) StdoutLine: {'line': b'-- Symlinking: /ros2_ws/install/tile_map/share/tile_map/package.xml\n'}
[141.892368] (tile_map) StdoutLine: {'line': b'-- Installing: /ros2_ws/install/tile_map/include/tile_map\n'}
[141.896126] (tile_map) StdoutLine: {'line': b'-- Installing: /ros2_ws/install/tile_map/include/tile_map/tile_map\n'}
[141.896392] (tile_map) StdoutLine: {'line': b'-- Installing: /ros2_ws/install/tile_map/include/tile_map/tile_map/tile_map_view.h\n'}
[141.896489] (tile_map) StdoutLine: {'line': b'-- Installing: /ros2_ws/install/tile_map/include/tile_map/tile_map/tile_source.h\n'}
[141.896563] (tile_map) StdoutLine: {'line': b'-- Installing: /ros2_ws/install/tile_map/include/tile_map/tile_map/tile_map_plugin.h\n'}
[141.896627] (tile_map) StdoutLine: {'line': b'-- Installing: /ros2_ws/install/tile_map/include/tile_map/tile_map/image_cache.h\n'}
[141.896692] (tile_map) StdoutLine: {'line': b'-- Installing: /ros2_ws/install/tile_map/include/tile_map/tile_map/wmts_source.h\n'}
[141.896755] (tile_map) StdoutLine: {'line': b'-- Installing: /ros2_ws/install/tile_map/include/tile_map/tile_map/stadia_source.h\n'}
[141.896820] (tile_map) StdoutLine: {'line': b'-- Installing: /ros2_ws/install/tile_map/include/tile_map/tile_map/texture_cache.h\n'}
[141.896887] (tile_map) StdoutLine: {'line': b'-- Installing: /ros2_ws/install/tile_map/include/tile_map/tile_map/bing_source.h\n'}
[141.896950] (tile_map) StdoutLine: {'line': b'-- Installing: /ros2_ws/install/tile_map/lib/libtile_map.a\n'}
[141.897015] (tile_map) StdoutLine: {'line': b'-- Installing: /ros2_ws/install/tile_map/lib/libtile_map_plugin.so\n'}
[141.904891] (tile_map) StdoutLine: {'line': b'-- Set runtime path of "/ros2_ws/install/tile_map/lib/libtile_map_plugin.so" to ""\n'}
[141.906511] (tile_map) StdoutLine: {'line': b'-- Installing: /ros2_ws/install/tile_map/share/tile_map/cmake/export_tile_mapExport.cmake\n'}
[141.906887] (tile_map) StdoutLine: {'line': b'-- Installing: /ros2_ws/install/tile_map/share/tile_map/cmake/export_tile_mapExport-noconfig.cmake\n'}
[141.928065] (tile_map) CommandEnded: {'returncode': 0}
[141.965463] (-) TimerEvent: {}
[141.999453] (tile_map) JobEnded: {'identifier': 'tile_map', 'rc': 0}
[142.065609] (-) TimerEvent: {}
[142.165872] (-) TimerEvent: {}
[142.266125] (-) TimerEvent: {}
[142.366391] (-) TimerEvent: {}
[142.466748] (-) TimerEvent: {}
[142.567057] (-) TimerEvent: {}
[142.667323] (-) TimerEvent: {}
[142.767667] (-) TimerEvent: {}
[142.868011] (-) TimerEvent: {}
[142.968283] (-) TimerEvent: {}
[143.068613] (-) TimerEvent: {}
[143.169254] (-) TimerEvent: {}
[143.270330] (-) TimerEvent: {}
[143.370637] (-) TimerEvent: {}
[143.471142] (-) TimerEvent: {}
[143.572924] (-) TimerEvent: {}
[143.673186] (-) TimerEvent: {}
[143.773453] (-) TimerEvent: {}
[143.873718] (-) TimerEvent: {}
[143.974001] (-) TimerEvent: {}
[144.074286] (-) TimerEvent: {}
[144.174582] (-) TimerEvent: {}
[144.274846] (-) TimerEvent: {}
[144.375144] (-) TimerEvent: {}
[144.475480] (-) TimerEvent: {}
[144.579220] (-) TimerEvent: {}
[144.679486] (-) TimerEvent: {}
[144.779764] (-) TimerEvent: {}
[144.883752] (-) TimerEvent: {}
[144.984005] (-) TimerEvent: {}
[145.084284] (-) TimerEvent: {}
[145.184553] (-) TimerEvent: {}
[145.284997] (-) TimerEvent: {}
[145.385460] (-) TimerEvent: {}
[145.485872] (-) TimerEvent: {}
[145.586416] (-) TimerEvent: {}
[145.686854] (-) TimerEvent: {}
[145.787279] (-) TimerEvent: {}
[145.887820] (-) TimerEvent: {}
[145.988532] (-) TimerEvent: {}
[146.089023] (-) TimerEvent: {}
[146.107895] (mapviz_plugins) StdoutLine: {'line': b'[  3%] Building CXX object CMakeFiles/mapviz_plugins.dir/include/mapviz_plugins/moc_measuring_plugin.cpp.o\n'}
[146.189209] (-) TimerEvent: {}
[146.290647] (-) TimerEvent: {}
[146.390993] (-) TimerEvent: {}
[146.495766] (-) TimerEvent: {}
[146.596168] (-) TimerEvent: {}
[146.696567] (-) TimerEvent: {}
[146.797066] (-) TimerEvent: {}
[146.897602] (-) TimerEvent: {}
[146.998136] (-) TimerEvent: {}
[147.098764] (-) TimerEvent: {}
[147.199784] (-) TimerEvent: {}
[147.300306] (-) TimerEvent: {}
[147.400869] (-) TimerEvent: {}
[147.501562] (-) TimerEvent: {}
[147.602201] (-) TimerEvent: {}
[147.702879] (-) TimerEvent: {}
[147.803791] (-) TimerEvent: {}
[147.908163] (-) TimerEvent: {}
[148.008835] (-) TimerEvent: {}
[148.109437] (-) TimerEvent: {}
[148.210214] (-) TimerEvent: {}
[148.310828] (-) TimerEvent: {}
[148.411628] (-) TimerEvent: {}
[148.515791] (-) TimerEvent: {}
[148.616265] (-) TimerEvent: {}
[148.716970] (-) TimerEvent: {}
[148.817513] (-) TimerEvent: {}
[148.918086] (-) TimerEvent: {}
[149.018811] (-) TimerEvent: {}
[149.119438] (-) TimerEvent: {}
[149.224081] (-) TimerEvent: {}
[149.327897] (-) TimerEvent: {}
[149.428491] (-) TimerEvent: {}
[149.529137] (-) TimerEvent: {}
[149.629909] (-) TimerEvent: {}
[149.730526] (-) TimerEvent: {}
[149.831311] (-) TimerEvent: {}
[149.931931] (-) TimerEvent: {}
[150.032616] (-) TimerEvent: {}
[150.133306] (-) TimerEvent: {}
[150.234068] (-) TimerEvent: {}
[150.334766] (-) TimerEvent: {}
[150.435524] (-) TimerEvent: {}
[150.540085] (-) TimerEvent: {}
[150.640780] (-) TimerEvent: {}
[150.741270] (-) TimerEvent: {}
[150.841730] (-) TimerEvent: {}
[150.942152] (-) TimerEvent: {}
[151.042582] (-) TimerEvent: {}
[151.146626] (-) TimerEvent: {}
[151.247013] (-) TimerEvent: {}
[151.347578] (-) TimerEvent: {}
[151.447933] (-) TimerEvent: {}
[151.548342] (-) TimerEvent: {}
[151.648738] (-) TimerEvent: {}
[151.749131] (-) TimerEvent: {}
[151.849537] (-) TimerEvent: {}
[151.949946] (-) TimerEvent: {}
[152.050367] (-) TimerEvent: {}
[152.150784] (-) TimerEvent: {}
[152.251215] (-) TimerEvent: {}
[152.353480] (-) TimerEvent: {}
[152.453913] (-) TimerEvent: {}
[152.554319] (-) TimerEvent: {}
[152.659925] (-) TimerEvent: {}
[152.760325] (-) TimerEvent: {}
[152.860728] (-) TimerEvent: {}
[152.961154] (-) TimerEvent: {}
[153.061560] (-) TimerEvent: {}
[153.161949] (-) TimerEvent: {}
[153.262377] (-) TimerEvent: {}
[153.362836] (-) TimerEvent: {}
[153.463264] (-) TimerEvent: {}
[153.563540] (-) TimerEvent: {}
[153.663954] (-) TimerEvent: {}
[153.764353] (-) TimerEvent: {}
[153.864773] (-) TimerEvent: {}
[153.965180] (-) TimerEvent: {}
[154.065625] (-) TimerEvent: {}
[154.166038] (-) TimerEvent: {}
[154.266450] (-) TimerEvent: {}
[154.366841] (-) TimerEvent: {}
[154.467228] (-) TimerEvent: {}
[154.567627] (-) TimerEvent: {}
[154.668041] (-) TimerEvent: {}
[154.768453] (-) TimerEvent: {}
[154.804041] (multires_image) StdoutLine: {'line': b'[ 70%] Building CXX object CMakeFiles/multires_view_node.dir/include/multires_image/moc_multires_view_node.cpp.o\n'}
[154.868568] (-) TimerEvent: {}
[154.968942] (-) TimerEvent: {}
[155.069390] (-) TimerEvent: {}
[155.169824] (-) TimerEvent: {}
[155.270298] (-) TimerEvent: {}
[155.370864] (-) TimerEvent: {}
[155.471290] (-) TimerEvent: {}
[155.571736] (-) TimerEvent: {}
[155.672148] (-) TimerEvent: {}
[155.772564] (-) TimerEvent: {}
[155.872981] (-) TimerEvent: {}
[155.973405] (-) TimerEvent: {}
[156.073820] (-) TimerEvent: {}
[156.174094] (-) TimerEvent: {}
[156.274379] (-) TimerEvent: {}
[156.374667] (-) TimerEvent: {}
[156.474950] (-) TimerEvent: {}
[156.571230] (mapviz_plugins) StdoutLine: {'line': b'[  4%] Building CXX object CMakeFiles/mapviz_plugins.dir/include/mapviz_plugins/moc_navsat_plugin.cpp.o\n'}
[156.575115] (-) TimerEvent: {}
[156.675392] (-) TimerEvent: {}
[156.775687] (-) TimerEvent: {}
[156.879748] (-) TimerEvent: {}
[156.979998] (-) TimerEvent: {}
[157.080258] (-) TimerEvent: {}
[157.180528] (-) TimerEvent: {}
[157.280825] (-) TimerEvent: {}
[157.381123] (-) TimerEvent: {}
[157.481732] (-) TimerEvent: {}
[157.582297] (-) TimerEvent: {}
[157.687889] (-) TimerEvent: {}
[157.788270] (-) TimerEvent: {}
[157.888702] (-) TimerEvent: {}
[157.989272] (-) TimerEvent: {}
[158.090349] (-) TimerEvent: {}
[158.190639] (-) TimerEvent: {}
[158.290911] (-) TimerEvent: {}
[158.391180] (-) TimerEvent: {}
[158.491457] (-) TimerEvent: {}
[158.591752] (-) TimerEvent: {}
[158.692008] (-) TimerEvent: {}
[158.792284] (-) TimerEvent: {}
[158.892579] (-) TimerEvent: {}
[158.992850] (-) TimerEvent: {}
[159.093124] (-) TimerEvent: {}
[159.193413] (-) TimerEvent: {}
[159.293686] (-) TimerEvent: {}
[159.393974] (-) TimerEvent: {}
[159.494262] (-) TimerEvent: {}
[159.594534] (-) TimerEvent: {}
[159.694804] (-) TimerEvent: {}
[159.795082] (-) TimerEvent: {}
[159.895371] (-) TimerEvent: {}
[159.995681] (-) TimerEvent: {}
[160.099764] (-) TimerEvent: {}
[160.200027] (-) TimerEvent: {}
[160.300284] (-) TimerEvent: {}
[160.400556] (-) TimerEvent: {}
[160.500833] (-) TimerEvent: {}
[160.601116] (-) TimerEvent: {}
[160.701413] (-) TimerEvent: {}
[160.801827] (-) TimerEvent: {}
[160.902242] (-) TimerEvent: {}
[161.002639] (-) TimerEvent: {}
[161.103059] (-) TimerEvent: {}
[161.203470] (-) TimerEvent: {}
[161.303885] (-) TimerEvent: {}
[161.404296] (-) TimerEvent: {}
[161.504692] (-) TimerEvent: {}
[161.605102] (-) TimerEvent: {}
[161.705379] (-) TimerEvent: {}
[161.805792] (-) TimerEvent: {}
[161.907912] (-) TimerEvent: {}
[162.008324] (-) TimerEvent: {}
[162.108730] (-) TimerEvent: {}
[162.209142] (-) TimerEvent: {}
[162.309570] (-) TimerEvent: {}
[162.410382] (-) TimerEvent: {}
[162.510796] (-) TimerEvent: {}
[162.615909] (-) TimerEvent: {}
[162.716308] (-) TimerEvent: {}
[162.816720] (-) TimerEvent: {}
[162.917130] (-) TimerEvent: {}
[163.017526] (-) TimerEvent: {}
[163.117807] (-) TimerEvent: {}
[163.218074] (-) TimerEvent: {}
[163.318344] (-) TimerEvent: {}
[163.418624] (-) TimerEvent: {}
[163.518917] (-) TimerEvent: {}
[163.619239] (-) TimerEvent: {}
[163.719598] (-) TimerEvent: {}
[163.819870] (-) TimerEvent: {}
[163.824544] (multires_image) StdoutLine: {'line': b'[ 75%] Linking CXX executable multires_view_node\n'}
[163.920072] (-) TimerEvent: {}
[164.020424] (-) TimerEvent: {}
[164.120858] (-) TimerEvent: {}
[164.221238] (-) TimerEvent: {}
[164.323795] (-) TimerEvent: {}
[164.424118] (-) TimerEvent: {}
[164.524438] (-) TimerEvent: {}
[164.624713] (-) TimerEvent: {}
[164.725009] (-) TimerEvent: {}
[164.825321] (-) TimerEvent: {}
[164.925622] (-) TimerEvent: {}
[164.964266] (multires_image) StdoutLine: {'line': b'[ 75%] Built target multires_view_node\n'}
[164.983746] (multires_image) StdoutLine: {'line': b'[ 79%] Generating include/multires_image/moc_multires_image_plugin.cpp\n'}
[165.015581] (multires_image) StdoutLine: {'line': b'[ 83%] Building CXX object CMakeFiles/multires_image_plugin.dir/src/multires_image_plugin.cpp.o\n'}
[165.025759] (-) TimerEvent: {}
[165.126032] (-) TimerEvent: {}
[165.226455] (-) TimerEvent: {}
[165.308590] (mapviz_plugins) StdoutLine: {'line': b'[  4%] Building CXX object CMakeFiles/mapviz_plugins.dir/include/mapviz_plugins/moc_occupancy_grid_plugin.cpp.o\n'}
[165.326544] (-) TimerEvent: {}
[165.426791] (-) TimerEvent: {}
[165.527047] (-) TimerEvent: {}
[165.627311] (-) TimerEvent: {}
[165.727602] (-) TimerEvent: {}
[165.831785] (-) TimerEvent: {}
[165.932083] (-) TimerEvent: {}
[166.032435] (-) TimerEvent: {}
[166.132776] (-) TimerEvent: {}
[166.233181] (-) TimerEvent: {}
[166.333521] (-) TimerEvent: {}
[166.433965] (-) TimerEvent: {}
[166.534405] (-) TimerEvent: {}
[166.634927] (-) TimerEvent: {}
[166.735349] (-) TimerEvent: {}
[166.835772] (-) TimerEvent: {}
[166.936121] (-) TimerEvent: {}
[167.036501] (-) TimerEvent: {}
[167.136877] (-) TimerEvent: {}
[167.237277] (-) TimerEvent: {}
[167.337678] (-) TimerEvent: {}
[167.439262] (-) TimerEvent: {}
[167.539678] (-) TimerEvent: {}
[167.640069] (-) TimerEvent: {}
[167.740469] (-) TimerEvent: {}
[167.843922] (-) TimerEvent: {}
[167.944344] (-) TimerEvent: {}
[168.044744] (-) TimerEvent: {}
[168.145185] (-) TimerEvent: {}
[168.245611] (-) TimerEvent: {}
[168.346006] (-) TimerEvent: {}
[168.446390] (-) TimerEvent: {}
[168.546823] (-) TimerEvent: {}
[168.647271] (-) TimerEvent: {}
[168.747715] (-) TimerEvent: {}
[168.848115] (-) TimerEvent: {}
[168.948532] (-) TimerEvent: {}
[169.048790] (-) TimerEvent: {}
[169.151754] (-) TimerEvent: {}
[169.252034] (-) TimerEvent: {}
[169.352298] (-) TimerEvent: {}
[169.452709] (-) TimerEvent: {}
[169.553138] (-) TimerEvent: {}
[169.653573] (-) TimerEvent: {}
[169.753983] (-) TimerEvent: {}
[169.854369] (-) TimerEvent: {}
[169.954772] (-) TimerEvent: {}
[170.055188] (-) TimerEvent: {}
[170.155595] (-) TimerEvent: {}
[170.256015] (-) TimerEvent: {}
[170.359742] (-) TimerEvent: {}
[170.460130] (-) TimerEvent: {}
[170.560534] (-) TimerEvent: {}
[170.660943] (-) TimerEvent: {}
[170.761336] (-) TimerEvent: {}
[170.861725] (-) TimerEvent: {}
[170.962132] (-) TimerEvent: {}
[171.062551] (-) TimerEvent: {}
[171.162946] (-) TimerEvent: {}
[171.263349] (-) TimerEvent: {}
[171.363749] (-) TimerEvent: {}
[171.464144] (-) TimerEvent: {}
[171.564547] (-) TimerEvent: {}
[171.664945] (-) TimerEvent: {}
[171.765350] (-) TimerEvent: {}
[171.865771] (-) TimerEvent: {}
[171.967914] (-) TimerEvent: {}
[172.068316] (-) TimerEvent: {}
[172.168724] (-) TimerEvent: {}
[172.269140] (-) TimerEvent: {}
[172.369744] (-) TimerEvent: {}
[172.470205] (-) TimerEvent: {}
[172.570648] (-) TimerEvent: {}
[172.675935] (-) TimerEvent: {}
[172.776333] (-) TimerEvent: {}
[172.876755] (-) TimerEvent: {}
[172.977195] (-) TimerEvent: {}
[173.077624] (-) TimerEvent: {}
[173.178031] (-) TimerEvent: {}
[173.278424] (-) TimerEvent: {}
[173.378846] (-) TimerEvent: {}
[173.479260] (-) TimerEvent: {}
[173.579700] (-) TimerEvent: {}
[173.680095] (-) TimerEvent: {}
[173.780496] (-) TimerEvent: {}
[173.881192] (-) TimerEvent: {}
[173.983780] (-) TimerEvent: {}
[174.084038] (-) TimerEvent: {}
[174.184298] (-) TimerEvent: {}
[174.284585] (-) TimerEvent: {}
[174.384850] (-) TimerEvent: {}
[174.485117] (-) TimerEvent: {}
[174.585384] (-) TimerEvent: {}
[174.685841] (-) TimerEvent: {}
[174.698023] (mapviz_plugins) StdoutLine: {'line': b'[  5%] Building CXX object CMakeFiles/mapviz_plugins.dir/include/mapviz_plugins/moc_odometry_plugin.cpp.o\n'}
[174.785979] (-) TimerEvent: {}
[174.886373] (-) TimerEvent: {}
[174.986873] (-) TimerEvent: {}
[175.033796] (multires_image) StdoutLine: {'line': b'[ 87%] Building CXX object CMakeFiles/multires_image_plugin.dir/include/multires_image/moc_multires_image_plugin.cpp.o\n'}
[175.086966] (-) TimerEvent: {}
[175.191892] (-) TimerEvent: {}
[175.292256] (-) TimerEvent: {}
[175.392638] (-) TimerEvent: {}
[175.493006] (-) TimerEvent: {}
[175.593409] (-) TimerEvent: {}
[175.693834] (-) TimerEvent: {}
[175.794244] (-) TimerEvent: {}
[175.894682] (-) TimerEvent: {}
[175.995132] (-) TimerEvent: {}
[176.095542] (-) TimerEvent: {}
[176.195992] (-) TimerEvent: {}
[176.296389] (-) TimerEvent: {}
[176.396827] (-) TimerEvent: {}
[176.497256] (-) TimerEvent: {}
[176.597695] (-) TimerEvent: {}
[176.698109] (-) TimerEvent: {}
[176.798510] (-) TimerEvent: {}
[176.898927] (-) TimerEvent: {}
[176.999366] (-) TimerEvent: {}
[177.103764] (-) TimerEvent: {}
[177.204010] (-) TimerEvent: {}
[177.304274] (-) TimerEvent: {}
[177.404546] (-) TimerEvent: {}
[177.504972] (-) TimerEvent: {}
[177.605357] (-) TimerEvent: {}
[177.705755] (-) TimerEvent: {}
[177.806153] (-) TimerEvent: {}
[177.906574] (-) TimerEvent: {}
[178.006975] (-) TimerEvent: {}
[178.107389] (-) TimerEvent: {}
[178.207822] (-) TimerEvent: {}
[178.308217] (-) TimerEvent: {}
[178.408605] (-) TimerEvent: {}
[178.509016] (-) TimerEvent: {}
[178.609424] (-) TimerEvent: {}
[178.709841] (-) TimerEvent: {}
[178.810274] (-) TimerEvent: {}
[178.910678] (-) TimerEvent: {}
[179.015912] (-) TimerEvent: {}
[179.116310] (-) TimerEvent: {}
[179.216731] (-) TimerEvent: {}
[179.317165] (-) TimerEvent: {}
[179.417577] (-) TimerEvent: {}
[179.517960] (-) TimerEvent: {}
[179.618336] (-) TimerEvent: {}
[179.718742] (-) TimerEvent: {}
[179.819168] (-) TimerEvent: {}
[179.919571] (-) TimerEvent: {}
[180.019967] (-) TimerEvent: {}
[180.120344] (-) TimerEvent: {}
[180.220756] (-) TimerEvent: {}
[180.321171] (-) TimerEvent: {}
[180.421583] (-) TimerEvent: {}
[180.521863] (-) TimerEvent: {}
[180.622143] (-) TimerEvent: {}
[180.722560] (-) TimerEvent: {}
[180.822970] (-) TimerEvent: {}
[180.923371] (-) TimerEvent: {}
[181.023766] (-) TimerEvent: {}
[181.127928] (-) TimerEvent: {}
[181.228181] (-) TimerEvent: {}
[181.328448] (-) TimerEvent: {}
[181.428723] (-) TimerEvent: {}
[181.529019] (-) TimerEvent: {}
[181.629300] (-) TimerEvent: {}
[181.729575] (-) TimerEvent: {}
[181.829845] (-) TimerEvent: {}
[181.930112] (-) TimerEvent: {}
[182.030401] (-) TimerEvent: {}
[182.130667] (-) TimerEvent: {}
[182.230925] (-) TimerEvent: {}
[182.331198] (-) TimerEvent: {}
[182.431473] (-) TimerEvent: {}
[182.531762] (-) TimerEvent: {}
[182.632032] (-) TimerEvent: {}
[182.735757] (-) TimerEvent: {}
[182.836027] (-) TimerEvent: {}
[182.936299] (-) TimerEvent: {}
[183.036572] (-) TimerEvent: {}
[183.057371] (mapviz_plugins) StdoutLine: {'line': b'[  6%] Building CXX object CMakeFiles/mapviz_plugins.dir/include/mapviz_plugins/moc_path_plugin.cpp.o\n'}
[183.136702] (-) TimerEvent: {}
[183.236966] (-) TimerEvent: {}
[183.337361] (-) TimerEvent: {}
[183.437789] (-) TimerEvent: {}
[183.538166] (-) TimerEvent: {}
[183.638565] (-) TimerEvent: {}
[183.739001] (-) TimerEvent: {}
[183.839388] (-) TimerEvent: {}
[183.939770] (-) TimerEvent: {}
[184.040166] (-) TimerEvent: {}
[184.143906] (-) TimerEvent: {}
[184.244295] (-) TimerEvent: {}
[184.286520] (multires_image) StdoutLine: {'line': b'[ 91%] Building CXX object CMakeFiles/multires_image_plugin.dir/src/multires_view.cpp.o\n'}
[184.344427] (-) TimerEvent: {}
[184.444810] (-) TimerEvent: {}
[184.545211] (-) TimerEvent: {}
[184.645587] (-) TimerEvent: {}
[184.745995] (-) TimerEvent: {}
[184.846401] (-) TimerEvent: {}
[184.946796] (-) TimerEvent: {}
[185.047182] (-) TimerEvent: {}
[185.147582] (-) TimerEvent: {}
[185.247972] (-) TimerEvent: {}
[185.351767] (-) TimerEvent: {}
[185.452139] (-) TimerEvent: {}
[185.552527] (-) TimerEvent: {}
[185.652968] (-) TimerEvent: {}
[185.753391] (-) TimerEvent: {}
[185.853799] (-) TimerEvent: {}
[185.954199] (-) TimerEvent: {}
[186.054623] (-) TimerEvent: {}
[186.155046] (-) TimerEvent: {}
[186.263107] (-) TimerEvent: {}
[186.363497] (-) TimerEvent: {}
[186.463897] (-) TimerEvent: {}
[186.564306] (-) TimerEvent: {}
[186.664750] (-) TimerEvent: {}
[186.767748] (-) TimerEvent: {}
[186.868136] (-) TimerEvent: {}
[186.968526] (-) TimerEvent: {}
[187.068938] (-) TimerEvent: {}
[187.169337] (-) TimerEvent: {}
[187.269758] (-) TimerEvent: {}
[187.370170] (-) TimerEvent: {}
[187.470577] (-) TimerEvent: {}
[187.571001] (-) TimerEvent: {}
[187.671398] (-) TimerEvent: {}
[187.771804] (-) TimerEvent: {}
[187.872194] (-) TimerEvent: {}
[187.975758] (-) TimerEvent: {}
[188.076178] (-) TimerEvent: {}
[188.176580] (-) TimerEvent: {}
[188.276972] (-) TimerEvent: {}
[188.377359] (-) TimerEvent: {}
[188.477752] (-) TimerEvent: {}
[188.578180] (-) TimerEvent: {}
[188.678596] (-) TimerEvent: {}
[188.779116] (-) TimerEvent: {}
[188.879733] (-) TimerEvent: {}
[188.980133] (-) TimerEvent: {}
[189.080528] (-) TimerEvent: {}
[189.180940] (-) TimerEvent: {}
[189.281353] (-) TimerEvent: {}
[189.383905] (-) TimerEvent: {}
[189.484296] (-) TimerEvent: {}
[189.584718] (-) TimerEvent: {}
[189.685150] (-) TimerEvent: {}
[189.785540] (-) TimerEvent: {}
[189.885945] (-) TimerEvent: {}
[189.986338] (-) TimerEvent: {}
[190.086739] (-) TimerEvent: {}
[190.187146] (-) TimerEvent: {}
[190.287757] (-) TimerEvent: {}
[190.391763] (-) TimerEvent: {}
[190.492031] (-) TimerEvent: {}
[190.592441] (-) TimerEvent: {}
[190.692856] (-) TimerEvent: {}
[190.793254] (-) TimerEvent: {}
[190.893649] (-) TimerEvent: {}
[190.994045] (-) TimerEvent: {}
[191.094451] (-) TimerEvent: {}
[191.194845] (-) TimerEvent: {}
[191.295259] (-) TimerEvent: {}
[191.395693] (-) TimerEvent: {}
[191.446487] (mapviz_plugins) StdoutLine: {'line': b'[  7%] Building CXX object CMakeFiles/mapviz_plugins.dir/include/mapviz_plugins/moc_placeable_window_proxy.cpp.o\n'}
[191.495816] (-) TimerEvent: {}
[191.596218] (-) TimerEvent: {}
[191.696626] (-) TimerEvent: {}
[191.797008] (-) TimerEvent: {}
[191.897485] (-) TimerEvent: {}
[191.998792] (-) TimerEvent: {}
[192.099208] (-) TimerEvent: {}
[192.199601] (-) TimerEvent: {}
[192.300137] (-) TimerEvent: {}
[192.401414] (-) TimerEvent: {}
[192.501997] (-) TimerEvent: {}
[192.602424] (-) TimerEvent: {}
[192.703046] (-) TimerEvent: {}
[192.804181] (-) TimerEvent: {}
[192.825567] (mapviz_plugins) StdoutLine: {'line': b'[  8%] Building CXX object CMakeFiles/mapviz_plugins.dir/include/mapviz_plugins/moc_plan_route_plugin.cpp.o\n'}
[192.904303] (-) TimerEvent: {}
[192.914086] (multires_image) StdoutLine: {'line': b'[ 95%] Linking CXX shared library libmultires_image_plugin.so\n'}
[193.007773] (-) TimerEvent: {}
[193.108192] (-) TimerEvent: {}
[193.208555] (-) TimerEvent: {}
[193.308926] (-) TimerEvent: {}
[193.409325] (-) TimerEvent: {}
[193.509748] (-) TimerEvent: {}
[193.610308] (-) TimerEvent: {}
[193.711019] (-) TimerEvent: {}
[193.734684] (multires_image) StdoutLine: {'line': b'[100%] Built target multires_image_plugin\n'}
[193.761974] (multires_image) CommandEnded: {'returncode': 0}
[193.768083] (multires_image) JobProgress: {'identifier': 'multires_image', 'progress': 'install'}
[193.768344] (multires_image) Command: {'cmd': ['/usr/bin/cmake', '--install', '/ros2_ws/build/multires_image'], 'cwd': '/ros2_ws/build/multires_image', 'env': OrderedDict([('GZ_SIM_RESOURCE_PATH', '/opt/ros/humble/share:/home/ros/ws/install:/home/ros/ws/src'), ('HOSTNAME', 'salus'), ('SHLVL', '0'), ('LD_LIBRARY_PATH', '/ros2_ws/install/mapviz/lib:/ros2_ws/install/mapviz_interfaces/lib:/opt/ros/humble/opt/rviz_ogre_vendor/lib:/opt/ros/humble/lib/aarch64-linux-gnu:/opt/ros/humble/lib'), ('HOME', '/home/ros'), ('OLDPWD', '/ros2_ws'), ('ROS_PYTHON_VERSION', '3'), ('ROS_DISTRO', 'humble'), ('_', '/usr/bin/colcon'), ('ROS_VERSION', '2'), ('ROS_LOCALHOST_ONLY', '0'), ('QT_X11_NO_MITSHM', '1'), ('PATH', '/opt/ros/humble/bin:/usr/local/sbin:/usr/local/bin:/usr/sbin:/usr/bin:/sbin:/bin'), ('DISPLAY', ''), ('LANG', 'C.UTF-8'), ('XAUTHORITY', '/home/ros/.Xauthority'), ('AMENT_PREFIX_PATH', '/ros2_ws/install/mapviz:/ros2_ws/install/mapviz_interfaces:/opt/ros/humble'), ('DEBIAN_FRONTEND', 'noninteractive'), ('IGN_GAZEBO_RESOURCE_PATH', '/opt/ros/humble/share:/home/ros/ws/install:/home/ros/ws/src'), ('GZ_VERSION', 'fortress'), ('PWD', '/ros2_ws/build/multires_image'), ('TURTLEBOT3_MODEL', 'waffle'), ('LC_ALL', 'C.UTF-8'), ('RCUTILS_COLORIZED_OUTPUT', '1'), ('PYTHONPATH', '/ros2_ws/install/mapviz_interfaces/local/lib/python3.10/dist-packages:/opt/ros/humble/lib/python3.10/site-packages:/opt/ros/humble/local/lib/python3.10/dist-packages'), ('COLCON', '1'), ('CMAKE_PREFIX_PATH', '/ros2_ws/install/mapviz:/ros2_ws/install/mapviz_interfaces:/opt/ros/humble')]), 'shell': False}
[193.778635] (multires_image) StdoutLine: {'line': b'-- Install configuration: ""\n'}
[193.781457] (multires_image) StdoutLine: {'line': b'-- Execute custom install script\n'}
[193.784216] (multires_image) StdoutLine: {'line': b'-- Symlinking: /ros2_ws/install/multires_image/lib/multires_image/multires_view_node\n'}
[193.803834] (multires_image) StdoutLine: {'line': b'-- Symlinking: /ros2_ws/install/multires_image/lib/multires_image/mapviz_tile_loader\n'}
[193.811156] (-) TimerEvent: {}
[193.814285] (multires_image) StdoutLine: {'line': b'-- Symlinking: /ros2_ws/install/multires_image/share/multires_image//mapviz_plugins.xml\n'}
[193.832191] (multires_image) StdoutLine: {'line': b'-- Symlinking: /ros2_ws/install/multires_image/share/multires_image/environment/library_path.sh\n'}
[193.847992] (multires_image) StdoutLine: {'line': b'-- Symlinking: /ros2_ws/install/multires_image/share/multires_image/environment/library_path.dsv\n'}
[193.859985] (multires_image) StdoutLine: {'line': b'-- Symlinking: /ros2_ws/install/multires_image/share/ament_index/resource_index/package_run_dependencies/multires_image\n'}
[193.871758] (multires_image) StdoutLine: {'line': b'-- Symlinking: /ros2_ws/install/multires_image/share/ament_index/resource_index/parent_prefix_path/multires_image\n'}
[193.884754] (multires_image) StdoutLine: {'line': b'-- Symlinking: /ros2_ws/install/multires_image/share/multires_image/environment/ament_prefix_path.sh\n'}
[193.896966] (multires_image) StdoutLine: {'line': b'-- Symlinking: /ros2_ws/install/multires_image/share/multires_image/environment/ament_prefix_path.dsv\n'}
[193.911296] (-) TimerEvent: {}
[193.911804] (multires_image) StdoutLine: {'line': b'-- Symlinking: /ros2_ws/install/multires_image/share/multires_image/environment/path.sh\n'}
[193.927777] (multires_image) StdoutLine: {'line': b'-- Symlinking: /ros2_ws/install/multires_image/share/multires_image/environment/path.dsv\n'}
[193.936292] (multires_image) StdoutLine: {'line': b'-- Symlinking: /ros2_ws/install/multires_image/share/multires_image/local_setup.bash\n'}
[193.948989] (multires_image) StdoutLine: {'line': b'-- Symlinking: /ros2_ws/install/multires_image/share/multires_image/local_setup.sh\n'}
[193.962395] (multires_image) StdoutLine: {'line': b'-- Symlinking: /ros2_ws/install/multires_image/share/multires_image/local_setup.zsh\n'}
[193.976481] (multires_image) StdoutLine: {'line': b'-- Symlinking: /ros2_ws/install/multires_image/share/multires_image/local_setup.dsv\n'}
[193.990761] (multires_image) StdoutLine: {'line': b'-- Symlinking: /ros2_ws/install/multires_image/share/multires_image/package.dsv\n'}
[194.004824] (multires_image) StdoutLine: {'line': b'-- Symlinking: /ros2_ws/install/multires_image/share/ament_index/resource_index/packages/multires_image\n'}
[194.011435] (-) TimerEvent: {}
[194.018869] (multires_image) StdoutLine: {'line': b'-- Symlinking: /ros2_ws/install/multires_image/share/ament_index/resource_index/mapviz__pluginlib__plugin/multires_image\n'}
[194.036390] (multires_image) StdoutLine: {'line': b'-- Symlinking: /ros2_ws/install/multires_image/share/multires_image/cmake/ament_cmake_export_targets-extras.cmake\n'}
[194.052074] (multires_image) StdoutLine: {'line': b'-- Symlinking: /ros2_ws/install/multires_image/share/multires_image/cmake/ament_cmake_export_dependencies-extras.cmake\n'}
[194.062783] (multires_image) StdoutLine: {'line': b'-- Symlinking: /ros2_ws/install/multires_image/share/multires_image/cmake/ament_cmake_export_include_directories-extras.cmake\n'}
[194.080026] (multires_image) StdoutLine: {'line': b'-- Symlinking: /ros2_ws/install/multires_image/share/multires_image/cmake/ament_cmake_export_libraries-extras.cmake\n'}
[194.088796] (multires_image) StdoutLine: {'line': b'-- Symlinking: /ros2_ws/install/multires_image/share/multires_image/cmake/multires_imageConfig.cmake\n'}
[194.104031] (multires_image) StdoutLine: {'line': b'-- Symlinking: /ros2_ws/install/multires_image/share/multires_image/cmake/multires_imageConfig-version.cmake\n'}
[194.111588] (-) TimerEvent: {}
[194.115352] (multires_image) StdoutLine: {'line': b'-- Symlinking: /ros2_ws/install/multires_image/share/multires_image/package.xml\n'}
[194.128149] (multires_image) StdoutLine: {'line': b'-- Installing: /ros2_ws/install/multires_image/include/multires_image\n'}
[194.132410] (multires_image) StdoutLine: {'line': b'-- Installing: /ros2_ws/install/multires_image/include/multires_image/multires_image\n'}
[194.132683] (multires_image) StdoutLine: {'line': b'-- Installing: /ros2_ws/install/multires_image/include/multires_image/multires_image/multires_image_plugin.h\n'}
[194.132787] (multires_image) StdoutLine: {'line': b'-- Installing: /ros2_ws/install/multires_image/include/multires_image/multires_image/tile_set_layer.h\n'}
[194.133626] (multires_image) StdoutLine: {'line': b'-- Installing: /ros2_ws/install/multires_image/include/multires_image/multires_image/multires_view.h\n'}
[194.135027] (multires_image) StdoutLine: {'line': b'-- Installing: /ros2_ws/install/multires_image/include/multires_image/multires_image/tile_cache.h\n'}
[194.137394] (multires_image) StdoutLine: {'line': b'-- Installing: /ros2_ws/install/multires_image/include/multires_image/multires_image/QGLMap.h\n'}
[194.138770] (multires_image) StdoutLine: {'line': b'-- Installing: /ros2_ws/install/multires_image/include/multires_image/multires_image/multires_view_node.h\n'}
[194.139989] (multires_image) StdoutLine: {'line': b'-- Installing: /ros2_ws/install/multires_image/include/multires_image/multires_image/tile_set.h\n'}
[194.141043] (multires_image) StdoutLine: {'line': b'-- Installing: /ros2_ws/install/multires_image/include/multires_image/multires_image/tile.h\n'}
[194.142132] (multires_image) StdoutLine: {'line': b'-- Installing: /ros2_ws/install/multires_image/include/multires_image/multires_image/tile_view.h\n'}
[194.143377] (multires_image) StdoutLine: {'line': b'-- Installing: /ros2_ws/install/multires_image/lib/libmultires_image.a\n'}
[194.147175] (multires_image) StdoutLine: {'line': b'-- Installing: /ros2_ws/install/multires_image/lib/libmultires_widget.a\n'}
[194.150689] (multires_image) StdoutLine: {'line': b'-- Installing: /ros2_ws/install/multires_image/lib/libmultires_image_plugin.so\n'}
[194.153527] (multires_image) StdoutLine: {'line': b'-- Set runtime path of "/ros2_ws/install/multires_image/lib/libmultires_image_plugin.so" to ""\n'}
[194.154672] (multires_image) StdoutLine: {'line': b'-- Installing: /ros2_ws/install/multires_image/share/multires_image/launch\n'}
[194.157844] (multires_image) StdoutLine: {'line': b'-- Installing: /ros2_ws/install/multires_image/share/multires_image/cmake/export_multires_imageExport.cmake\n'}
[194.160086] (multires_image) StdoutLine: {'line': b'-- Installing: /ros2_ws/install/multires_image/share/multires_image/cmake/export_multires_imageExport-noconfig.cmake\n'}
[194.167843] (multires_image) CommandEnded: {'returncode': 0}
[194.212062] (-) TimerEvent: {}
[194.226754] (multires_image) JobEnded: {'identifier': 'multires_image', 'rc': 0}
[194.312203] (-) TimerEvent: {}
[194.412586] (-) TimerEvent: {}
[194.513005] (-) TimerEvent: {}
[194.613422] (-) TimerEvent: {}
[194.713833] (-) TimerEvent: {}
[194.814296] (-) TimerEvent: {}
[194.914979] (-) TimerEvent: {}
[195.015302] (-) TimerEvent: {}
[195.115795] (-) TimerEvent: {}
[195.216084] (-) TimerEvent: {}
[195.316472] (-) TimerEvent: {}
[195.416884] (-) TimerEvent: {}
[195.517318] (-) TimerEvent: {}
[195.618277] (-) TimerEvent: {}
[195.718510] (-) TimerEvent: {}
[195.818753] (-) TimerEvent: {}
[195.918993] (-) TimerEvent: {}
[196.019230] (-) TimerEvent: {}
[196.119461] (-) TimerEvent: {}
[196.219715] (-) TimerEvent: {}
[196.319945] (-) TimerEvent: {}
[196.420185] (-) TimerEvent: {}
[196.520420] (-) TimerEvent: {}
[196.620651] (-) TimerEvent: {}
[196.720893] (-) TimerEvent: {}
[196.821138] (-) TimerEvent: {}
[196.921378] (-) TimerEvent: {}
[197.021615] (-) TimerEvent: {}
[197.121850] (-) TimerEvent: {}
[197.222075] (-) TimerEvent: {}
[197.322304] (-) TimerEvent: {}
[197.422538] (-) TimerEvent: {}
[197.522767] (-) TimerEvent: {}
[197.623123] (-) TimerEvent: {}
[197.723353] (-) TimerEvent: {}
[197.823590] (-) TimerEvent: {}
[197.923848] (-) TimerEvent: {}
[198.024077] (-) TimerEvent: {}
[198.124302] (-) TimerEvent: {}
[198.224530] (-) TimerEvent: {}
[198.324765] (-) TimerEvent: {}
[198.425000] (-) TimerEvent: {}
[198.525224] (-) TimerEvent: {}
[198.625462] (-) TimerEvent: {}
[198.725695] (-) TimerEvent: {}
[198.825934] (-) TimerEvent: {}
[198.926170] (-) TimerEvent: {}
[199.026404] (-) TimerEvent: {}
[199.126638] (-) TimerEvent: {}
[199.226873] (-) TimerEvent: {}
[199.327101] (-) TimerEvent: {}
[199.427337] (-) TimerEvent: {}
[199.527570] (-) TimerEvent: {}
[199.627818] (-) TimerEvent: {}
[199.728031] (-) TimerEvent: {}
[199.754194] (mapviz_plugins) StdoutLine: {'line': b'[  9%] Building CXX object CMakeFiles/mapviz_plugins.dir/include/mapviz_plugins/moc_point_click_publisher_plugin.cpp.o\n'}
[199.828145] (-) TimerEvent: {}
[199.928370] (-) TimerEvent: {}
[200.028599] (-) TimerEvent: {}
[200.128827] (-) TimerEvent: {}
[200.229597] (-) TimerEvent: {}
[200.329964] (-) TimerEvent: {}
[200.430198] (-) TimerEvent: {}
[200.530452] (-) TimerEvent: {}
[200.630686] (-) TimerEvent: {}
[200.730918] (-) TimerEvent: {}
[200.831149] (-) TimerEvent: {}
[200.931425] (-) TimerEvent: {}
[201.031735] (-) TimerEvent: {}
[201.131963] (-) TimerEvent: {}
[201.232192] (-) TimerEvent: {}
[201.332449] (-) TimerEvent: {}
[201.432704] (-) TimerEvent: {}
[201.532943] (-) TimerEvent: {}
[201.633184] (-) TimerEvent: {}
[201.733428] (-) TimerEvent: {}
[201.833668] (-) TimerEvent: {}
[201.933897] (-) TimerEvent: {}
[202.034133] (-) TimerEvent: {}
[202.134378] (-) TimerEvent: {}
[202.234614] (-) TimerEvent: {}
[202.334849] (-) TimerEvent: {}
[202.435092] (-) TimerEvent: {}
[202.535329] (-) TimerEvent: {}
[202.635561] (-) TimerEvent: {}
[202.735817] (-) TimerEvent: {}
[202.836041] (-) TimerEvent: {}
[202.936270] (-) TimerEvent: {}
[203.036508] (-) TimerEvent: {}
[203.136741] (-) TimerEvent: {}
[203.236973] (-) TimerEvent: {}
[203.337195] (-) TimerEvent: {}
[203.437424] (-) TimerEvent: {}
[203.537653] (-) TimerEvent: {}
[203.637884] (-) TimerEvent: {}
[203.738114] (-) TimerEvent: {}
[203.838349] (-) TimerEvent: {}
[203.938583] (-) TimerEvent: {}
[204.038813] (-) TimerEvent: {}
[204.139047] (-) TimerEvent: {}
[204.239281] (-) TimerEvent: {}
[204.339518] (-) TimerEvent: {}
[204.439752] (-) TimerEvent: {}
[204.539984] (-) TimerEvent: {}
[204.640282] (-) TimerEvent: {}
[204.740588] (-) TimerEvent: {}
[204.840820] (-) TimerEvent: {}
[204.941056] (-) TimerEvent: {}
[205.041294] (-) TimerEvent: {}
[205.141623] (-) TimerEvent: {}
[205.241852] (-) TimerEvent: {}
[205.342083] (-) TimerEvent: {}
[205.442316] (-) TimerEvent: {}
[205.542568] (-) TimerEvent: {}
[205.642808] (-) TimerEvent: {}
[205.688138] (mapviz_plugins) StdoutLine: {'line': b'[ 10%] Building CXX object CMakeFiles/mapviz_plugins.dir/include/mapviz_plugins/moc_pointcloud2_plugin.cpp.o\n'}
[205.742916] (-) TimerEvent: {}
[205.843142] (-) TimerEvent: {}
[205.943379] (-) TimerEvent: {}
[206.043609] (-) TimerEvent: {}
[206.143867] (-) TimerEvent: {}
[206.244099] (-) TimerEvent: {}
[206.344337] (-) TimerEvent: {}
[206.444559] (-) TimerEvent: {}
[206.544797] (-) TimerEvent: {}
[206.645559] (-) TimerEvent: {}
[206.746199] (-) TimerEvent: {}
[206.847410] (-) TimerEvent: {}
[206.947639] (-) TimerEvent: {}
[207.047883] (-) TimerEvent: {}
[207.148102] (-) TimerEvent: {}
[207.248334] (-) TimerEvent: {}
[207.348543] (-) TimerEvent: {}
[207.449572] (-) TimerEvent: {}
[207.549896] (-) TimerEvent: {}
[207.650239] (-) TimerEvent: {}
[207.750572] (-) TimerEvent: {}
[207.850907] (-) TimerEvent: {}
[207.951291] (-) TimerEvent: {}
[208.051666] (-) TimerEvent: {}
[208.152027] (-) TimerEvent: {}
[208.252376] (-) TimerEvent: {}
[208.352711] (-) TimerEvent: {}
[208.453062] (-) TimerEvent: {}
[208.553422] (-) TimerEvent: {}
[208.653765] (-) TimerEvent: {}
[208.754108] (-) TimerEvent: {}
[208.854342] (-) TimerEvent: {}
[208.954667] (-) TimerEvent: {}
[209.054910] (-) TimerEvent: {}
[209.155137] (-) TimerEvent: {}
[209.255604] (-) TimerEvent: {}
[209.355986] (-) TimerEvent: {}
[209.456314] (-) TimerEvent: {}
[209.556672] (-) TimerEvent: {}
[209.657147] (-) TimerEvent: {}
[209.757482] (-) TimerEvent: {}
[209.857868] (-) TimerEvent: {}
[209.958305] (-) TimerEvent: {}
[210.058643] (-) TimerEvent: {}
[210.159001] (-) TimerEvent: {}
[210.259402] (-) TimerEvent: {}
[210.359818] (-) TimerEvent: {}
[210.460155] (-) TimerEvent: {}
[210.560499] (-) TimerEvent: {}
[210.660860] (-) TimerEvent: {}
[210.761218] (-) TimerEvent: {}
[210.861580] (-) TimerEvent: {}
[210.961813] (-) TimerEvent: {}
[211.062035] (-) TimerEvent: {}
[211.162376] (-) TimerEvent: {}
[211.262717] (-) TimerEvent: {}
[211.363068] (-) TimerEvent: {}
[211.463418] (-) TimerEvent: {}
[211.563747] (-) TimerEvent: {}
[211.664087] (-) TimerEvent: {}
[211.764420] (-) TimerEvent: {}
[211.864790] (-) TimerEvent: {}
[211.965139] (-) TimerEvent: {}
[211.995834] (mapviz_plugins) StdoutLine: {'line': b'[ 11%] Building CXX object CMakeFiles/mapviz_plugins.dir/include/mapviz_plugins/moc_point_drawing_plugin.cpp.o\n'}
[212.065253] (-) TimerEvent: {}
[212.166634] (-) TimerEvent: {}
[212.266865] (-) TimerEvent: {}
[212.367117] (-) TimerEvent: {}
[212.467344] (-) TimerEvent: {}
[212.567583] (-) TimerEvent: {}
[212.667853] (-) TimerEvent: {}
[212.768096] (-) TimerEvent: {}
[212.868326] (-) TimerEvent: {}
[212.968565] (-) TimerEvent: {}
[213.068790] (-) TimerEvent: {}
[213.169017] (-) TimerEvent: {}
[213.269382] (-) TimerEvent: {}
[213.370429] (-) TimerEvent: {}
[213.470652] (-) TimerEvent: {}
[213.570885] (-) TimerEvent: {}
[213.671123] (-) TimerEvent: {}
[213.771356] (-) TimerEvent: {}
[213.871585] (-) TimerEvent: {}
[213.971847] (-) TimerEvent: {}
[214.072070] (-) TimerEvent: {}
[214.172295] (-) TimerEvent: {}
[214.272517] (-) TimerEvent: {}
[214.372745] (-) TimerEvent: {}
[214.472980] (-) TimerEvent: {}
[214.573343] (-) TimerEvent: {}
[214.673569] (-) TimerEvent: {}
[214.773965] (-) TimerEvent: {}
[214.874339] (-) TimerEvent: {}
[214.974681] (-) TimerEvent: {}
[215.074912] (-) TimerEvent: {}
[215.175241] (-) TimerEvent: {}
[215.275587] (-) TimerEvent: {}
[215.375947] (-) TimerEvent: {}
[215.476275] (-) TimerEvent: {}
[215.576681] (-) TimerEvent: {}
[215.677011] (-) TimerEvent: {}
[215.777346] (-) TimerEvent: {}
[215.877676] (-) TimerEvent: {}
[215.978010] (-) TimerEvent: {}
[216.078234] (-) TimerEvent: {}
[216.178568] (-) TimerEvent: {}
[216.278911] (-) TimerEvent: {}
[216.379287] (-) TimerEvent: {}
[216.479672] (-) TimerEvent: {}
[216.580015] (-) TimerEvent: {}
[216.680346] (-) TimerEvent: {}
[216.780568] (-) TimerEvent: {}
[216.880911] (-) TimerEvent: {}
[216.981136] (-) TimerEvent: {}
[217.081359] (-) TimerEvent: {}
[217.181691] (-) TimerEvent: {}
[217.282025] (-) TimerEvent: {}
[217.382249] (-) TimerEvent: {}
[217.482586] (-) TimerEvent: {}
[217.582940] (-) TimerEvent: {}
[217.683272] (-) TimerEvent: {}
[217.783670] (-) TimerEvent: {}
[217.883969] (-) TimerEvent: {}
[217.984305] (-) TimerEvent: {}
[218.012141] (mapviz_plugins) StdoutLine: {'line': b'[ 12%] Building CXX object CMakeFiles/mapviz_plugins.dir/include/mapviz_plugins/moc_pose_plugin.cpp.o\n'}
[218.084406] (-) TimerEvent: {}
[218.184616] (-) TimerEvent: {}
[218.284835] (-) TimerEvent: {}
[218.385108] (-) TimerEvent: {}
[218.485325] (-) TimerEvent: {}
[218.585544] (-) TimerEvent: {}
[218.685781] (-) TimerEvent: {}
[218.786001] (-) TimerEvent: {}
[218.886219] (-) TimerEvent: {}
[218.986455] (-) TimerEvent: {}
[219.086693] (-) TimerEvent: {}
[219.186922] (-) TimerEvent: {}
[219.287150] (-) TimerEvent: {}
[219.387386] (-) TimerEvent: {}
[219.487624] (-) TimerEvent: {}
[219.587875] (-) TimerEvent: {}
[219.691738] (-) TimerEvent: {}
[219.792077] (-) TimerEvent: {}
[219.892427] (-) TimerEvent: {}
[219.992751] (-) TimerEvent: {}
[220.093084] (-) TimerEvent: {}
[220.193446] (-) TimerEvent: {}
[220.293797] (-) TimerEvent: {}
[220.394135] (-) TimerEvent: {}
[220.494483] (-) TimerEvent: {}
[220.594843] (-) TimerEvent: {}
[220.695193] (-) TimerEvent: {}
[220.795541] (-) TimerEvent: {}
[220.895891] (-) TimerEvent: {}
[220.996235] (-) TimerEvent: {}
[221.096575] (-) TimerEvent: {}
[221.196922] (-) TimerEvent: {}
[221.297155] (-) TimerEvent: {}
[221.397390] (-) TimerEvent: {}
[221.497622] (-) TimerEvent: {}
[221.597860] (-) TimerEvent: {}
[221.698091] (-) TimerEvent: {}
[221.798314] (-) TimerEvent: {}
[221.898640] (-) TimerEvent: {}
[221.998866] (-) TimerEvent: {}
[222.099187] (-) TimerEvent: {}
[222.199527] (-) TimerEvent: {}
[222.299892] (-) TimerEvent: {}
[222.400251] (-) TimerEvent: {}
[222.500581] (-) TimerEvent: {}
[222.600809] (-) TimerEvent: {}
[222.701136] (-) TimerEvent: {}
[222.801480] (-) TimerEvent: {}
[222.901853] (-) TimerEvent: {}
[223.002086] (-) TimerEvent: {}
[223.102429] (-) TimerEvent: {}
[223.202771] (-) TimerEvent: {}
[223.303111] (-) TimerEvent: {}
[223.403460] (-) TimerEvent: {}
[223.503835] (-) TimerEvent: {}
[223.604138] (-) TimerEvent: {}
[223.704481] (-) TimerEvent: {}
[223.804832] (-) TimerEvent: {}
[223.905193] (-) TimerEvent: {}
[224.005704] (-) TimerEvent: {}
[224.031976] (mapviz_plugins) StdoutLine: {'line': b'[ 13%] Building CXX object CMakeFiles/mapviz_plugins.dir/include/mapviz_plugins/moc_robot_image_plugin.cpp.o\n'}
[224.105829] (-) TimerEvent: {}
[224.206088] (-) TimerEvent: {}
[224.297793] (mapviz_plugins) StdoutLine: {'line': b'[ 14%] Building CXX object CMakeFiles/mapviz_plugins.dir/include/mapviz_plugins/moc_gps_plugin.cpp.o\n'}
[224.306242] (-) TimerEvent: {}
[224.406501] (-) TimerEvent: {}
[224.506750] (-) TimerEvent: {}
[224.607025] (-) TimerEvent: {}
[224.707291] (-) TimerEvent: {}
[224.807555] (-) TimerEvent: {}
[224.911749] (-) TimerEvent: {}
[225.012007] (-) TimerEvent: {}
[225.112279] (-) TimerEvent: {}
[225.212544] (-) TimerEvent: {}
[225.312814] (-) TimerEvent: {}
[225.413106] (-) TimerEvent: {}
[225.513373] (-) TimerEvent: {}
[225.613661] (-) TimerEvent: {}
[225.713933] (-) TimerEvent: {}
[225.814230] (-) TimerEvent: {}
[225.914515] (-) TimerEvent: {}
[226.014945] (-) TimerEvent: {}
[226.115349] (-) TimerEvent: {}
[226.215793] (-) TimerEvent: {}
[226.316199] (-) TimerEvent: {}
[226.336018] (mapviz_plugins) StdoutLine: {'line': b'[ 16%] Building CXX object CMakeFiles/mapviz_plugins.dir/include/mapviz_plugins/moc_route_plugin.cpp.o\n'}
[226.416319] (-) TimerEvent: {}
[226.519742] (-) TimerEvent: {}
[226.620124] (-) TimerEvent: {}
[226.720520] (-) TimerEvent: {}
[226.820928] (-) TimerEvent: {}
[226.921322] (-) TimerEvent: {}
[227.021731] (-) TimerEvent: {}
[227.122144] (-) TimerEvent: {}
[227.222411] (-) TimerEvent: {}
[227.322675] (-) TimerEvent: {}
[227.422953] (-) TimerEvent: {}
[227.523759] (-) TimerEvent: {}
[227.624087] (-) TimerEvent: {}
[227.724348] (-) TimerEvent: {}
[227.824608] (-) TimerEvent: {}
[227.925068] (-) TimerEvent: {}
[228.027279] (-) TimerEvent: {}
[228.127744] (-) TimerEvent: {}
[228.228133] (-) TimerEvent: {}
[228.328514] (-) TimerEvent: {}
[228.428903] (-) TimerEvent: {}
[228.529160] (-) TimerEvent: {}
[228.630409] (-) TimerEvent: {}
[228.730791] (-) TimerEvent: {}
[228.831307] (-) TimerEvent: {}
[228.932985] (-) TimerEvent: {}
[229.033477] (-) TimerEvent: {}
[229.133898] (-) TimerEvent: {}
[229.235710] (-) TimerEvent: {}
[229.336098] (-) TimerEvent: {}
[229.436564] (-) TimerEvent: {}
[229.537732] (-) TimerEvent: {}
[229.640697] (-) TimerEvent: {}
[229.741049] (-) TimerEvent: {}
[229.841320] (-) TimerEvent: {}
[229.943204] (-) TimerEvent: {}
[230.043474] (-) TimerEvent: {}
[230.143816] (-) TimerEvent: {}
[230.244075] (-) TimerEvent: {}
[230.344344] (-) TimerEvent: {}
[230.444609] (-) TimerEvent: {}
[230.544932] (-) TimerEvent: {}
[230.645194] (-) TimerEvent: {}
[230.746034] (-) TimerEvent: {}
[230.846313] (-) TimerEvent: {}
[230.947870] (-) TimerEvent: {}
[231.048138] (-) TimerEvent: {}
[231.148400] (-) TimerEvent: {}
[231.249619] (-) TimerEvent: {}
[231.349871] (-) TimerEvent: {}
[231.451172] (-) TimerEvent: {}
[231.551441] (-) TimerEvent: {}
[231.651734] (-) TimerEvent: {}
[231.751987] (-) TimerEvent: {}
[231.852251] (-) TimerEvent: {}
[231.955755] (-) TimerEvent: {}
[232.059738] (-) TimerEvent: {}
[232.159986] (-) TimerEvent: {}
[232.260251] (-) TimerEvent: {}
[232.363744] (-) TimerEvent: {}
[232.464000] (-) TimerEvent: {}
[232.564258] (-) TimerEvent: {}
[232.664537] (-) TimerEvent: {}
[232.764796] (-) TimerEvent: {}
[232.865059] (-) TimerEvent: {}
[232.965318] (-) TimerEvent: {}
[233.065718] (-) TimerEvent: {}
[233.166201] (-) TimerEvent: {}
[233.266705] (-) TimerEvent: {}
[233.367075] (-) TimerEvent: {}
[233.467488] (-) TimerEvent: {}
[233.567997] (-) TimerEvent: {}
[233.668382] (-) TimerEvent: {}
[233.768813] (-) TimerEvent: {}
[233.869211] (-) TimerEvent: {}
[233.969619] (-) TimerEvent: {}
[234.070029] (-) TimerEvent: {}
[234.170430] (-) TimerEvent: {}
[234.270864] (-) TimerEvent: {}
[234.371294] (-) TimerEvent: {}
[234.473392] (-) TimerEvent: {}
[234.573863] (-) TimerEvent: {}
[234.674251] (-) TimerEvent: {}
[234.774584] (-) TimerEvent: {}
[234.874887] (-) TimerEvent: {}
[234.975157] (-) TimerEvent: {}
[235.075704] (-) TimerEvent: {}
[235.176131] (-) TimerEvent: {}
[235.277088] (-) TimerEvent: {}
[235.378859] (-) TimerEvent: {}
[235.479132] (-) TimerEvent: {}
[235.579422] (-) TimerEvent: {}
[235.679726] (-) TimerEvent: {}
[235.782021] (-) TimerEvent: {}
[235.882303] (-) TimerEvent: {}
[235.982631] (-) TimerEvent: {}
[236.083001] (-) TimerEvent: {}
[236.183260] (-) TimerEvent: {}
[236.283553] (-) TimerEvent: {}
[236.384864] (-) TimerEvent: {}
[236.485090] (-) TimerEvent: {}
[236.585316] (-) TimerEvent: {}
[236.685542] (-) TimerEvent: {}
[236.785758] (-) TimerEvent: {}
[236.885988] (-) TimerEvent: {}
[236.986212] (-) TimerEvent: {}
[237.086434] (-) TimerEvent: {}
[237.186817] (-) TimerEvent: {}
[237.287146] (-) TimerEvent: {}
[237.387461] (-) TimerEvent: {}
[237.487776] (-) TimerEvent: {}
[237.587987] (-) TimerEvent: {}
[237.688300] (-) TimerEvent: {}
[237.788518] (-) TimerEvent: {}
[237.888810] (-) TimerEvent: {}
[237.939672] (mapviz_plugins) StdoutLine: {'line': b'[ 17%] Building CXX object CMakeFiles/mapviz_plugins.dir/include/mapviz_plugins/moc_textured_marker_plugin.cpp.o\n'}
[237.988924] (-) TimerEvent: {}
[238.089145] (-) TimerEvent: {}
[238.189429] (-) TimerEvent: {}
[238.289687] (-) TimerEvent: {}
[238.389936] (-) TimerEvent: {}
[238.490218] (-) TimerEvent: {}
[238.590547] (-) TimerEvent: {}
[238.690824] (-) TimerEvent: {}
[238.791155] (-) TimerEvent: {}
[238.891491] (-) TimerEvent: {}
[238.991824] (-) TimerEvent: {}
[239.092185] (-) TimerEvent: {}
[239.192409] (-) TimerEvent: {}
[239.292753] (-) TimerEvent: {}
[239.393303] (-) TimerEvent: {}
[239.494636] (-) TimerEvent: {}
[239.594965] (-) TimerEvent: {}
[239.695290] (-) TimerEvent: {}
[239.795672] (-) TimerEvent: {}
[239.895907] (-) TimerEvent: {}
[239.996221] (-) TimerEvent: {}
[240.096540] (-) TimerEvent: {}
[240.196975] (-) TimerEvent: {}
[240.297418] (-) TimerEvent: {}
[240.397730] (-) TimerEvent: {}
[240.498062] (-) TimerEvent: {}
[240.598389] (-) TimerEvent: {}
[240.698753] (-) TimerEvent: {}
[240.799126] (-) TimerEvent: {}
[240.899357] (-) TimerEvent: {}
[240.999742] (-) TimerEvent: {}
[241.099965] (-) TimerEvent: {}
[241.200296] (-) TimerEvent: {}
[241.300655] (-) TimerEvent: {}
[241.400987] (-) TimerEvent: {}
[241.501339] (-) TimerEvent: {}
[241.601667] (-) TimerEvent: {}
[241.701894] (-) TimerEvent: {}
[241.802230] (-) TimerEvent: {}
[241.902448] (-) TimerEvent: {}
[242.002793] (-) TimerEvent: {}
[242.103115] (-) TimerEvent: {}
[242.203458] (-) TimerEvent: {}
[242.303824] (-) TimerEvent: {}
[242.404222] (-) TimerEvent: {}
[242.504557] (-) TimerEvent: {}
[242.604878] (-) TimerEvent: {}
[242.705202] (-) TimerEvent: {}
[242.805545] (-) TimerEvent: {}
[242.905877] (-) TimerEvent: {}
[243.006376] (-) TimerEvent: {}
[243.106862] (-) TimerEvent: {}
[243.207570] (-) TimerEvent: {}
[243.307951] (-) TimerEvent: {}
[243.408290] (-) TimerEvent: {}
[243.509054] (-) TimerEvent: {}
[243.609410] (-) TimerEvent: {}
[243.709800] (-) TimerEvent: {}
[243.810279] (-) TimerEvent: {}
[243.910636] (-) TimerEvent: {}
[243.958573] (mapviz_plugins) StdoutLine: {'line': b'[ 18%] Building CXX object CMakeFiles/mapviz_plugins.dir/include/mapviz_plugins/moc_tf_frame_plugin.cpp.o\n'}
[244.011866] (-) TimerEvent: {}
[244.112263] (-) TimerEvent: {}
[244.212672] (-) TimerEvent: {}
[244.313069] (-) TimerEvent: {}
[244.413457] (-) TimerEvent: {}
[244.514213] (-) TimerEvent: {}
[244.616997] (-) TimerEvent: {}
[244.717390] (-) TimerEvent: {}
[244.817788] (-) TimerEvent: {}
[244.918172] (-) TimerEvent: {}
[244.984038] (mapviz_plugins) StdoutLine: {'line': b'[ 18%] Building CXX object CMakeFiles/mapviz_plugins.dir/include/mapviz_plugins/moc_string_plugin.cpp.o\n'}
[245.018301] (-) TimerEvent: {}
[245.123771] (-) TimerEvent: {}
[245.224170] (-) TimerEvent: {}
[245.324540] (-) TimerEvent: {}
[245.424925] (-) TimerEvent: {}
[245.525355] (-) TimerEvent: {}
[245.625738] (-) TimerEvent: {}
[245.726144] (-) TimerEvent: {}
[245.831748] (-) TimerEvent: {}
[245.932122] (-) TimerEvent: {}
[246.014705] (mapviz_plugins) StdoutLine: {'line': b'[ 18%] Building CXX object CMakeFiles/mapviz_plugins.dir/include/mapviz_plugins/moc_float_plugin.cpp.o\n'}
[246.032249] (-) TimerEvent: {}
[246.132673] (-) TimerEvent: {}
[246.233065] (-) TimerEvent: {}
[246.335764] (-) TimerEvent: {}
[246.354200] (mapviz_plugins) StdoutLine: {'line': b'[ 19%] Building CXX object CMakeFiles/mapviz_plugins.dir/include/mapviz_plugins/moc_topic_select.cpp.o\n'}
[246.435899] (-) TimerEvent: {}
[246.536276] (-) TimerEvent: {}
[246.636682] (-) TimerEvent: {}
[246.739745] (-) TimerEvent: {}
[246.840087] (-) TimerEvent: {}
[246.940405] (-) TimerEvent: {}
[247.043788] (-) TimerEvent: {}
[247.147740] (-) TimerEvent: {}
[247.251762] (-) TimerEvent: {}
[247.352165] (-) TimerEvent: {}
[247.455758] (-) TimerEvent: {}
[247.556179] (-) TimerEvent: {}
[247.656553] (-) TimerEvent: {}
[247.756810] (-) TimerEvent: {}
[247.857080] (-) TimerEvent: {}
[247.957343] (-) TimerEvent: {}
[248.057763] (-) TimerEvent: {}
[248.158196] (-) TimerEvent: {}
[248.258615] (-) TimerEvent: {}
[248.359015] (-) TimerEvent: {}
[248.459451] (-) TimerEvent: {}
[248.559884] (-) TimerEvent: {}
[248.660293] (-) TimerEvent: {}
[248.760557] (-) TimerEvent: {}
[248.863762] (-) TimerEvent: {}
[248.964214] (-) TimerEvent: {}
[249.064660] (-) TimerEvent: {}
[249.165064] (-) TimerEvent: {}
[249.265479] (-) TimerEvent: {}
[249.365890] (-) TimerEvent: {}
[249.466320] (-) TimerEvent: {}
[249.566732] (-) TimerEvent: {}
[249.667130] (-) TimerEvent: {}
[249.767562] (-) TimerEvent: {}
[249.867986] (-) TimerEvent: {}
[249.968250] (-) TimerEvent: {}
[250.068526] (-) TimerEvent: {}
[250.171759] (-) TimerEvent: {}
[250.275758] (-) TimerEvent: {}
[250.376168] (-) TimerEvent: {}
[250.476584] (-) TimerEvent: {}
[250.576973] (-) TimerEvent: {}
[250.679750] (-) TimerEvent: {}
[250.780140] (-) TimerEvent: {}
[250.880562] (-) TimerEvent: {}
[250.983762] (-) TimerEvent: {}
[251.087751] (-) TimerEvent: {}
[251.188146] (-) TimerEvent: {}
[251.288548] (-) TimerEvent: {}
[251.388941] (-) TimerEvent: {}
[251.489344] (-) TimerEvent: {}
[251.589735] (-) TimerEvent: {}
[251.695906] (-) TimerEvent: {}
[251.803764] (-) TimerEvent: {}
[251.904173] (-) TimerEvent: {}
[252.004563] (-) TimerEvent: {}
[252.104974] (-) TimerEvent: {}
[252.209879] (-) TimerEvent: {}
[252.310351] (-) TimerEvent: {}
[252.410857] (-) TimerEvent: {}
[252.511262] (-) TimerEvent: {}
[252.611729] (-) TimerEvent: {}
[252.712109] (-) TimerEvent: {}
[252.815761] (-) TimerEvent: {}
[252.919760] (-) TimerEvent: {}
[253.023769] (-) TimerEvent: {}
[253.124161] (-) TimerEvent: {}
[253.227753] (-) TimerEvent: {}
[253.328119] (-) TimerEvent: {}
[253.428526] (-) TimerEvent: {}
[253.531772] (-) TimerEvent: {}
[253.632161] (-) TimerEvent: {}
[253.732421] (-) TimerEvent: {}
[253.832835] (-) TimerEvent: {}
[253.933223] (-) TimerEvent: {}
[254.033492] (-) TimerEvent: {}
[254.169410] (-) TimerEvent: {}
[254.269665] (-) TimerEvent: {}
[254.370061] (-) TimerEvent: {}
[254.470333] (-) TimerEvent: {}
[254.570786] (-) TimerEvent: {}
[254.671230] (-) TimerEvent: {}
[254.771617] (-) TimerEvent: {}
[254.879772] (-) TimerEvent: {}
[254.999883] (-) TimerEvent: {}
[255.107778] (-) TimerEvent: {}
[255.208196] (-) TimerEvent: {}
[255.311774] (-) TimerEvent: {}
[255.415891] (-) TimerEvent: {}
[255.516165] (-) TimerEvent: {}
[255.616594] (-) TimerEvent: {}
[255.719746] (-) TimerEvent: {}
[255.823756] (-) TimerEvent: {}
[255.927822] (-) TimerEvent: {}
[256.028096] (-) TimerEvent: {}
[256.131752] (-) TimerEvent: {}
[256.232146] (-) TimerEvent: {}
[256.335752] (-) TimerEvent: {}
[256.443829] (-) TimerEvent: {}
[256.544398] (-) TimerEvent: {}
[256.648186] (-) TimerEvent: {}
[256.751747] (-) TimerEvent: {}
[256.867878] (-) TimerEvent: {}
[256.995813] (-) TimerEvent: {}
[257.096216] (-) TimerEvent: {}
[257.196481] (-) TimerEvent: {}
[257.296759] (-) TimerEvent: {}
[257.397197] (-) TimerEvent: {}
[257.503752] (-) TimerEvent: {}
[257.604154] (-) TimerEvent: {}
[257.704596] (-) TimerEvent: {}
[257.808913] (-) TimerEvent: {}
[257.909219] (-) TimerEvent: {}
[258.009481] (-) TimerEvent: {}
[258.109779] (-) TimerEvent: {}
[258.210052] (-) TimerEvent: {}
[258.311142] (-) TimerEvent: {}
[258.419437] (-) TimerEvent: {}
[258.531757] (-) TimerEvent: {}
[258.635754] (-) TimerEvent: {}
[258.739273] (-) TimerEvent: {}
[258.839627] (-) TimerEvent: {}
[258.940410] (-) TimerEvent: {}
[259.040681] (-) TimerEvent: {}
[259.143206] (-) TimerEvent: {}
[259.243671] (-) TimerEvent: {}
[259.343934] (-) TimerEvent: {}
[259.444395] (-) TimerEvent: {}
[259.547002] (-) TimerEvent: {}
[259.647417] (-) TimerEvent: {}
[259.752313] (-) TimerEvent: {}
[259.852625] (-) TimerEvent: {}
[259.955765] (-) TimerEvent: {}
[260.056045] (-) TimerEvent: {}
[260.156508] (-) TimerEvent: {}
[260.256933] (-) TimerEvent: {}
[260.357319] (-) TimerEvent: {}
[260.457771] (-) TimerEvent: {}
[260.559527] (-) TimerEvent: {}
[260.660341] (-) TimerEvent: {}
[260.761446] (-) TimerEvent: {}
[260.861818] (-) TimerEvent: {}
[260.963464] (-) TimerEvent: {}
[261.099282] (-) TimerEvent: {}
[261.199758] (-) TimerEvent: {}
[261.300355] (-) TimerEvent: {}
[261.400609] (-) TimerEvent: {}
[261.500883] (-) TimerEvent: {}
[261.603760] (-) TimerEvent: {}
[261.704049] (-) TimerEvent: {}
[261.804319] (-) TimerEvent: {}
[261.904956] (-) TimerEvent: {}
[262.005222] (-) TimerEvent: {}
[262.105500] (-) TimerEvent: {}
[262.205774] (-) TimerEvent: {}
[262.306118] (-) TimerEvent: {}
[262.406432] (-) TimerEvent: {}
[262.506772] (-) TimerEvent: {}
[262.607321] (-) TimerEvent: {}
[262.707776] (-) TimerEvent: {}
[262.809222] (-) TimerEvent: {}
[262.909523] (-) TimerEvent: {}
[263.009901] (-) TimerEvent: {}
[263.110770] (-) TimerEvent: {}
[263.211064] (-) TimerEvent: {}
[263.311352] (-) TimerEvent: {}
[263.411783] (-) TimerEvent: {}
[263.512804] (-) TimerEvent: {}
[263.613165] (-) TimerEvent: {}
[263.713925] (-) TimerEvent: {}
[263.814203] (-) TimerEvent: {}
[263.915773] (-) TimerEvent: {}
[264.016034] (-) TimerEvent: {}
[264.116271] (-) TimerEvent: {}
[264.216506] (-) TimerEvent: {}
[264.329224] (-) TimerEvent: {}
[264.343373] (mapviz_plugins) StdoutLine: {'line': b'[ 20%] Building CXX object CMakeFiles/mapviz_plugins.dir/src/coordinate_picker_plugin.cpp.o\n'}
[264.429343] (-) TimerEvent: {}
[264.530757] (-) TimerEvent: {}
[264.631161] (-) TimerEvent: {}
[264.731409] (-) TimerEvent: {}
[264.831625] (-) TimerEvent: {}
[264.933032] (-) TimerEvent: {}
[265.033362] (-) TimerEvent: {}
[265.133956] (-) TimerEvent: {}
[265.234174] (-) TimerEvent: {}
[265.334402] (-) TimerEvent: {}
[265.434632] (-) TimerEvent: {}
[265.534871] (-) TimerEvent: {}
[265.638770] (-) TimerEvent: {}
[265.739014] (-) TimerEvent: {}
[265.839246] (-) TimerEvent: {}
[265.939476] (-) TimerEvent: {}
[266.039766] (-) TimerEvent: {}
[266.140138] (-) TimerEvent: {}
[266.240397] (-) TimerEvent: {}
[266.340613] (-) TimerEvent: {}
[266.440835] (-) TimerEvent: {}
[266.541063] (-) TimerEvent: {}
[266.641290] (-) TimerEvent: {}
[266.741525] (-) TimerEvent: {}
[266.841760] (-) TimerEvent: {}
[266.941996] (-) TimerEvent: {}
[267.042240] (-) TimerEvent: {}
[267.142482] (-) TimerEvent: {}
[267.242726] (-) TimerEvent: {}
[267.342966] (-) TimerEvent: {}
[267.443201] (-) TimerEvent: {}
[267.543427] (-) TimerEvent: {}
[267.643841] (-) TimerEvent: {}
[267.744076] (-) TimerEvent: {}
[267.844433] (-) TimerEvent: {}
[267.944806] (-) TimerEvent: {}
[268.045152] (-) TimerEvent: {}
[268.145490] (-) TimerEvent: {}
[268.245852] (-) TimerEvent: {}
[268.346201] (-) TimerEvent: {}
[268.446550] (-) TimerEvent: {}
[268.546781] (-) TimerEvent: {}
[268.647179] (-) TimerEvent: {}
[268.747415] (-) TimerEvent: {}
[268.847798] (-) TimerEvent: {}
[268.948028] (-) TimerEvent: {}
[269.048384] (-) TimerEvent: {}
[269.148616] (-) TimerEvent: {}
[269.249074] (-) TimerEvent: {}
[269.349303] (-) TimerEvent: {}
[269.449651] (-) TimerEvent: {}
[269.549880] (-) TimerEvent: {}
[269.650148] (-) TimerEvent: {}
[269.750564] (-) TimerEvent: {}
[269.850790] (-) TimerEvent: {}
[269.951032] (-) TimerEvent: {}
[270.051370] (-) TimerEvent: {}
[270.151741] (-) TimerEvent: {}
[270.251984] (-) TimerEvent: {}
[270.352327] (-) TimerEvent: {}
[270.452565] (-) TimerEvent: {}
[270.552916] (-) TimerEvent: {}
[270.653139] (-) TimerEvent: {}
[270.753365] (-) TimerEvent: {}
[270.853707] (-) TimerEvent: {}
[270.954088] (-) TimerEvent: {}
[271.054313] (-) TimerEvent: {}
[271.154673] (-) TimerEvent: {}
[271.255045] (-) TimerEvent: {}
[271.355413] (-) TimerEvent: {}
[271.455758] (-) TimerEvent: {}
[271.556138] (-) TimerEvent: {}
[271.656354] (-) TimerEvent: {}
[271.719171] (mapviz_plugins) StdoutLine: {'line': b'[ 22%] Building CXX object CMakeFiles/mapviz_plugins.dir/src/disparity_plugin.cpp.o\n'}
[271.757563] (-) TimerEvent: {}
[271.857966] (-) TimerEvent: {}
[271.958298] (-) TimerEvent: {}
[272.058644] (-) TimerEvent: {}
[272.158991] (-) TimerEvent: {}
[272.259190] (-) TimerEvent: {}
[272.359553] (-) TimerEvent: {}
[272.460490] (-) TimerEvent: {}
[272.561104] (-) TimerEvent: {}
[272.661502] (-) TimerEvent: {}
[272.761711] (-) TimerEvent: {}
[272.861946] (-) TimerEvent: {}
[272.962847] (-) TimerEvent: {}
[273.063071] (-) TimerEvent: {}
[273.163288] (-) TimerEvent: {}
[273.263527] (-) TimerEvent: {}
[273.363802] (-) TimerEvent: {}
[273.464027] (-) TimerEvent: {}
[273.564258] (-) TimerEvent: {}
[273.664483] (-) TimerEvent: {}
[273.764821] (-) TimerEvent: {}
[273.865058] (-) TimerEvent: {}
[273.965283] (-) TimerEvent: {}
[274.065514] (-) TimerEvent: {}
[274.165736] (-) TimerEvent: {}
[274.265959] (-) TimerEvent: {}
[274.366195] (-) TimerEvent: {}
[274.466420] (-) TimerEvent: {}
[274.566760] (-) TimerEvent: {}
[274.666989] (-) TimerEvent: {}
[274.767214] (-) TimerEvent: {}
[274.867442] (-) TimerEvent: {}
[274.967960] (-) TimerEvent: {}
[275.068180] (-) TimerEvent: {}
[275.168406] (-) TimerEvent: {}
[275.268626] (-) TimerEvent: {}
[275.368854] (-) TimerEvent: {}
[275.469079] (-) TimerEvent: {}
[275.569313] (-) TimerEvent: {}
[275.669538] (-) TimerEvent: {}
[275.769758] (-) TimerEvent: {}
[275.869980] (-) TimerEvent: {}
[275.970216] (-) TimerEvent: {}
[276.070443] (-) TimerEvent: {}
[276.170664] (-) TimerEvent: {}
[276.270890] (-) TimerEvent: {}
[276.371124] (-) TimerEvent: {}
[276.471352] (-) TimerEvent: {}
[276.571576] (-) TimerEvent: {}
[276.671920] (-) TimerEvent: {}
[276.772252] (-) TimerEvent: {}
[276.872472] (-) TimerEvent: {}
[276.972691] (-) TimerEvent: {}
[277.072914] (-) TimerEvent: {}
[277.173139] (-) TimerEvent: {}
[277.273358] (-) TimerEvent: {}
[277.373587] (-) TimerEvent: {}
[277.473812] (-) TimerEvent: {}
[277.574036] (-) TimerEvent: {}
[277.674406] (-) TimerEvent: {}
[277.774632] (-) TimerEvent: {}
[277.874969] (-) TimerEvent: {}
[277.975201] (-) TimerEvent: {}
[278.075424] (-) TimerEvent: {}
[278.175789] (-) TimerEvent: {}
[278.276016] (-) TimerEvent: {}
[278.376253] (-) TimerEvent: {}
[278.476482] (-) TimerEvent: {}
[278.576712] (-) TimerEvent: {}
[278.677036] (-) TimerEvent: {}
[278.777263] (-) TimerEvent: {}
[278.877561] (-) TimerEvent: {}
[278.977889] (-) TimerEvent: {}
[279.078110] (-) TimerEvent: {}
[279.178346] (-) TimerEvent: {}
[279.278567] (-) TimerEvent: {}
[279.378896] (-) TimerEvent: {}
[279.479080] (-) TimerEvent: {}
[279.579321] (-) TimerEvent: {}
[279.679547] (-) TimerEvent: {}
[279.779746] (-) TimerEvent: {}
[279.879967] (-) TimerEvent: {}
[279.980185] (-) TimerEvent: {}
[280.080508] (-) TimerEvent: {}
[280.180733] (-) TimerEvent: {}
[280.280954] (-) TimerEvent: {}
[280.381174] (-) TimerEvent: {}
[280.481393] (-) TimerEvent: {}
[280.581616] (-) TimerEvent: {}
[280.681837] (-) TimerEvent: {}
[280.782060] (-) TimerEvent: {}
[280.882282] (-) TimerEvent: {}
[280.982503] (-) TimerEvent: {}
[281.082715] (-) TimerEvent: {}
[281.183033] (-) TimerEvent: {}
[281.283260] (-) TimerEvent: {}
[281.383485] (-) TimerEvent: {}
[281.483892] (-) TimerEvent: {}
[281.584122] (-) TimerEvent: {}
[281.684365] (-) TimerEvent: {}
[281.784589] (-) TimerEvent: {}
[281.884817] (-) TimerEvent: {}
[281.985046] (-) TimerEvent: {}
[282.085458] (-) TimerEvent: {}
[282.185676] (-) TimerEvent: {}
[282.285897] (-) TimerEvent: {}
[282.386126] (-) TimerEvent: {}
[282.486353] (-) TimerEvent: {}
[282.586610] (-) TimerEvent: {}
[282.686922] (-) TimerEvent: {}
[282.787533] (-) TimerEvent: {}
[282.887842] (-) TimerEvent: {}
[282.988319] (-) TimerEvent: {}
[283.088528] (-) TimerEvent: {}
[283.188740] (-) TimerEvent: {}
[283.288965] (-) TimerEvent: {}
[283.389381] (-) TimerEvent: {}
[283.489609] (-) TimerEvent: {}
[283.589838] (-) TimerEvent: {}
[283.690069] (-) TimerEvent: {}
[283.790376] (-) TimerEvent: {}
[283.890598] (-) TimerEvent: {}
[283.990817] (-) TimerEvent: {}
[284.091019] (-) TimerEvent: {}
[284.191231] (-) TimerEvent: {}
[284.291439] (-) TimerEvent: {}
[284.391729] (-) TimerEvent: {}
[284.491957] (-) TimerEvent: {}
[284.592308] (-) TimerEvent: {}
[284.692519] (-) TimerEvent: {}
[284.792734] (-) TimerEvent: {}
[284.892947] (-) TimerEvent: {}
[284.993160] (-) TimerEvent: {}
[285.093377] (-) TimerEvent: {}
[285.193593] (-) TimerEvent: {}
[285.293807] (-) TimerEvent: {}
[285.394006] (-) TimerEvent: {}
[285.494208] (-) TimerEvent: {}
[285.594422] (-) TimerEvent: {}
[285.699340] (-) TimerEvent: {}
[285.799568] (-) TimerEvent: {}
[285.899815] (-) TimerEvent: {}
[286.000039] (-) TimerEvent: {}
[286.100267] (-) TimerEvent: {}
[286.200548] (-) TimerEvent: {}
[286.300825] (-) TimerEvent: {}
[286.401056] (-) TimerEvent: {}
[286.476328] (mapviz_plugins) StdoutLine: {'line': b'[ 23%] Building CXX object CMakeFiles/mapviz_plugins.dir/src/draw_polygon_plugin.cpp.o\n'}
[286.501147] (-) TimerEvent: {}
[286.601475] (-) TimerEvent: {}
[286.701709] (-) TimerEvent: {}
[286.801949] (-) TimerEvent: {}
[286.902180] (-) TimerEvent: {}
[287.002404] (-) TimerEvent: {}
[287.102645] (-) TimerEvent: {}
[287.202886] (-) TimerEvent: {}
[287.303122] (-) TimerEvent: {}
[287.403372] (-) TimerEvent: {}
[287.503624] (-) TimerEvent: {}
[287.603888] (-) TimerEvent: {}
[287.704198] (-) TimerEvent: {}
[287.804520] (-) TimerEvent: {}
[287.904729] (-) TimerEvent: {}
[288.004944] (-) TimerEvent: {}
[288.105158] (-) TimerEvent: {}
[288.205488] (-) TimerEvent: {}
[288.305837] (-) TimerEvent: {}
[288.406742] (-) TimerEvent: {}
[288.507074] (-) TimerEvent: {}
[288.607298] (-) TimerEvent: {}
[288.707581] (-) TimerEvent: {}
[288.807928] (-) TimerEvent: {}
[288.908238] (-) TimerEvent: {}
[289.008633] (-) TimerEvent: {}
[289.108966] (-) TimerEvent: {}
[289.209231] (-) TimerEvent: {}
[289.309571] (-) TimerEvent: {}
[289.409859] (-) TimerEvent: {}
[289.510207] (-) TimerEvent: {}
[289.610449] (-) TimerEvent: {}
[289.710967] (-) TimerEvent: {}
[289.811200] (-) TimerEvent: {}
[289.911436] (-) TimerEvent: {}
[290.011803] (-) TimerEvent: {}
[290.112139] (-) TimerEvent: {}
[290.212387] (-) TimerEvent: {}
[290.312856] (-) TimerEvent: {}
[290.413101] (-) TimerEvent: {}
[290.513566] (-) TimerEvent: {}
[290.614008] (-) TimerEvent: {}
[290.714352] (-) TimerEvent: {}
[290.814589] (-) TimerEvent: {}
[290.914897] (-) TimerEvent: {}
[291.015301] (-) TimerEvent: {}
[291.115675] (-) TimerEvent: {}
[291.215900] (-) TimerEvent: {}
[291.316127] (-) TimerEvent: {}
[291.416420] (-) TimerEvent: {}
[291.516762] (-) TimerEvent: {}
[291.617148] (-) TimerEvent: {}
[291.717528] (-) TimerEvent: {}
[291.817942] (-) TimerEvent: {}
[291.918385] (-) TimerEvent: {}
[292.018620] (-) TimerEvent: {}
[292.118848] (-) TimerEvent: {}
[292.219084] (-) TimerEvent: {}
[292.319352] (-) TimerEvent: {}
[292.419836] (-) TimerEvent: {}
[292.520060] (-) TimerEvent: {}
[292.620332] (-) TimerEvent: {}
[292.720698] (-) TimerEvent: {}
[292.821073] (-) TimerEvent: {}
[292.921477] (-) TimerEvent: {}
[293.021849] (-) TimerEvent: {}
[293.122199] (-) TimerEvent: {}
[293.222464] (-) TimerEvent: {}
[293.322930] (-) TimerEvent: {}
[293.423170] (-) TimerEvent: {}
[293.523399] (-) TimerEvent: {}
[293.623747] (-) TimerEvent: {}
[293.723973] (-) TimerEvent: {}
[293.824314] (-) TimerEvent: {}
[293.924612] (-) TimerEvent: {}
[294.024836] (-) TimerEvent: {}
[294.125189] (-) TimerEvent: {}
[294.225428] (-) TimerEvent: {}
[294.325781] (-) TimerEvent: {}
[294.426135] (-) TimerEvent: {}
[294.526489] (-) TimerEvent: {}
[294.626851] (-) TimerEvent: {}
[294.727236] (-) TimerEvent: {}
[294.827667] (-) TimerEvent: {}
[294.927923] (-) TimerEvent: {}
[295.026947] (mapviz_plugins) StdoutLine: {'line': b'[ 24%] Building CXX object CMakeFiles/mapviz_plugins.dir/src/float_plugin.cpp.o\n'}
[295.028013] (-) TimerEvent: {}
[295.128698] (-) TimerEvent: {}
[295.229909] (-) TimerEvent: {}
[295.330147] (-) TimerEvent: {}
[295.430368] (-) TimerEvent: {}
[295.530595] (-) TimerEvent: {}
[295.630833] (-) TimerEvent: {}
[295.731067] (-) TimerEvent: {}
[295.831279] (-) TimerEvent: {}
[295.931524] (-) TimerEvent: {}
[296.031792] (-) TimerEvent: {}
[296.132122] (-) TimerEvent: {}
[296.233468] (-) TimerEvent: {}
[296.333802] (-) TimerEvent: {}
[296.434035] (-) TimerEvent: {}
[296.534258] (-) TimerEvent: {}
[296.634487] (-) TimerEvent: {}
[296.734719] (-) TimerEvent: {}
[296.834951] (-) TimerEvent: {}
[296.935176] (-) TimerEvent: {}
[297.035405] (-) TimerEvent: {}
[297.135664] (-) TimerEvent: {}
[297.235897] (-) TimerEvent: {}
[297.336124] (-) TimerEvent: {}
[297.436363] (-) TimerEvent: {}
[297.536597] (-) TimerEvent: {}
[297.636818] (-) TimerEvent: {}
[297.737041] (-) TimerEvent: {}
[297.837294] (-) TimerEvent: {}
[297.937521] (-) TimerEvent: {}
[298.037745] (-) TimerEvent: {}
[298.138032] (-) TimerEvent: {}
[298.238259] (-) TimerEvent: {}
[298.338492] (-) TimerEvent: {}
[298.438719] (-) TimerEvent: {}
[298.538948] (-) TimerEvent: {}
[298.639178] (-) TimerEvent: {}
[298.739406] (-) TimerEvent: {}
[298.839995] (-) TimerEvent: {}
[298.940609] (-) TimerEvent: {}
[299.041460] (-) TimerEvent: {}
[299.041882] (mapviz_plugins) StdoutLine: {'line': b'[ 25%] Building CXX object CMakeFiles/mapviz_plugins.dir/src/gps_plugin.cpp.o\n'}
[299.143740] (-) TimerEvent: {}
[299.244120] (-) TimerEvent: {}
[299.344494] (-) TimerEvent: {}
[299.444873] (-) TimerEvent: {}
[299.545251] (-) TimerEvent: {}
[299.645633] (-) TimerEvent: {}
[299.746036] (-) TimerEvent: {}
[299.846454] (-) TimerEvent: {}
[299.946887] (-) TimerEvent: {}
[300.047315] (-) TimerEvent: {}
[300.147765] (-) TimerEvent: {}
[300.251919] (-) TimerEvent: {}
[300.352288] (-) TimerEvent: {}
[300.452680] (-) TimerEvent: {}
[300.553081] (-) TimerEvent: {}
[300.653497] (-) TimerEvent: {}
[300.753925] (-) TimerEvent: {}
[300.854305] (-) TimerEvent: {}
[300.954739] (-) TimerEvent: {}
[301.055441] (-) TimerEvent: {}
[301.071386] (mapviz_plugins) StdoutLine: {'line': b'[ 25%] Building CXX object CMakeFiles/mapviz_plugins.dir/src/canvas_click_filter.cpp.o\n'}
[301.159748] (-) TimerEvent: {}
[301.260122] (-) TimerEvent: {}
[301.360521] (-) TimerEvent: {}
[301.460942] (-) TimerEvent: {}
[301.561333] (-) TimerEvent: {}
[301.662224] (-) TimerEvent: {}
[301.762832] (-) TimerEvent: {}
[301.863229] (-) TimerEvent: {}
[301.963613] (-) TimerEvent: {}
[302.067761] (-) TimerEvent: {}
[302.171758] (-) TimerEvent: {}
[302.272159] (-) TimerEvent: {}
[302.372574] (-) TimerEvent: {}
[302.473142] (-) TimerEvent: {}
[302.573931] (-) TimerEvent: {}
[302.674511] (-) TimerEvent: {}
[302.775087] (-) TimerEvent: {}
[302.875507] (-) TimerEvent: {}
[302.975984] (-) TimerEvent: {}
[303.076537] (-) TimerEvent: {}
[303.101520] (mapviz_plugins) StdoutLine: {'line': b'[ 26%] Building CXX object CMakeFiles/mapviz_plugins.dir/src/attitude_indicator_plugin.cpp.o\n'}
[303.176656] (-) TimerEvent: {}
[303.277012] (-) TimerEvent: {}
[303.377391] (-) TimerEvent: {}
[303.478303] (-) TimerEvent: {}
[303.578666] (-) TimerEvent: {}
[303.683753] (-) TimerEvent: {}
[303.784145] (-) TimerEvent: {}
[303.884521] (-) TimerEvent: {}
[303.984899] (-) TimerEvent: {}
[304.085325] (-) TimerEvent: {}
[304.185739] (-) TimerEvent: {}
[304.286149] (-) TimerEvent: {}
[304.386556] (-) TimerEvent: {}
[304.486961] (-) TimerEvent: {}
[304.590316] (-) TimerEvent: {}
[304.690765] (-) TimerEvent: {}
[304.791211] (-) TimerEvent: {}
[304.891615] (-) TimerEvent: {}
[304.995776] (-) TimerEvent: {}
[305.096171] (-) TimerEvent: {}
[305.196604] (-) TimerEvent: {}
[305.297029] (-) TimerEvent: {}
[305.397431] (-) TimerEvent: {}
[305.497836] (-) TimerEvent: {}
[305.598251] (-) TimerEvent: {}
[305.698657] (-) TimerEvent: {}
[305.800664] (-) TimerEvent: {}
[305.901065] (-) TimerEvent: {}
[306.001466] (-) TimerEvent: {}
[306.107758] (-) TimerEvent: {}
[306.208149] (-) TimerEvent: {}
[306.308550] (-) TimerEvent: {}
[306.408981] (-) TimerEvent: {}
[306.509406] (-) TimerEvent: {}
[306.609807] (-) TimerEvent: {}
[306.710201] (-) TimerEvent: {}
[306.810621] (-) TimerEvent: {}
[306.911027] (-) TimerEvent: {}
[307.011433] (-) TimerEvent: {}
[307.112440] (-) TimerEvent: {}
[307.212892] (-) TimerEvent: {}
[307.315784] (-) TimerEvent: {}
[307.416194] (-) TimerEvent: {}
[307.516613] (-) TimerEvent: {}
[307.617036] (-) TimerEvent: {}
[307.717464] (-) TimerEvent: {}
[307.817875] (-) TimerEvent: {}
[307.919770] (-) TimerEvent: {}
[308.023789] (-) TimerEvent: {}
[308.126515] (-) TimerEvent: {}
[308.227060] (-) TimerEvent: {}
[308.331771] (-) TimerEvent: {}
[308.434800] (-) TimerEvent: {}
[308.535167] (-) TimerEvent: {}
[308.635594] (-) TimerEvent: {}
[308.736037] (-) TimerEvent: {}
[308.839749] (-) TimerEvent: {}
[308.947820] (-) TimerEvent: {}
[309.048630] (-) TimerEvent: {}
[309.148931] (-) TimerEvent: {}
[309.250818] (-) TimerEvent: {}
[309.351171] (-) TimerEvent: {}
[309.451414] (-) TimerEvent: {}
[309.551944] (-) TimerEvent: {}
[309.655750] (-) TimerEvent: {}
[309.756009] (-) TimerEvent: {}
[309.864417] (-) TimerEvent: {}
[309.964820] (-) TimerEvent: {}
[310.067836] (-) TimerEvent: {}
[310.171755] (-) TimerEvent: {}
[310.272168] (-) TimerEvent: {}
[310.372560] (-) TimerEvent: {}
[310.472966] (-) TimerEvent: {}
[310.573339] (-) TimerEvent: {}
[310.673592] (-) TimerEvent: {}
[310.773862] (-) TimerEvent: {}
[310.874257] (-) TimerEvent: {}
[310.975757] (-) TimerEvent: {}
[311.076519] (-) TimerEvent: {}
[311.179760] (-) TimerEvent: {}
[311.280074] (-) TimerEvent: {}
[311.383742] (-) TimerEvent: {}
[311.487770] (-) TimerEvent: {}
[311.591773] (-) TimerEvent: {}
[311.695779] (-) TimerEvent: {}
[311.796187] (-) TimerEvent: {}
[311.896594] (-) TimerEvent: {}
[311.996999] (-) TimerEvent: {}
[312.097402] (-) TimerEvent: {}
[312.236918] (-) TimerEvent: {}
[312.337358] (-) TimerEvent: {}
[312.437748] (-) TimerEvent: {}
[312.538227] (-) TimerEvent: {}
[312.638768] (-) TimerEvent: {}
[312.739209] (-) TimerEvent: {}
[312.843750] (-) TimerEvent: {}
[312.944152] (-) TimerEvent: {}
[313.047760] (-) TimerEvent: {}
[313.148148] (-) TimerEvent: {}
[313.249177] (-) TimerEvent: {}
[313.351003] (-) TimerEvent: {}
[313.491845] (-) TimerEvent: {}
[313.595807] (-) TimerEvent: {}
[313.699233] (-) TimerEvent: {}
[313.799637] (-) TimerEvent: {}
[313.900125] (-) TimerEvent: {}
[314.000589] (-) TimerEvent: {}
[314.107773] (-) TimerEvent: {}
[314.208066] (-) TimerEvent: {}
[314.312781] (-) TimerEvent: {}
[314.413254] (-) TimerEvent: {}
[314.513646] (-) TimerEvent: {}
[314.614088] (-) TimerEvent: {}
[314.720926] (-) TimerEvent: {}
[314.821345] (-) TimerEvent: {}
[314.921807] (-) TimerEvent: {}
[315.039819] (-) TimerEvent: {}
[315.143941] (-) TimerEvent: {}
[315.244433] (-) TimerEvent: {}
[315.344839] (-) TimerEvent: {}
[315.445248] (-) TimerEvent: {}
[315.545655] (-) TimerEvent: {}
[315.661267] (-) TimerEvent: {}
[315.761727] (-) TimerEvent: {}
[315.862860] (-) TimerEvent: {}
[315.963287] (-) TimerEvent: {}
[316.063825] (-) TimerEvent: {}
[316.164879] (-) TimerEvent: {}
[316.267785] (-) TimerEvent: {}
[316.368042] (-) TimerEvent: {}
[316.479794] (-) TimerEvent: {}
[316.583759] (-) TimerEvent: {}
[316.684013] (-) TimerEvent: {}
[316.784336] (-) TimerEvent: {}
[316.884594] (-) TimerEvent: {}
[316.984865] (-) TimerEvent: {}
[317.085149] (-) TimerEvent: {}
[317.185485] (-) TimerEvent: {}
[317.285757] (-) TimerEvent: {}
[317.386044] (-) TimerEvent: {}
[317.486323] (-) TimerEvent: {}
[317.586607] (-) TimerEvent: {}
[317.686881] (-) TimerEvent: {}
[317.787195] (-) TimerEvent: {}
[317.887468] (-) TimerEvent: {}
[317.989421] (-) TimerEvent: {}
[318.090894] (-) TimerEvent: {}
[318.195172] (-) TimerEvent: {}
[318.295426] (-) TimerEvent: {}
[318.395814] (-) TimerEvent: {}
[318.496181] (-) TimerEvent: {}
[318.596696] (-) TimerEvent: {}
[318.696970] (-) TimerEvent: {}
[318.799190] (-) TimerEvent: {}
[318.900820] (-) TimerEvent: {}
[319.002157] (-) TimerEvent: {}
[319.103703] (-) TimerEvent: {}
[319.204088] (-) TimerEvent: {}
[319.304668] (-) TimerEvent: {}
[319.411823] (-) TimerEvent: {}
[319.512080] (-) TimerEvent: {}
[319.612362] (-) TimerEvent: {}
[319.712922] (-) TimerEvent: {}
[319.814282] (-) TimerEvent: {}
[319.916574] (-) TimerEvent: {}
[320.018304] (-) TimerEvent: {}
[320.124510] (-) TimerEvent: {}
[320.224911] (-) TimerEvent: {}
[320.325183] (-) TimerEvent: {}
[320.439747] (-) TimerEvent: {}
[320.539993] (-) TimerEvent: {}
[320.655764] (-) TimerEvent: {}
[320.759758] (-) TimerEvent: {}
[320.865243] (-) TimerEvent: {}
[320.967830] (-) TimerEvent: {}
[321.068156] (-) TimerEvent: {}
[321.168530] (-) TimerEvent: {}
[321.269246] (-) TimerEvent: {}
[321.369524] (-) TimerEvent: {}
[321.469781] (-) TimerEvent: {}
[321.570043] (-) TimerEvent: {}
[321.670365] (-) TimerEvent: {}
[321.787774] (-) TimerEvent: {}
[321.891749] (-) TimerEvent: {}
[321.995777] (-) TimerEvent: {}
[322.096201] (-) TimerEvent: {}
[322.199253] (-) TimerEvent: {}
[322.311876] (-) TimerEvent: {}
[322.415743] (-) TimerEvent: {}
[322.516128] (-) TimerEvent: {}
[322.616509] (-) TimerEvent: {}
[322.719786] (-) TimerEvent: {}
[322.839766] (-) TimerEvent: {}
[322.940023] (-) TimerEvent: {}
[323.042760] (-) TimerEvent: {}
[323.147758] (-) TimerEvent: {}
[323.255770] (-) TimerEvent: {}
[323.356090] (-) TimerEvent: {}
[323.456398] (-) TimerEvent: {}
[323.559747] (-) TimerEvent: {}
[323.663828] (-) TimerEvent: {}
[323.772906] (-) TimerEvent: {}
[323.879766] (-) TimerEvent: {}
[323.981781] (-) TimerEvent: {}
[324.082222] (-) TimerEvent: {}
[324.182679] (-) TimerEvent: {}
[324.282956] (-) TimerEvent: {}
[324.383223] (-) TimerEvent: {}
[324.500393] (-) TimerEvent: {}
[324.600667] (-) TimerEvent: {}
[324.703754] (-) TimerEvent: {}
[324.807754] (-) TimerEvent: {}
[324.908151] (-) TimerEvent: {}
[325.014811] (-) TimerEvent: {}
[325.129085] (-) TimerEvent: {}
[325.242924] (-) TimerEvent: {}
[325.410386] (-) TimerEvent: {}
[325.651371] (-) TimerEvent: {}
[325.854099] (-) TimerEvent: {}
[326.159052] (-) TimerEvent: {}
[326.398141] (-) TimerEvent: {}
[327.010882] (-) TimerEvent: {}
[327.485313] (-) TimerEvent: {}
[328.199251] (-) TimerEvent: {}
[328.672343] (-) TimerEvent: {}
[329.347762] (-) TimerEvent: {}
[330.327249] (-) TimerEvent: {}
[331.149828] (-) TimerEvent: {}
[333.259877] (-) TimerEvent: {}
[337.047056] (-) TimerEvent: {}
[338.587108] (-) TimerEvent: {}
[340.889494] (-) TimerEvent: {}
[341.291801] (-) TimerEvent: {}
[341.623352] (-) TimerEvent: {}
[342.726283] (-) TimerEvent: {}
[344.124849] (-) TimerEvent: {}
[348.670627] (-) TimerEvent: {}
[350.345721] (-) TimerEvent: {}
[350.778286] (-) TimerEvent: {}
[354.975077] (-) TimerEvent: {}
[357.213235] (-) TimerEvent: {}
[361.909632] (-) TimerEvent: {}
[363.945909] (-) TimerEvent: {}
[370.608949] (-) TimerEvent: {}
[373.748826] (-) TimerEvent: {}
[380.941797] (-) TimerEvent: {}
[408.476213] (-) TimerEvent: {}
[426.644337] (-) TimerEvent: {}
[429.931680] (-) TimerEvent: {}
[448.031837] (-) TimerEvent: {}
