[0.000000] (-) TimerEvent: {}
[0.000204] (-) JobUnselected: {'identifier': 'navegacion_gps'}
[0.000348] (-) JobUnselected: {'identifier': 'rslidar_msg'}
[0.000479] (-) JobUnselected: {'identifier': 'rslidar_sdk'}
[0.000609] (-) JobUnselected: {'identifier': 'sensores'}
[0.000739] (mapviz_interfaces) JobQueued: {'identifier': 'mapviz_interfaces', 'dependencies': OrderedDict()}
[0.000864] (mapviz) JobQueued: {'identifier': 'mapviz', 'dependencies': OrderedDict([('mapviz_interfaces', '/ros2_ws/install/mapviz_interfaces')])}
[0.000991] (mapviz_plugins) JobQueued: {'identifier': 'mapviz_plugins', 'dependencies': OrderedDict([('mapviz_interfaces', '/ros2_ws/install/mapviz_interfaces'), ('mapviz', '/ros2_ws/install/mapviz')])}
[0.001761] (multires_image) JobQueued: {'identifier': 'multires_image', 'dependencies': OrderedDict([('mapviz_interfaces', '/ros2_ws/install/mapviz_interfaces'), ('mapviz', '/ros2_ws/install/mapviz')])}
[0.001918] (tile_map) JobQueued: {'identifier': 'tile_map', 'dependencies': OrderedDict([('mapviz_interfaces', '/ros2_ws/install/mapviz_interfaces'), ('mapviz', '/ros2_ws/install/mapviz')])}
[0.002055] (mapviz_interfaces) JobStarted: {'identifier': 'mapviz_interfaces'}
[0.047616] (mapviz_interfaces) JobProgress: {'identifier': 'mapviz_interfaces', 'progress': 'cmake'}
[0.050960] (mapviz_interfaces) JobProgress: {'identifier': 'mapviz_interfaces', 'progress': 'build'}
[0.052322] (mapviz_interfaces) Command: {'cmd': ['/usr/bin/cmake', '--build', '/ros2_ws/build/mapviz_interfaces', '--', '-j4', '-l4'], 'cwd': '/ros2_ws/build/mapviz_interfaces', 'env': OrderedDict([('GZ_SIM_RESOURCE_PATH', '/opt/ros/humble/share:/home/ros/ws/install:/home/ros/ws/src'), ('HOSTNAME', 'salus'), ('SHLVL', '0'), ('LD_LIBRARY_PATH', '/opt/ros/humble/opt/rviz_ogre_vendor/lib:/opt/ros/humble/lib/aarch64-linux-gnu:/opt/ros/humble/lib'), ('HOME', '/home/ros'), ('OLDPWD', '/ros2_ws'), ('ROS_PYTHON_VERSION', '3'), ('ROS_DISTRO', 'humble'), ('_', '/usr/bin/colcon'), ('ROS_VERSION', '2'), ('ROS_LOCALHOST_ONLY', '0'), ('QT_X11_NO_MITSHM', '1'), ('PATH', '/opt/ros/humble/bin:/usr/local/sbin:/usr/local/bin:/usr/sbin:/usr/bin:/sbin:/bin'), ('DISPLAY', ''), ('LANG', 'C.UTF-8'), ('XAUTHORITY', '/home/ros/.Xauthority'), ('AMENT_PREFIX_PATH', '/opt/ros/humble'), ('DEBIAN_FRONTEND', 'noninteractive'), ('IGN_GAZEBO_RESOURCE_PATH', '/opt/ros/humble/share:/home/ros/ws/install:/home/ros/ws/src'), ('GZ_VERSION', 'fortress'), ('PWD', '/ros2_ws/build/mapviz_interfaces'), ('TURTLEBOT3_MODEL', 'waffle'), ('LC_ALL', 'C.UTF-8'), ('RCUTILS_COLORIZED_OUTPUT', '1'), ('PYTHONPATH', '/opt/ros/humble/lib/python3.10/site-packages:/opt/ros/humble/local/lib/python3.10/dist-packages'), ('COLCON', '1'), ('CMAKE_PREFIX_PATH', '/opt/ros/humble')]), 'shell': False}
[0.098975] (-) TimerEvent: {}
[0.199424] (-) TimerEvent: {}
[0.217530] (mapviz_interfaces) StdoutLine: {'line': b'[  3%] Built target mapviz_interfaces__cpp\n'}
[0.263631] (mapviz_interfaces) StdoutLine: {'line': b'[  3%] Built target ament_cmake_python_symlink_mapviz_interfaces\n'}
[0.294170] (mapviz_interfaces) StdoutLine: {'line': b'Consolidate compiler generated dependencies of target mapviz_interfaces__rosidl_typesupport_fastrtps_cpp\n'}
[0.299554] (-) TimerEvent: {}
[0.313692] (mapviz_interfaces) StdoutLine: {'line': b'[ 12%] Built target mapviz_interfaces__rosidl_typesupport_fastrtps_cpp\n'}
[0.339285] (mapviz_interfaces) StdoutLine: {'line': b'Consolidate compiler generated dependencies of target mapviz_interfaces__rosidl_typesupport_introspection_cpp\n'}
[0.356913] (mapviz_interfaces) StdoutLine: {'line': b'[ 22%] Built target mapviz_interfaces__rosidl_typesupport_introspection_cpp\n'}
[0.399935] (-) TimerEvent: {}
[0.500334] (-) TimerEvent: {}
[0.600672] (-) TimerEvent: {}
[0.701894] (-) TimerEvent: {}
[0.802643] (-) TimerEvent: {}
[0.842882] (mapviz_interfaces) StdoutLine: {'line': b'running egg_info\n'}
[0.843177] (mapviz_interfaces) StdoutLine: {'line': b'writing mapviz_interfaces.egg-info/PKG-INFO\n'}
[0.845854] (mapviz_interfaces) StdoutLine: {'line': b'writing dependency_links to mapviz_interfaces.egg-info/dependency_links.txt\n'}
[0.847445] (mapviz_interfaces) StdoutLine: {'line': b'writing top-level names to mapviz_interfaces.egg-info/top_level.txt\n'}
[0.856299] (mapviz_interfaces) StdoutLine: {'line': b"reading manifest file 'mapviz_interfaces.egg-info/SOURCES.txt'\n"}
[0.860744] (mapviz_interfaces) StdoutLine: {'line': b"writing manifest file 'mapviz_interfaces.egg-info/SOURCES.txt'\n"}
[0.902758] (-) TimerEvent: {}
[0.931664] (mapviz_interfaces) StdoutLine: {'line': b'[ 22%] Built target ament_cmake_python_build_mapviz_interfaces_egg\n'}
[0.958097] (mapviz_interfaces) StdoutLine: {'line': b'Consolidate compiler generated dependencies of target mapviz_interfaces__rosidl_typesupport_cpp\n'}
[0.977751] (mapviz_interfaces) StdoutLine: {'line': b'[ 32%] Built target mapviz_interfaces__rosidl_typesupport_cpp\n'}
[1.003779] (-) TimerEvent: {}
[1.004430] (mapviz_interfaces) StdoutLine: {'line': b'Consolidate compiler generated dependencies of target mapviz_interfaces__rosidl_generator_c\n'}
[1.032499] (mapviz_interfaces) StdoutLine: {'line': b'[ 41%] Built target mapviz_interfaces__rosidl_generator_c\n'}
[1.059574] (mapviz_interfaces) StdoutLine: {'line': b'Consolidate compiler generated dependencies of target mapviz_interfaces__rosidl_typesupport_fastrtps_c\n'}
[1.076804] (mapviz_interfaces) StdoutLine: {'line': b'[ 51%] Built target mapviz_interfaces__rosidl_typesupport_fastrtps_c\n'}
[1.097449] (mapviz_interfaces) StdoutLine: {'line': b'Consolidate compiler generated dependencies of target mapviz_interfaces__rosidl_typesupport_c\n'}
[1.103934] (-) TimerEvent: {}
[1.111664] (mapviz_interfaces) StdoutLine: {'line': b'[ 61%] Built target mapviz_interfaces__rosidl_typesupport_c\n'}
[1.134441] (mapviz_interfaces) StdoutLine: {'line': b'Consolidate compiler generated dependencies of target mapviz_interfaces__rosidl_typesupport_introspection_c\n'}
[1.150870] (mapviz_interfaces) StdoutLine: {'line': b'[ 70%] Built target mapviz_interfaces__rosidl_typesupport_introspection_c\n'}
[1.179136] (mapviz_interfaces) StdoutLine: {'line': b'[ 70%] Built target mapviz_interfaces\n'}
[1.204086] (-) TimerEvent: {}
[1.212532] (mapviz_interfaces) StdoutLine: {'line': b'[ 74%] Built target mapviz_interfaces__py\n'}
[1.233252] (mapviz_interfaces) StdoutLine: {'line': b'Consolidate compiler generated dependencies of target mapviz_interfaces__rosidl_generator_py\n'}
[1.256890] (mapviz_interfaces) StdoutLine: {'line': b'[ 80%] Built target mapviz_interfaces__rosidl_generator_py\n'}
[1.278880] (mapviz_interfaces) StdoutLine: {'line': b'Consolidate compiler generated dependencies of target mapviz_interfaces__rosidl_typesupport_fastrtps_c__pyext\n'}
[1.296315] (mapviz_interfaces) StdoutLine: {'line': b'[ 87%] Built target mapviz_interfaces__rosidl_typesupport_fastrtps_c__pyext\n'}
[1.304215] (-) TimerEvent: {}
[1.320695] (mapviz_interfaces) StdoutLine: {'line': b'Consolidate compiler generated dependencies of target mapviz_interfaces__rosidl_typesupport_c__pyext\n'}
[1.337537] (mapviz_interfaces) StdoutLine: {'line': b'[ 93%] Built target mapviz_interfaces__rosidl_typesupport_c__pyext\n'}
[1.361450] (mapviz_interfaces) StdoutLine: {'line': b'Consolidate compiler generated dependencies of target mapviz_interfaces__rosidl_typesupport_introspection_c__pyext\n'}
[1.377872] (mapviz_interfaces) StdoutLine: {'line': b'[100%] Built target mapviz_interfaces__rosidl_typesupport_introspection_c__pyext\n'}
[1.391702] (mapviz_interfaces) CommandEnded: {'returncode': 0}
[1.400155] (mapviz_interfaces) JobProgress: {'identifier': 'mapviz_interfaces', 'progress': 'install'}
[1.404340] (-) TimerEvent: {}
[1.410809] (mapviz_interfaces) Command: {'cmd': ['/usr/bin/cmake', '--install', '/ros2_ws/build/mapviz_interfaces'], 'cwd': '/ros2_ws/build/mapviz_interfaces', 'env': OrderedDict([('GZ_SIM_RESOURCE_PATH', '/opt/ros/humble/share:/home/ros/ws/install:/home/ros/ws/src'), ('HOSTNAME', 'salus'), ('SHLVL', '0'), ('LD_LIBRARY_PATH', '/opt/ros/humble/opt/rviz_ogre_vendor/lib:/opt/ros/humble/lib/aarch64-linux-gnu:/opt/ros/humble/lib'), ('HOME', '/home/ros'), ('OLDPWD', '/ros2_ws'), ('ROS_PYTHON_VERSION', '3'), ('ROS_DISTRO', 'humble'), ('_', '/usr/bin/colcon'), ('ROS_VERSION', '2'), ('ROS_LOCALHOST_ONLY', '0'), ('QT_X11_NO_MITSHM', '1'), ('PATH', '/opt/ros/humble/bin:/usr/local/sbin:/usr/local/bin:/usr/sbin:/usr/bin:/sbin:/bin'), ('DISPLAY', ''), ('LANG', 'C.UTF-8'), ('XAUTHORITY', '/home/ros/.Xauthority'), ('AMENT_PREFIX_PATH', '/opt/ros/humble'), ('DEBIAN_FRONTEND', 'noninteractive'), ('IGN_GAZEBO_RESOURCE_PATH', '/opt/ros/humble/share:/home/ros/ws/install:/home/ros/ws/src'), ('GZ_VERSION', 'fortress'), ('PWD', '/ros2_ws/build/mapviz_interfaces'), ('TURTLEBOT3_MODEL', 'waffle'), ('LC_ALL', 'C.UTF-8'), ('RCUTILS_COLORIZED_OUTPUT', '1'), ('PYTHONPATH', '/opt/ros/humble/lib/python3.10/site-packages:/opt/ros/humble/local/lib/python3.10/dist-packages'), ('COLCON', '1'), ('CMAKE_PREFIX_PATH', '/opt/ros/humble')]), 'shell': False}
[1.424692] (mapviz_interfaces) StdoutLine: {'line': b'-- Install configuration: ""\n'}
[1.427998] (mapviz_interfaces) StdoutLine: {'line': b'-- Execute custom install script\n'}
[1.432835] (mapviz_interfaces) StdoutLine: {'line': b'-- Up-to-date symlink: /ros2_ws/install/mapviz_interfaces/share/ament_index/resource_index/rosidl_interfaces/mapviz_interfaces\n'}
[1.438213] (mapviz_interfaces) StdoutLine: {'line': b'-- Up-to-date symlink: /ros2_ws/install/mapviz_interfaces/include/mapviz_interfaces/mapviz_interfaces/msg/rosidl_generator_c__visibility_control.h\n'}
[1.440135] (mapviz_interfaces) StdoutLine: {'line': b'-- Up-to-date symlink: /ros2_ws/install/mapviz_interfaces/include/mapviz_interfaces/mapviz_interfaces/srv/add_mapviz_display.h\n'}
[1.441915] (mapviz_interfaces) StdoutLine: {'line': b'-- Up-to-date symlink: /ros2_ws/install/mapviz_interfaces/include/mapviz_interfaces/mapviz_interfaces/srv/detail/add_mapviz_display__functions.h\n'}
[1.443301] (mapviz_interfaces) StdoutLine: {'line': b'-- Up-to-date symlink: /ros2_ws/install/mapviz_interfaces/include/mapviz_interfaces/mapviz_interfaces/srv/detail/add_mapviz_display__struct.h\n'}
[1.444344] (mapviz_interfaces) StdoutLine: {'line': b'-- Up-to-date symlink: /ros2_ws/install/mapviz_interfaces/include/mapviz_interfaces/mapviz_interfaces/srv/detail/add_mapviz_display__type_support.h\n'}
[1.447435] (mapviz_interfaces) StdoutLine: {'line': b'-- Up-to-date symlink: /ros2_ws/install/mapviz_interfaces/share/mapviz_interfaces/environment/library_path.sh\n'}
[1.448605] (mapviz_interfaces) StdoutLine: {'line': b'-- Up-to-date symlink: /ros2_ws/install/mapviz_interfaces/share/mapviz_interfaces/environment/library_path.dsv\n'}
[1.450506] (mapviz_interfaces) StdoutLine: {'line': b'-- Up-to-date symlink: /ros2_ws/install/mapviz_interfaces/include/mapviz_interfaces/mapviz_interfaces/msg/rosidl_typesupport_fastrtps_c__visibility_control.h\n'}
[1.451942] (mapviz_interfaces) StdoutLine: {'line': b'-- Up-to-date symlink: /ros2_ws/install/mapviz_interfaces/include/mapviz_interfaces/mapviz_interfaces/srv/detail/add_mapviz_display__rosidl_typesupport_fastrtps_c.h\n'}
[1.453998] (mapviz_interfaces) StdoutLine: {'line': b'-- Up-to-date symlink: /ros2_ws/install/mapviz_interfaces/include/mapviz_interfaces/mapviz_interfaces/msg/rosidl_generator_cpp__visibility_control.hpp\n'}
[1.455306] (mapviz_interfaces) StdoutLine: {'line': b'-- Up-to-date symlink: /ros2_ws/install/mapviz_interfaces/include/mapviz_interfaces/mapviz_interfaces/srv/add_mapviz_display.hpp\n'}
[1.456588] (mapviz_interfaces) StdoutLine: {'line': b'-- Up-to-date symlink: /ros2_ws/install/mapviz_interfaces/include/mapviz_interfaces/mapviz_interfaces/srv/detail/add_mapviz_display__builder.hpp\n'}
[1.457549] (mapviz_interfaces) StdoutLine: {'line': b'-- Up-to-date symlink: /ros2_ws/install/mapviz_interfaces/include/mapviz_interfaces/mapviz_interfaces/srv/detail/add_mapviz_display__struct.hpp\n'}
[1.458607] (mapviz_interfaces) StdoutLine: {'line': b'-- Up-to-date symlink: /ros2_ws/install/mapviz_interfaces/include/mapviz_interfaces/mapviz_interfaces/srv/detail/add_mapviz_display__traits.hpp\n'}
[1.460264] (mapviz_interfaces) StdoutLine: {'line': b'-- Up-to-date symlink: /ros2_ws/install/mapviz_interfaces/include/mapviz_interfaces/mapviz_interfaces/srv/detail/add_mapviz_display__type_support.hpp\n'}
[1.460944] (mapviz_interfaces) StdoutLine: {'line': b'-- Up-to-date symlink: /ros2_ws/install/mapviz_interfaces/include/mapviz_interfaces/mapviz_interfaces/msg/rosidl_typesupport_fastrtps_cpp__visibility_control.h\n'}
[1.462850] (mapviz_interfaces) StdoutLine: {'line': b'-- Up-to-date symlink: /ros2_ws/install/mapviz_interfaces/include/mapviz_interfaces/mapviz_interfaces/srv/detail/add_mapviz_display__rosidl_typesupport_fastrtps_cpp.hpp\n'}
[1.464619] (mapviz_interfaces) StdoutLine: {'line': b'-- Up-to-date symlink: /ros2_ws/install/mapviz_interfaces/include/mapviz_interfaces/mapviz_interfaces/msg/rosidl_typesupport_introspection_c__visibility_control.h\n'}
[1.465877] (mapviz_interfaces) StdoutLine: {'line': b'-- Up-to-date symlink: /ros2_ws/install/mapviz_interfaces/include/mapviz_interfaces/mapviz_interfaces/srv/detail/add_mapviz_display__rosidl_typesupport_introspection_c.h\n'}
[1.469550] (mapviz_interfaces) StdoutLine: {'line': b'-- Up-to-date symlink: /ros2_ws/install/mapviz_interfaces/include/mapviz_interfaces/mapviz_interfaces/srv/detail/add_mapviz_display__rosidl_typesupport_introspection_cpp.hpp\n'}
[1.470808] (mapviz_interfaces) StdoutLine: {'line': b'-- Up-to-date symlink: /ros2_ws/install/mapviz_interfaces/share/mapviz_interfaces/environment/pythonpath.sh\n'}
[1.471612] (mapviz_interfaces) StdoutLine: {'line': b'-- Up-to-date symlink: /ros2_ws/install/mapviz_interfaces/share/mapviz_interfaces/environment/pythonpath.dsv\n'}
[1.476961] (mapviz_interfaces) StdoutLine: {'line': b'-- Up-to-date symlink: /ros2_ws/install/mapviz_interfaces/local/lib/python3.10/dist-packages/mapviz_interfaces-2.6.1-py3.10.egg-info/PKG-INFO\n'}
[1.478021] (mapviz_interfaces) StdoutLine: {'line': b'-- Up-to-date symlink: /ros2_ws/install/mapviz_interfaces/local/lib/python3.10/dist-packages/mapviz_interfaces-2.6.1-py3.10.egg-info/SOURCES.txt\n'}
[1.479204] (mapviz_interfaces) StdoutLine: {'line': b'-- Up-to-date symlink: /ros2_ws/install/mapviz_interfaces/local/lib/python3.10/dist-packages/mapviz_interfaces-2.6.1-py3.10.egg-info/dependency_links.txt\n'}
[1.481148] (mapviz_interfaces) StdoutLine: {'line': b'-- Up-to-date symlink: /ros2_ws/install/mapviz_interfaces/local/lib/python3.10/dist-packages/mapviz_interfaces-2.6.1-py3.10.egg-info/top_level.txt\n'}
[1.482633] (mapviz_interfaces) StdoutLine: {'line': b'-- Up-to-date symlink: /ros2_ws/install/mapviz_interfaces/local/lib/python3.10/dist-packages/mapviz_interfaces/__init__.py\n'}
[1.484370] (mapviz_interfaces) StdoutLine: {'line': b'-- Up-to-date symlink: /ros2_ws/install/mapviz_interfaces/local/lib/python3.10/dist-packages/mapviz_interfaces/_mapviz_interfaces_s.ep.rosidl_typesupport_c.c\n'}
[1.486303] (mapviz_interfaces) StdoutLine: {'line': b'-- Up-to-date symlink: /ros2_ws/install/mapviz_interfaces/local/lib/python3.10/dist-packages/mapviz_interfaces/_mapviz_interfaces_s.ep.rosidl_typesupport_fastrtps_c.c\n'}
[1.487283] (mapviz_interfaces) StdoutLine: {'line': b'-- Up-to-date symlink: /ros2_ws/install/mapviz_interfaces/local/lib/python3.10/dist-packages/mapviz_interfaces/_mapviz_interfaces_s.ep.rosidl_typesupport_introspection_c.c\n'}
[1.488241] (mapviz_interfaces) StdoutLine: {'line': b'-- Up-to-date symlink: /ros2_ws/install/mapviz_interfaces/local/lib/python3.10/dist-packages/mapviz_interfaces/libmapviz_interfaces__rosidl_generator_py.so\n'}
[1.489136] (mapviz_interfaces) StdoutLine: {'line': b'-- Up-to-date symlink: /ros2_ws/install/mapviz_interfaces/local/lib/python3.10/dist-packages/mapviz_interfaces/mapviz_interfaces_s__rosidl_typesupport_c.cpython-310-aarch64-linux-gnu.so\n'}
[1.490063] (mapviz_interfaces) StdoutLine: {'line': b'-- Up-to-date symlink: /ros2_ws/install/mapviz_interfaces/local/lib/python3.10/dist-packages/mapviz_interfaces/mapviz_interfaces_s__rosidl_typesupport_fastrtps_c.cpython-310-aarch64-linux-gnu.so\n'}
[1.491087] (mapviz_interfaces) StdoutLine: {'line': b'-- Up-to-date symlink: /ros2_ws/install/mapviz_interfaces/local/lib/python3.10/dist-packages/mapviz_interfaces/mapviz_interfaces_s__rosidl_typesupport_introspection_c.cpython-310-aarch64-linux-gnu.so\n'}
[1.492921] (mapviz_interfaces) StdoutLine: {'line': b'-- Up-to-date symlink: /ros2_ws/install/mapviz_interfaces/local/lib/python3.10/dist-packages/mapviz_interfaces/srv/__init__.py\n'}
[1.494138] (mapviz_interfaces) StdoutLine: {'line': b'-- Up-to-date symlink: /ros2_ws/install/mapviz_interfaces/local/lib/python3.10/dist-packages/mapviz_interfaces/srv/_add_mapviz_display.py\n'}
[1.495280] (mapviz_interfaces) StdoutLine: {'line': b'-- Up-to-date symlink: /ros2_ws/install/mapviz_interfaces/local/lib/python3.10/dist-packages/mapviz_interfaces/srv/_add_mapviz_display_s.c\n'}
[1.496428] (mapviz_interfaces) StdoutLine: {'line': b'-- Up-to-date symlink: /ros2_ws/install/mapviz_interfaces/local/lib/python3.10/dist-packages/mapviz_interfaces/mapviz_interfaces_s__rosidl_typesupport_fastrtps_c.cpython-310-aarch64-linux-gnu.so\n'}
[1.497569] (mapviz_interfaces) StdoutLine: {'line': b'-- Up-to-date symlink: /ros2_ws/install/mapviz_interfaces/local/lib/python3.10/dist-packages/mapviz_interfaces/mapviz_interfaces_s__rosidl_typesupport_introspection_c.cpython-310-aarch64-linux-gnu.so\n'}
[1.498620] (mapviz_interfaces) StdoutLine: {'line': b'-- Up-to-date symlink: /ros2_ws/install/mapviz_interfaces/local/lib/python3.10/dist-packages/mapviz_interfaces/mapviz_interfaces_s__rosidl_typesupport_c.cpython-310-aarch64-linux-gnu.so\n'}
[1.501205] (mapviz_interfaces) StdoutLine: {'line': b'-- Up-to-date symlink: /ros2_ws/install/mapviz_interfaces/share/mapviz_interfaces/srv/AddMapvizDisplay.idl\n'}
[1.502376] (mapviz_interfaces) StdoutLine: {'line': b'-- Up-to-date symlink: /ros2_ws/install/mapviz_interfaces/share/mapviz_interfaces/srv/AddMapvizDisplay.srv\n'}
[1.503461] (mapviz_interfaces) StdoutLine: {'line': b'-- Up-to-date symlink: /ros2_ws/install/mapviz_interfaces/share/mapviz_interfaces/srv/AddMapvizDisplay_Request.msg\n'}
[1.504601] (mapviz_interfaces) StdoutLine: {'line': b'-- Up-to-date symlink: /ros2_ws/install/mapviz_interfaces/share/mapviz_interfaces/srv/AddMapvizDisplay_Response.msg\n'}
[1.504804] (-) TimerEvent: {}
[1.507260] (mapviz_interfaces) StdoutLine: {'line': b'-- Up-to-date symlink: /ros2_ws/install/mapviz_interfaces/share/ament_index/resource_index/package_run_dependencies/mapviz_interfaces\n'}
[1.509438] (mapviz_interfaces) StdoutLine: {'line': b'-- Up-to-date symlink: /ros2_ws/install/mapviz_interfaces/share/ament_index/resource_index/parent_prefix_path/mapviz_interfaces\n'}
[1.510659] (mapviz_interfaces) StdoutLine: {'line': b'-- Up-to-date symlink: /ros2_ws/install/mapviz_interfaces/share/mapviz_interfaces/environment/ament_prefix_path.sh\n'}
[1.511936] (mapviz_interfaces) StdoutLine: {'line': b'-- Up-to-date symlink: /ros2_ws/install/mapviz_interfaces/share/mapviz_interfaces/environment/ament_prefix_path.dsv\n'}
[1.512983] (mapviz_interfaces) StdoutLine: {'line': b'-- Up-to-date symlink: /ros2_ws/install/mapviz_interfaces/share/mapviz_interfaces/environment/path.sh\n'}
[1.513725] (mapviz_interfaces) StdoutLine: {'line': b'-- Up-to-date symlink: /ros2_ws/install/mapviz_interfaces/share/mapviz_interfaces/environment/path.dsv\n'}
[1.516003] (mapviz_interfaces) StdoutLine: {'line': b'-- Up-to-date symlink: /ros2_ws/install/mapviz_interfaces/share/mapviz_interfaces/local_setup.bash\n'}
[1.517283] (mapviz_interfaces) StdoutLine: {'line': b'-- Up-to-date symlink: /ros2_ws/install/mapviz_interfaces/share/mapviz_interfaces/local_setup.sh\n'}
[1.518425] (mapviz_interfaces) StdoutLine: {'line': b'-- Up-to-date symlink: /ros2_ws/install/mapviz_interfaces/share/mapviz_interfaces/local_setup.zsh\n'}
[1.520252] (mapviz_interfaces) StdoutLine: {'line': b'-- Up-to-date symlink: /ros2_ws/install/mapviz_interfaces/share/mapviz_interfaces/local_setup.dsv\n'}
[1.520508] (mapviz_interfaces) StdoutLine: {'line': b'-- Symlinking: /ros2_ws/install/mapviz_interfaces/share/mapviz_interfaces/package.dsv\n'}
[1.534857] (mapviz_interfaces) StdoutLine: {'line': b'-- Up-to-date symlink: /ros2_ws/install/mapviz_interfaces/share/ament_index/resource_index/packages/mapviz_interfaces\n'}
[1.537562] (mapviz_interfaces) StdoutLine: {'line': b'-- Up-to-date symlink: /ros2_ws/install/mapviz_interfaces/share/mapviz_interfaces/cmake/rosidl_cmake-extras.cmake\n'}
[1.538828] (mapviz_interfaces) StdoutLine: {'line': b'-- Up-to-date symlink: /ros2_ws/install/mapviz_interfaces/share/mapviz_interfaces/cmake/ament_cmake_export_dependencies-extras.cmake\n'}
[1.539768] (mapviz_interfaces) StdoutLine: {'line': b'-- Up-to-date symlink: /ros2_ws/install/mapviz_interfaces/share/mapviz_interfaces/cmake/ament_cmake_export_include_directories-extras.cmake\n'}
[1.541001] (mapviz_interfaces) StdoutLine: {'line': b'-- Up-to-date symlink: /ros2_ws/install/mapviz_interfaces/share/mapviz_interfaces/cmake/ament_cmake_export_libraries-extras.cmake\n'}
[1.542382] (mapviz_interfaces) StdoutLine: {'line': b'-- Up-to-date symlink: /ros2_ws/install/mapviz_interfaces/share/mapviz_interfaces/cmake/ament_cmake_export_targets-extras.cmake\n'}
[1.543457] (mapviz_interfaces) StdoutLine: {'line': b'-- Up-to-date symlink: /ros2_ws/install/mapviz_interfaces/share/mapviz_interfaces/cmake/rosidl_cmake_export_typesupport_targets-extras.cmake\n'}
[1.544701] (mapviz_interfaces) StdoutLine: {'line': b'-- Up-to-date symlink: /ros2_ws/install/mapviz_interfaces/share/mapviz_interfaces/cmake/rosidl_cmake_export_typesupport_libraries-extras.cmake\n'}
[1.545754] (mapviz_interfaces) StdoutLine: {'line': b'-- Up-to-date symlink: /ros2_ws/install/mapviz_interfaces/share/mapviz_interfaces/cmake/mapviz_interfacesConfig.cmake\n'}
[1.547263] (mapviz_interfaces) StdoutLine: {'line': b'-- Up-to-date symlink: /ros2_ws/install/mapviz_interfaces/share/mapviz_interfaces/cmake/mapviz_interfacesConfig-version.cmake\n'}
[1.547518] (mapviz_interfaces) StdoutLine: {'line': b'-- Up-to-date symlink: /ros2_ws/install/mapviz_interfaces/share/mapviz_interfaces/package.xml\n'}
[1.549694] (mapviz_interfaces) StdoutLine: {'line': b'-- Up-to-date: /ros2_ws/install/mapviz_interfaces/lib/libmapviz_interfaces__rosidl_generator_c.so\n'}
[1.551671] (mapviz_interfaces) StdoutLine: {'line': b'-- Up-to-date: /ros2_ws/install/mapviz_interfaces/lib/libmapviz_interfaces__rosidl_typesupport_fastrtps_c.so\n'}
[1.555595] (mapviz_interfaces) StdoutLine: {'line': b'-- Up-to-date: /ros2_ws/install/mapviz_interfaces/lib/libmapviz_interfaces__rosidl_typesupport_fastrtps_cpp.so\n'}
[1.557108] (mapviz_interfaces) StdoutLine: {'line': b'-- Up-to-date: /ros2_ws/install/mapviz_interfaces/lib/libmapviz_interfaces__rosidl_typesupport_introspection_c.so\n'}
[1.558690] (mapviz_interfaces) StdoutLine: {'line': b'-- Up-to-date: /ros2_ws/install/mapviz_interfaces/lib/libmapviz_interfaces__rosidl_typesupport_c.so\n'}
[1.561763] (mapviz_interfaces) StdoutLine: {'line': b'-- Up-to-date: /ros2_ws/install/mapviz_interfaces/lib/libmapviz_interfaces__rosidl_typesupport_introspection_cpp.so\n'}
[1.563467] (mapviz_interfaces) StdoutLine: {'line': b'-- Up-to-date: /ros2_ws/install/mapviz_interfaces/lib/libmapviz_interfaces__rosidl_typesupport_cpp.so\n'}
[1.606169] (-) TimerEvent: {}
[1.640212] (mapviz_interfaces) StdoutLine: {'line': b"Listing '/ros2_ws/install/mapviz_interfaces/local/lib/python3.10/dist-packages/mapviz_interfaces'...\n"}
[1.640534] (mapviz_interfaces) StdoutLine: {'line': b"Listing '/ros2_ws/install/mapviz_interfaces/local/lib/python3.10/dist-packages/mapviz_interfaces/srv'...\n"}
[1.658160] (mapviz_interfaces) StdoutLine: {'line': b'-- Up-to-date: /ros2_ws/install/mapviz_interfaces/lib/libmapviz_interfaces__rosidl_generator_py.so\n'}
[1.663367] (mapviz_interfaces) StdoutLine: {'line': b'-- Up-to-date: /ros2_ws/install/mapviz_interfaces/share/mapviz_interfaces/cmake/export_mapviz_interfaces__rosidl_generator_cExport.cmake\n'}
[1.663654] (mapviz_interfaces) StdoutLine: {'line': b'-- Up-to-date: /ros2_ws/install/mapviz_interfaces/share/mapviz_interfaces/cmake/export_mapviz_interfaces__rosidl_generator_cExport-noconfig.cmake\n'}
[1.665528] (mapviz_interfaces) StdoutLine: {'line': b'-- Up-to-date: /ros2_ws/install/mapviz_interfaces/share/mapviz_interfaces/cmake/export_mapviz_interfaces__rosidl_typesupport_fastrtps_cExport.cmake\n'}
[1.665809] (mapviz_interfaces) StdoutLine: {'line': b'-- Up-to-date: /ros2_ws/install/mapviz_interfaces/share/mapviz_interfaces/cmake/export_mapviz_interfaces__rosidl_typesupport_fastrtps_cExport-noconfig.cmake\n'}
[1.667190] (mapviz_interfaces) StdoutLine: {'line': b'-- Up-to-date: /ros2_ws/install/mapviz_interfaces/share/mapviz_interfaces/cmake/export_mapviz_interfaces__rosidl_generator_cppExport.cmake\n'}
[1.669268] (mapviz_interfaces) StdoutLine: {'line': b'-- Up-to-date: /ros2_ws/install/mapviz_interfaces/share/mapviz_interfaces/cmake/export_mapviz_interfaces__rosidl_typesupport_fastrtps_cppExport.cmake\n'}
[1.669523] (mapviz_interfaces) StdoutLine: {'line': b'-- Up-to-date: /ros2_ws/install/mapviz_interfaces/share/mapviz_interfaces/cmake/export_mapviz_interfaces__rosidl_typesupport_fastrtps_cppExport-noconfig.cmake\n'}
[1.671310] (mapviz_interfaces) StdoutLine: {'line': b'-- Up-to-date: /ros2_ws/install/mapviz_interfaces/share/mapviz_interfaces/cmake/mapviz_interfaces__rosidl_typesupport_introspection_cExport.cmake\n'}
[1.671594] (mapviz_interfaces) StdoutLine: {'line': b'-- Up-to-date: /ros2_ws/install/mapviz_interfaces/share/mapviz_interfaces/cmake/mapviz_interfaces__rosidl_typesupport_introspection_cExport-noconfig.cmake\n'}
[1.673486] (mapviz_interfaces) StdoutLine: {'line': b'-- Up-to-date: /ros2_ws/install/mapviz_interfaces/share/mapviz_interfaces/cmake/mapviz_interfaces__rosidl_typesupport_cExport.cmake\n'}
[1.673738] (mapviz_interfaces) StdoutLine: {'line': b'-- Up-to-date: /ros2_ws/install/mapviz_interfaces/share/mapviz_interfaces/cmake/mapviz_interfaces__rosidl_typesupport_cExport-noconfig.cmake\n'}
[1.675719] (mapviz_interfaces) StdoutLine: {'line': b'-- Up-to-date: /ros2_ws/install/mapviz_interfaces/share/mapviz_interfaces/cmake/mapviz_interfaces__rosidl_typesupport_introspection_cppExport.cmake\n'}
[1.676002] (mapviz_interfaces) StdoutLine: {'line': b'-- Up-to-date: /ros2_ws/install/mapviz_interfaces/share/mapviz_interfaces/cmake/mapviz_interfaces__rosidl_typesupport_introspection_cppExport-noconfig.cmake\n'}
[1.678143] (mapviz_interfaces) StdoutLine: {'line': b'-- Up-to-date: /ros2_ws/install/mapviz_interfaces/share/mapviz_interfaces/cmake/mapviz_interfaces__rosidl_typesupport_cppExport.cmake\n'}
[1.678414] (mapviz_interfaces) StdoutLine: {'line': b'-- Up-to-date: /ros2_ws/install/mapviz_interfaces/share/mapviz_interfaces/cmake/mapviz_interfaces__rosidl_typesupport_cppExport-noconfig.cmake\n'}
[1.681760] (mapviz_interfaces) StdoutLine: {'line': b'-- Up-to-date: /ros2_ws/install/mapviz_interfaces/share/mapviz_interfaces/cmake/export_mapviz_interfaces__rosidl_generator_pyExport.cmake\n'}
[1.682102] (mapviz_interfaces) StdoutLine: {'line': b'-- Up-to-date: /ros2_ws/install/mapviz_interfaces/share/mapviz_interfaces/cmake/export_mapviz_interfaces__rosidl_generator_pyExport-noconfig.cmake\n'}
[1.683860] (mapviz_interfaces) CommandEnded: {'returncode': 0}
[1.706286] (-) TimerEvent: {}
[1.785722] (mapviz_interfaces) JobEnded: {'identifier': 'mapviz_interfaces', 'rc': 0}
[1.786810] (mapviz) JobStarted: {'identifier': 'mapviz'}
[1.806414] (-) TimerEvent: {}
[1.810886] (mapviz) JobProgress: {'identifier': 'mapviz', 'progress': 'cmake'}
[1.815199] (mapviz) JobProgress: {'identifier': 'mapviz', 'progress': 'build'}
[1.816128] (mapviz) Command: {'cmd': ['/usr/bin/cmake', '--build', '/ros2_ws/build/mapviz', '--', '-j4', '-l4'], 'cwd': '/ros2_ws/build/mapviz', 'env': OrderedDict([('GZ_SIM_RESOURCE_PATH', '/opt/ros/humble/share:/home/ros/ws/install:/home/ros/ws/src'), ('HOSTNAME', 'salus'), ('SHLVL', '0'), ('LD_LIBRARY_PATH', '/ros2_ws/install/mapviz_interfaces/lib:/opt/ros/humble/opt/rviz_ogre_vendor/lib:/opt/ros/humble/lib/aarch64-linux-gnu:/opt/ros/humble/lib'), ('HOME', '/home/ros'), ('OLDPWD', '/ros2_ws'), ('ROS_PYTHON_VERSION', '3'), ('ROS_DISTRO', 'humble'), ('_', '/usr/bin/colcon'), ('ROS_VERSION', '2'), ('ROS_LOCALHOST_ONLY', '0'), ('QT_X11_NO_MITSHM', '1'), ('PATH', '/opt/ros/humble/bin:/usr/local/sbin:/usr/local/bin:/usr/sbin:/usr/bin:/sbin:/bin'), ('DISPLAY', ''), ('LANG', 'C.UTF-8'), ('XAUTHORITY', '/home/ros/.Xauthority'), ('AMENT_PREFIX_PATH', '/ros2_ws/install/mapviz_interfaces:/opt/ros/humble'), ('DEBIAN_FRONTEND', 'noninteractive'), ('IGN_GAZEBO_RESOURCE_PATH', '/opt/ros/humble/share:/home/ros/ws/install:/home/ros/ws/src'), ('GZ_VERSION', 'fortress'), ('PWD', '/ros2_ws/build/mapviz'), ('TURTLEBOT3_MODEL', 'waffle'), ('LC_ALL', 'C.UTF-8'), ('RCUTILS_COLORIZED_OUTPUT', '1'), ('PYTHONPATH', '/ros2_ws/install/mapviz_interfaces/local/lib/python3.10/dist-packages:/opt/ros/humble/lib/python3.10/site-packages:/opt/ros/humble/local/lib/python3.10/dist-packages'), ('COLCON', '1'), ('CMAKE_PREFIX_PATH', '/ros2_ws/install/mapviz_interfaces:/opt/ros/humble')]), 'shell': False}
[1.906570] (-) TimerEvent: {}
[2.006860] (-) TimerEvent: {}
[2.086660] (mapviz) StdoutLine: {'line': b'Consolidate compiler generated dependencies of target rqt_mapviz\n'}
[2.107016] (-) TimerEvent: {}
[2.156036] (mapviz) StdoutLine: {'line': b'[ 94%] Built target rqt_mapviz\n'}
[2.190100] (mapviz) StdoutLine: {'line': b'Consolidate compiler generated dependencies of target mapviz\n'}
[2.207143] (-) TimerEvent: {}
[2.219744] (mapviz) StdoutLine: {'line': b'[100%] Built target mapviz\n'}
[2.235208] (mapviz) CommandEnded: {'returncode': 0}
[2.241904] (mapviz) JobProgress: {'identifier': 'mapviz', 'progress': 'install'}
[2.242027] (mapviz) Command: {'cmd': ['/usr/bin/cmake', '--install', '/ros2_ws/build/mapviz'], 'cwd': '/ros2_ws/build/mapviz', 'env': OrderedDict([('GZ_SIM_RESOURCE_PATH', '/opt/ros/humble/share:/home/ros/ws/install:/home/ros/ws/src'), ('HOSTNAME', 'salus'), ('SHLVL', '0'), ('LD_LIBRARY_PATH', '/ros2_ws/install/mapviz_interfaces/lib:/opt/ros/humble/opt/rviz_ogre_vendor/lib:/opt/ros/humble/lib/aarch64-linux-gnu:/opt/ros/humble/lib'), ('HOME', '/home/ros'), ('OLDPWD', '/ros2_ws'), ('ROS_PYTHON_VERSION', '3'), ('ROS_DISTRO', 'humble'), ('_', '/usr/bin/colcon'), ('ROS_VERSION', '2'), ('ROS_LOCALHOST_ONLY', '0'), ('QT_X11_NO_MITSHM', '1'), ('PATH', '/opt/ros/humble/bin:/usr/local/sbin:/usr/local/bin:/usr/sbin:/usr/bin:/sbin:/bin'), ('DISPLAY', ''), ('LANG', 'C.UTF-8'), ('XAUTHORITY', '/home/ros/.Xauthority'), ('AMENT_PREFIX_PATH', '/ros2_ws/install/mapviz_interfaces:/opt/ros/humble'), ('DEBIAN_FRONTEND', 'noninteractive'), ('IGN_GAZEBO_RESOURCE_PATH', '/opt/ros/humble/share:/home/ros/ws/install:/home/ros/ws/src'), ('GZ_VERSION', 'fortress'), ('PWD', '/ros2_ws/build/mapviz'), ('TURTLEBOT3_MODEL', 'waffle'), ('LC_ALL', 'C.UTF-8'), ('RCUTILS_COLORIZED_OUTPUT', '1'), ('PYTHONPATH', '/ros2_ws/install/mapviz_interfaces/local/lib/python3.10/dist-packages:/opt/ros/humble/lib/python3.10/site-packages:/opt/ros/humble/local/lib/python3.10/dist-packages'), ('COLCON', '1'), ('CMAKE_PREFIX_PATH', '/ros2_ws/install/mapviz_interfaces:/opt/ros/humble')]), 'shell': False}
[2.256246] (mapviz) StdoutLine: {'line': b'-- Install configuration: ""\n'}
[2.258885] (mapviz) StdoutLine: {'line': b'-- Execute custom install script\n'}
[2.261520] (mapviz) StdoutLine: {'line': b'-- Up-to-date symlink: /ros2_ws/install/mapviz/lib/mapviz/mapviz\n'}
[2.265953] (mapviz) StdoutLine: {'line': b'-- Up-to-date symlink: /ros2_ws/install/mapviz/share/mapviz/launch/mapviz.launch.py\n'}
[2.267566] (mapviz) StdoutLine: {'line': b'-- Up-to-date symlink: /ros2_ws/install/mapviz/share/mapviz/launch/mapviz.launch.xml\n'}
[2.268147] (mapviz) StdoutLine: {'line': b'-- Up-to-date symlink: /ros2_ws/install/mapviz/share/mapviz/plugin.xml\n'}
[2.271029] (mapviz) StdoutLine: {'line': b'-- Up-to-date symlink: /ros2_ws/install/mapviz/share/mapviz/environment/library_path.sh\n'}
[2.272099] (mapviz) StdoutLine: {'line': b'-- Up-to-date symlink: /ros2_ws/install/mapviz/share/mapviz/environment/library_path.dsv\n'}
[2.275855] (mapviz) StdoutLine: {'line': b'-- Up-to-date symlink: /ros2_ws/install/mapviz/share/ament_index/resource_index/package_run_dependencies/mapviz\n'}
[2.278000] (mapviz) StdoutLine: {'line': b'-- Up-to-date symlink: /ros2_ws/install/mapviz/share/ament_index/resource_index/parent_prefix_path/mapviz\n'}
[2.279200] (mapviz) StdoutLine: {'line': b'-- Up-to-date symlink: /ros2_ws/install/mapviz/share/mapviz/environment/ament_prefix_path.sh\n'}
[2.280462] (mapviz) StdoutLine: {'line': b'-- Up-to-date symlink: /ros2_ws/install/mapviz/share/mapviz/environment/ament_prefix_path.dsv\n'}
[2.281596] (mapviz) StdoutLine: {'line': b'-- Up-to-date symlink: /ros2_ws/install/mapviz/share/mapviz/environment/path.sh\n'}
[2.282898] (mapviz) StdoutLine: {'line': b'-- Up-to-date symlink: /ros2_ws/install/mapviz/share/mapviz/environment/path.dsv\n'}
[2.284035] (mapviz) StdoutLine: {'line': b'-- Up-to-date symlink: /ros2_ws/install/mapviz/share/mapviz/local_setup.bash\n'}
[2.285258] (mapviz) StdoutLine: {'line': b'-- Up-to-date symlink: /ros2_ws/install/mapviz/share/mapviz/local_setup.sh\n'}
[2.286482] (mapviz) StdoutLine: {'line': b'-- Up-to-date symlink: /ros2_ws/install/mapviz/share/mapviz/local_setup.zsh\n'}
[2.287874] (mapviz) StdoutLine: {'line': b'-- Up-to-date symlink: /ros2_ws/install/mapviz/share/mapviz/local_setup.dsv\n'}
[2.288899] (mapviz) StdoutLine: {'line': b'-- Symlinking: /ros2_ws/install/mapviz/share/mapviz/package.dsv\n'}
[2.304761] (mapviz) StdoutLine: {'line': b'-- Up-to-date symlink: /ros2_ws/install/mapviz/share/ament_index/resource_index/packages/mapviz\n'}
[2.306971] (mapviz) StdoutLine: {'line': b'-- Up-to-date symlink: /ros2_ws/install/mapviz/share/mapviz/cmake/ament_cmake_export_targets-extras.cmake\n'}
[2.307446] (-) TimerEvent: {}
[2.308203] (mapviz) StdoutLine: {'line': b'-- Up-to-date symlink: /ros2_ws/install/mapviz/share/mapviz/cmake/ament_cmake_export_dependencies-extras.cmake\n'}
[2.309131] (mapviz) StdoutLine: {'line': b'-- Up-to-date symlink: /ros2_ws/install/mapviz/share/mapviz/cmake/mapvizConfig.cmake\n'}
[2.310364] (mapviz) StdoutLine: {'line': b'-- Up-to-date symlink: /ros2_ws/install/mapviz/share/mapviz/cmake/mapvizConfig-version.cmake\n'}
[2.312355] (mapviz) StdoutLine: {'line': b'-- Up-to-date symlink: /ros2_ws/install/mapviz/share/mapviz/package.xml\n'}
[2.312573] (mapviz) StdoutLine: {'line': b'-- Up-to-date: /ros2_ws/install/mapviz/include/mapviz\n'}
[2.312664] (mapviz) StdoutLine: {'line': b'-- Up-to-date: /ros2_ws/install/mapviz/include/mapviz/mapviz\n'}
[2.312735] (mapviz) StdoutLine: {'line': b'-- Up-to-date: /ros2_ws/install/mapviz/include/mapviz/mapviz/rqt_mapviz.h\n'}
[2.312799] (mapviz) StdoutLine: {'line': b'-- Up-to-date: /ros2_ws/install/mapviz/include/mapviz/mapviz/mapviz_application.h\n'}
[2.312865] (mapviz) StdoutLine: {'line': b'-- Up-to-date: /ros2_ws/install/mapviz/include/mapviz/mapviz/config_item.h\n'}
[2.313088] (mapviz) StdoutLine: {'line': b'-- Up-to-date: /ros2_ws/install/mapviz/include/mapviz/mapviz/video_writer.h\n'}
[2.313195] (mapviz) StdoutLine: {'line': b'-- Up-to-date: /ros2_ws/install/mapviz/include/mapviz/mapviz/color_button.h\n'}
[2.313265] (mapviz) StdoutLine: {'line': b'-- Up-to-date: /ros2_ws/install/mapviz/include/mapviz/mapviz/mapviz_plugin.h\n'}
[2.313325] (mapviz) StdoutLine: {'line': b'-- Up-to-date: /ros2_ws/install/mapviz/include/mapviz/mapviz/select_frame_dialog.h\n'}
[2.313382] (mapviz) StdoutLine: {'line': b'-- Up-to-date: /ros2_ws/install/mapviz/include/mapviz/mapviz/widgets.h\n'}
[2.313446] (mapviz) StdoutLine: {'line': b'-- Up-to-date: /ros2_ws/install/mapviz/include/mapviz/mapviz/stopwatch.h\n'}
[2.313508] (mapviz) StdoutLine: {'line': b'-- Up-to-date: /ros2_ws/install/mapviz/include/mapviz/mapviz/map_canvas.h\n'}
[2.313568] (mapviz) StdoutLine: {'line': b'-- Up-to-date: /ros2_ws/install/mapviz/include/mapviz/mapviz/select_service_dialog.h\n'}
[2.313629] (mapviz) StdoutLine: {'line': b'-- Up-to-date: /ros2_ws/install/mapviz/lib/librqt_mapviz.a\n'}
[2.317273] (mapviz) StdoutLine: {'line': b'-- Up-to-date: /ros2_ws/install/mapviz/share/mapviz/cmake/export_mapvizExport.cmake\n'}
[2.318902] (mapviz) StdoutLine: {'line': b'-- Up-to-date: /ros2_ws/install/mapviz/share/mapviz/cmake/export_mapvizExport-noconfig.cmake\n'}
[2.320286] (mapviz) CommandEnded: {'returncode': 0}
[2.365019] (mapviz) JobEnded: {'identifier': 'mapviz', 'rc': 0}
[2.367694] (mapviz_plugins) JobStarted: {'identifier': 'mapviz_plugins'}
[2.375694] (multires_image) JobStarted: {'identifier': 'multires_image'}
[2.389473] (tile_map) JobStarted: {'identifier': 'tile_map'}
[2.407654] (-) TimerEvent: {}
[2.411706] (mapviz_plugins) JobProgress: {'identifier': 'mapviz_plugins', 'progress': 'cmake'}
[2.414067] (mapviz_plugins) JobProgress: {'identifier': 'mapviz_plugins', 'progress': 'build'}
[2.415395] (mapviz_plugins) Command: {'cmd': ['/usr/bin/cmake', '--build', '/ros2_ws/build/mapviz_plugins', '--', '-j4', '-l4'], 'cwd': '/ros2_ws/build/mapviz_plugins', 'env': OrderedDict([('GZ_SIM_RESOURCE_PATH', '/opt/ros/humble/share:/home/ros/ws/install:/home/ros/ws/src'), ('HOSTNAME', 'salus'), ('SHLVL', '0'), ('LD_LIBRARY_PATH', '/ros2_ws/install/mapviz/lib:/ros2_ws/install/mapviz_interfaces/lib:/opt/ros/humble/opt/rviz_ogre_vendor/lib:/opt/ros/humble/lib/aarch64-linux-gnu:/opt/ros/humble/lib'), ('HOME', '/home/ros'), ('OLDPWD', '/ros2_ws'), ('ROS_PYTHON_VERSION', '3'), ('ROS_DISTRO', 'humble'), ('_', '/usr/bin/colcon'), ('ROS_VERSION', '2'), ('ROS_LOCALHOST_ONLY', '0'), ('QT_X11_NO_MITSHM', '1'), ('PATH', '/opt/ros/humble/bin:/usr/local/sbin:/usr/local/bin:/usr/sbin:/usr/bin:/sbin:/bin'), ('DISPLAY', ''), ('LANG', 'C.UTF-8'), ('XAUTHORITY', '/home/ros/.Xauthority'), ('AMENT_PREFIX_PATH', '/ros2_ws/install/mapviz:/ros2_ws/install/mapviz_interfaces:/opt/ros/humble'), ('DEBIAN_FRONTEND', 'noninteractive'), ('IGN_GAZEBO_RESOURCE_PATH', '/opt/ros/humble/share:/home/ros/ws/install:/home/ros/ws/src'), ('GZ_VERSION', 'fortress'), ('PWD', '/ros2_ws/build/mapviz_plugins'), ('TURTLEBOT3_MODEL', 'waffle'), ('LC_ALL', 'C.UTF-8'), ('RCUTILS_COLORIZED_OUTPUT', '1'), ('PYTHONPATH', '/ros2_ws/install/mapviz_interfaces/local/lib/python3.10/dist-packages:/opt/ros/humble/lib/python3.10/site-packages:/opt/ros/humble/local/lib/python3.10/dist-packages'), ('COLCON', '1'), ('CMAKE_PREFIX_PATH', '/ros2_ws/install/mapviz:/ros2_ws/install/mapviz_interfaces:/opt/ros/humble')]), 'shell': False}
[2.425312] (multires_image) JobProgress: {'identifier': 'multires_image', 'progress': 'cmake'}
[2.435273] (multires_image) JobProgress: {'identifier': 'multires_image', 'progress': 'build'}
[2.435511] (multires_image) Command: {'cmd': ['/usr/bin/cmake', '--build', '/ros2_ws/build/multires_image', '--', '-j4', '-l4'], 'cwd': '/ros2_ws/build/multires_image', 'env': OrderedDict([('GZ_SIM_RESOURCE_PATH', '/opt/ros/humble/share:/home/ros/ws/install:/home/ros/ws/src'), ('HOSTNAME', 'salus'), ('SHLVL', '0'), ('LD_LIBRARY_PATH', '/ros2_ws/install/mapviz/lib:/ros2_ws/install/mapviz_interfaces/lib:/opt/ros/humble/opt/rviz_ogre_vendor/lib:/opt/ros/humble/lib/aarch64-linux-gnu:/opt/ros/humble/lib'), ('HOME', '/home/ros'), ('OLDPWD', '/ros2_ws'), ('ROS_PYTHON_VERSION', '3'), ('ROS_DISTRO', 'humble'), ('_', '/usr/bin/colcon'), ('ROS_VERSION', '2'), ('ROS_LOCALHOST_ONLY', '0'), ('QT_X11_NO_MITSHM', '1'), ('PATH', '/opt/ros/humble/bin:/usr/local/sbin:/usr/local/bin:/usr/sbin:/usr/bin:/sbin:/bin'), ('DISPLAY', ''), ('LANG', 'C.UTF-8'), ('XAUTHORITY', '/home/ros/.Xauthority'), ('AMENT_PREFIX_PATH', '/ros2_ws/install/mapviz:/ros2_ws/install/mapviz_interfaces:/opt/ros/humble'), ('DEBIAN_FRONTEND', 'noninteractive'), ('IGN_GAZEBO_RESOURCE_PATH', '/opt/ros/humble/share:/home/ros/ws/install:/home/ros/ws/src'), ('GZ_VERSION', 'fortress'), ('PWD', '/ros2_ws/build/multires_image'), ('TURTLEBOT3_MODEL', 'waffle'), ('LC_ALL', 'C.UTF-8'), ('RCUTILS_COLORIZED_OUTPUT', '1'), ('PYTHONPATH', '/ros2_ws/install/mapviz_interfaces/local/lib/python3.10/dist-packages:/opt/ros/humble/lib/python3.10/site-packages:/opt/ros/humble/local/lib/python3.10/dist-packages'), ('COLCON', '1'), ('CMAKE_PREFIX_PATH', '/ros2_ws/install/mapviz:/ros2_ws/install/mapviz_interfaces:/opt/ros/humble')]), 'shell': False}
[2.443286] (tile_map) JobProgress: {'identifier': 'tile_map', 'progress': 'cmake'}
[2.449754] (tile_map) JobProgress: {'identifier': 'tile_map', 'progress': 'build'}
[2.450471] (tile_map) Command: {'cmd': ['/usr/bin/cmake', '--build', '/ros2_ws/build/tile_map', '--', '-j4', '-l4'], 'cwd': '/ros2_ws/build/tile_map', 'env': OrderedDict([('GZ_SIM_RESOURCE_PATH', '/opt/ros/humble/share:/home/ros/ws/install:/home/ros/ws/src'), ('HOSTNAME', 'salus'), ('SHLVL', '0'), ('LD_LIBRARY_PATH', '/ros2_ws/install/mapviz/lib:/ros2_ws/install/mapviz_interfaces/lib:/opt/ros/humble/opt/rviz_ogre_vendor/lib:/opt/ros/humble/lib/aarch64-linux-gnu:/opt/ros/humble/lib'), ('HOME', '/home/ros'), ('OLDPWD', '/ros2_ws'), ('ROS_PYTHON_VERSION', '3'), ('ROS_DISTRO', 'humble'), ('_', '/usr/bin/colcon'), ('ROS_VERSION', '2'), ('ROS_LOCALHOST_ONLY', '0'), ('QT_X11_NO_MITSHM', '1'), ('PATH', '/opt/ros/humble/bin:/usr/local/sbin:/usr/local/bin:/usr/sbin:/usr/bin:/sbin:/bin'), ('DISPLAY', ''), ('LANG', 'C.UTF-8'), ('XAUTHORITY', '/home/ros/.Xauthority'), ('AMENT_PREFIX_PATH', '/ros2_ws/install/mapviz:/ros2_ws/install/mapviz_interfaces:/opt/ros/humble'), ('DEBIAN_FRONTEND', 'noninteractive'), ('IGN_GAZEBO_RESOURCE_PATH', '/opt/ros/humble/share:/home/ros/ws/install:/home/ros/ws/src'), ('GZ_VERSION', 'fortress'), ('PWD', '/ros2_ws/build/tile_map'), ('TURTLEBOT3_MODEL', 'waffle'), ('LC_ALL', 'C.UTF-8'), ('RCUTILS_COLORIZED_OUTPUT', '1'), ('PYTHONPATH', '/ros2_ws/install/mapviz_interfaces/local/lib/python3.10/dist-packages:/opt/ros/humble/lib/python3.10/site-packages:/opt/ros/humble/local/lib/python3.10/dist-packages'), ('COLCON', '1'), ('CMAKE_PREFIX_PATH', '/ros2_ws/install/mapviz:/ros2_ws/install/mapviz_interfaces:/opt/ros/humble')]), 'shell': False}
[2.507798] (-) TimerEvent: {}
[2.608181] (-) TimerEvent: {}
[2.626430] (multires_image) StdoutLine: {'line': b'Consolidate compiler generated dependencies of target multires_image\n'}
[2.672861] (mapviz_plugins) StdoutLine: {'line': b'Consolidate compiler generated dependencies of target mapviz_plugins\n'}
[2.688953] (multires_image) StdoutLine: {'line': b'[ 33%] Built target multires_image\n'}
[2.708320] (-) TimerEvent: {}
[2.716951] (tile_map) StdoutLine: {'line': b'Consolidate compiler generated dependencies of target tile_map\n'}
[2.734582] (multires_image) StdoutLine: {'line': b'Consolidate compiler generated dependencies of target multires_widget\n'}
[2.736290] (mapviz_plugins) StdoutLine: {'line': b'[  1%] Building CXX object CMakeFiles/mapviz_plugins.dir/include/mapviz_plugins/moc_float_plugin.cpp.o\n'}
[2.774919] (multires_image) StdoutLine: {'line': b'[ 33%] Building CXX object CMakeFiles/multires_widget.dir/src/QGLMap.cpp.o\n'}
[2.793544] (tile_map) StdoutLine: {'line': b'[ 78%] Built target tile_map\n'}
[2.808488] (-) TimerEvent: {}
[2.851070] (tile_map) StdoutLine: {'line': b'Consolidate compiler generated dependencies of target tile_map_plugin\n'}
[2.898861] (tile_map) StdoutLine: {'line': b'[ 82%] Building CXX object CMakeFiles/tile_map_plugin.dir/include/tile_map/moc_tile_map_plugin.cpp.o\n'}
[2.908600] (-) TimerEvent: {}
[3.008948] (-) TimerEvent: {}
[3.109318] (-) TimerEvent: {}
[3.210283] (-) TimerEvent: {}
[3.310643] (-) TimerEvent: {}
[3.411015] (-) TimerEvent: {}
[3.511279] (-) TimerEvent: {}
[3.612137] (-) TimerEvent: {}
[3.712510] (-) TimerEvent: {}
[3.814103] (-) TimerEvent: {}
[3.914376] (-) TimerEvent: {}
[4.014674] (-) TimerEvent: {}
[4.114926] (-) TimerEvent: {}
[4.215220] (-) TimerEvent: {}
[4.316039] (-) TimerEvent: {}
[4.416302] (-) TimerEvent: {}
[4.518680] (-) TimerEvent: {}
[4.619083] (-) TimerEvent: {}
[4.719592] (-) TimerEvent: {}
[4.820016] (-) TimerEvent: {}
[4.920276] (-) TimerEvent: {}
[5.020657] (-) TimerEvent: {}
[5.121397] (-) TimerEvent: {}
[5.224275] (-) TimerEvent: {}
[5.324902] (-) TimerEvent: {}
[5.425225] (-) TimerEvent: {}
[5.525655] (-) TimerEvent: {}
[5.626071] (-) TimerEvent: {}
[5.726412] (-) TimerEvent: {}
[5.830671] (-) TimerEvent: {}
[5.931012] (-) TimerEvent: {}
[6.031362] (-) TimerEvent: {}
[6.131727] (-) TimerEvent: {}
[6.232010] (-) TimerEvent: {}
[6.332424] (-) TimerEvent: {}
[6.432857] (-) TimerEvent: {}
[6.533117] (-) TimerEvent: {}
[6.633492] (-) TimerEvent: {}
[6.733984] (-) TimerEvent: {}
[6.834453] (-) TimerEvent: {}
[6.934911] (-) TimerEvent: {}
[7.035227] (-) TimerEvent: {}
[7.135902] (-) TimerEvent: {}
[7.236178] (-) TimerEvent: {}
[7.336988] (-) TimerEvent: {}
[7.437327] (-) TimerEvent: {}
[7.537721] (-) TimerEvent: {}
[7.638131] (-) TimerEvent: {}
[7.738532] (-) TimerEvent: {}
[7.840131] (-) TimerEvent: {}
[7.940414] (-) TimerEvent: {}
[8.040725] (-) TimerEvent: {}
[8.141027] (-) TimerEvent: {}
[8.241447] (-) TimerEvent: {}
[8.341790] (-) TimerEvent: {}
[8.443251] (-) TimerEvent: {}
[8.543565] (-) TimerEvent: {}
[8.643840] (-) TimerEvent: {}
[8.744180] (-) TimerEvent: {}
[8.844448] (-) TimerEvent: {}
[8.944911] (-) TimerEvent: {}
[9.047541] (-) TimerEvent: {}
[9.147899] (-) TimerEvent: {}
[9.248315] (-) TimerEvent: {}
[9.348944] (-) TimerEvent: {}
[9.450406] (-) TimerEvent: {}
[9.550775] (-) TimerEvent: {}
[9.651220] (-) TimerEvent: {}
[9.753575] (-) TimerEvent: {}
[9.855279] (-) TimerEvent: {}
[9.955596] (-) TimerEvent: {}
[10.056072] (-) TimerEvent: {}
[10.156331] (-) TimerEvent: {}
[10.256716] (-) TimerEvent: {}
[10.358700] (-) TimerEvent: {}
[10.459031] (-) TimerEvent: {}
[10.559461] (-) TimerEvent: {}
[10.660184] (-) TimerEvent: {}
[10.760568] (-) TimerEvent: {}
[10.862090] (-) TimerEvent: {}
[10.962464] (-) TimerEvent: {}
[11.062983] (-) TimerEvent: {}
[11.165095] (-) TimerEvent: {}
[11.265458] (-) TimerEvent: {}
[11.365839] (-) TimerEvent: {}
[11.467819] (-) TimerEvent: {}
[11.568327] (-) TimerEvent: {}
[11.668819] (-) TimerEvent: {}
[11.769709] (-) TimerEvent: {}
[11.870095] (-) TimerEvent: {}
[11.972027] (-) TimerEvent: {}
[12.072427] (-) TimerEvent: {}
[12.172906] (-) TimerEvent: {}
[12.273410] (-) TimerEvent: {}
[12.376344] (-) TimerEvent: {}
[12.476904] (-) TimerEvent: {}
[12.577826] (-) TimerEvent: {}
[12.680053] (-) TimerEvent: {}
[12.780581] (-) TimerEvent: {}
[12.882743] (-) TimerEvent: {}
[12.984103] (-) TimerEvent: {}
[13.084586] (-) TimerEvent: {}
[13.185630] (-) TimerEvent: {}
[13.286858] (-) TimerEvent: {}
[13.387231] (-) TimerEvent: {}
[13.487651] (-) TimerEvent: {}
[13.588423] (-) TimerEvent: {}
[13.691901] (-) TimerEvent: {}
[13.793690] (-) TimerEvent: {}
[13.893969] (-) TimerEvent: {}
[13.994228] (-) TimerEvent: {}
[14.095961] (-) TimerEvent: {}
[14.198109] (-) TimerEvent: {}
[14.298672] (-) TimerEvent: {}
[14.398930] (-) TimerEvent: {}
[14.499270] (-) TimerEvent: {}
[14.599570] (-) TimerEvent: {}
[14.699824] (-) TimerEvent: {}
[14.800088] (-) TimerEvent: {}
[14.900413] (-) TimerEvent: {}
[15.000667] (-) TimerEvent: {}
[15.100941] (-) TimerEvent: {}
[15.201356] (-) TimerEvent: {}
[15.301662] (-) TimerEvent: {}
[15.401947] (-) TimerEvent: {}
[15.502664] (-) TimerEvent: {}
[15.603255] (-) TimerEvent: {}
[15.710655] (-) TimerEvent: {}
[15.814673] (-) TimerEvent: {}
[15.914974] (-) TimerEvent: {}
[16.015295] (-) TimerEvent: {}
[16.115569] (-) TimerEvent: {}
[16.215852] (-) TimerEvent: {}
[16.316132] (-) TimerEvent: {}
[16.416534] (-) TimerEvent: {}
[16.516801] (-) TimerEvent: {}
[16.617069] (-) TimerEvent: {}
[16.717331] (-) TimerEvent: {}
[16.817601] (-) TimerEvent: {}
[16.917901] (-) TimerEvent: {}
[17.018182] (-) TimerEvent: {}
[17.087552] (multires_image) StdoutLine: {'line': b'[ 66%] Linking CXX static library libmultires_widget.a\n'}
[17.118696] (-) TimerEvent: {}
[17.157898] (multires_image) StdoutLine: {'line': b'[ 66%] Built target multires_widget\n'}
[17.206664] (multires_image) StdoutLine: {'line': b'[ 66%] Building CXX object CMakeFiles/multires_view_node.dir/src/nodes/multires_view_node.cpp.o\n'}
[17.218825] (-) TimerEvent: {}
[17.319105] (-) TimerEvent: {}
[17.419379] (-) TimerEvent: {}
[17.519653] (-) TimerEvent: {}
[17.619947] (-) TimerEvent: {}
[17.726772] (-) TimerEvent: {}
[17.827511] (-) TimerEvent: {}
[17.927926] (-) TimerEvent: {}
[18.028344] (-) TimerEvent: {}
[18.128752] (-) TimerEvent: {}
[18.225593] (tile_map) StdoutLine: {'line': b'Linking CXX shared library libtile_map_plugin.so\n'}
[18.228886] (-) TimerEvent: {}
[18.329321] (-) TimerEvent: {}
[18.429742] (-) TimerEvent: {}
[18.530267] (-) TimerEvent: {}
[18.634896] (-) TimerEvent: {}
[18.735438] (-) TimerEvent: {}
[18.747863] (mapviz_plugins) StdoutLine: {'line': b'[  3%] Building CXX object CMakeFiles/mapviz_plugins.dir/include/mapviz_plugins/moc_marker_plugin.cpp.o\n'}
[18.835638] (-) TimerEvent: {}
[18.936335] (-) TimerEvent: {}
[19.036731] (-) TimerEvent: {}
[19.137142] (-) TimerEvent: {}
[19.237504] (-) TimerEvent: {}
[19.342671] (-) TimerEvent: {}
[19.443181] (-) TimerEvent: {}
[19.544062] (-) TimerEvent: {}
[19.644600] (-) TimerEvent: {}
[19.745426] (-) TimerEvent: {}
[19.846089] (-) TimerEvent: {}
[19.946780] (-) TimerEvent: {}
[20.047388] (-) TimerEvent: {}
[20.147974] (-) TimerEvent: {}
[20.248764] (-) TimerEvent: {}
[20.349450] (-) TimerEvent: {}
[20.454675] (-) TimerEvent: {}
[20.555298] (-) TimerEvent: {}
[20.655936] (-) TimerEvent: {}
[20.756495] (-) TimerEvent: {}
[20.857039] (-) TimerEvent: {}
[20.957633] (-) TimerEvent: {}
[21.058409] (-) TimerEvent: {}
[21.159127] (-) TimerEvent: {}
[21.259791] (-) TimerEvent: {}
[21.362959] (-) TimerEvent: {}
[21.463725] (-) TimerEvent: {}
[21.564459] (-) TimerEvent: {}
[21.665018] (-) TimerEvent: {}
[21.765743] (-) TimerEvent: {}
[21.870953] (-) TimerEvent: {}
[21.971597] (-) TimerEvent: {}
[22.072321] (-) TimerEvent: {}
[22.172970] (-) TimerEvent: {}
[22.273635] (-) TimerEvent: {}
[22.374163] (-) TimerEvent: {}
[22.474883] (-) TimerEvent: {}
[22.575492] (-) TimerEvent: {}
[22.678690] (-) TimerEvent: {}
[22.779179] (-) TimerEvent: {}
[22.879978] (-) TimerEvent: {}
[22.980697] (-) TimerEvent: {}
[23.081537] (-) TimerEvent: {}
[23.182091] (-) TimerEvent: {}
[23.286649] (-) TimerEvent: {}
[23.387025] (-) TimerEvent: {}
[23.487455] (-) TimerEvent: {}
[23.578137] (tile_map) StdoutLine: {'line': b'Built target tile_map_plugin\n'}
[23.587596] (-) TimerEvent: {}
[23.612514] (tile_map) CommandEnded: {'returncode': 0}
[23.613718] (tile_map) JobProgress: {'identifier': 'tile_map', 'progress': 'install'}
[23.615177] (tile_map) Command: {'cmd': ['/usr/bin/cmake', '--install', '/ros2_ws/build/tile_map'], 'cwd': '/ros2_ws/build/tile_map', 'env': OrderedDict([('GZ_SIM_RESOURCE_PATH', '/opt/ros/humble/share:/home/ros/ws/install:/home/ros/ws/src'), ('HOSTNAME', 'salus'), ('SHLVL', '0'), ('LD_LIBRARY_PATH', '/ros2_ws/install/mapviz/lib:/ros2_ws/install/mapviz_interfaces/lib:/opt/ros/humble/opt/rviz_ogre_vendor/lib:/opt/ros/humble/lib/aarch64-linux-gnu:/opt/ros/humble/lib'), ('HOME', '/home/ros'), ('OLDPWD', '/ros2_ws'), ('ROS_PYTHON_VERSION', '3'), ('ROS_DISTRO', 'humble'), ('_', '/usr/bin/colcon'), ('ROS_VERSION', '2'), ('ROS_LOCALHOST_ONLY', '0'), ('QT_X11_NO_MITSHM', '1'), ('PATH', '/opt/ros/humble/bin:/usr/local/sbin:/usr/local/bin:/usr/sbin:/usr/bin:/sbin:/bin'), ('DISPLAY', ''), ('LANG', 'C.UTF-8'), ('XAUTHORITY', '/home/ros/.Xauthority'), ('AMENT_PREFIX_PATH', '/ros2_ws/install/mapviz:/ros2_ws/install/mapviz_interfaces:/opt/ros/humble'), ('DEBIAN_FRONTEND', 'noninteractive'), ('IGN_GAZEBO_RESOURCE_PATH', '/opt/ros/humble/share:/home/ros/ws/install:/home/ros/ws/src'), ('GZ_VERSION', 'fortress'), ('PWD', '/ros2_ws/build/tile_map'), ('TURTLEBOT3_MODEL', 'waffle'), ('LC_ALL', 'C.UTF-8'), ('RCUTILS_COLORIZED_OUTPUT', '1'), ('PYTHONPATH', '/ros2_ws/install/mapviz_interfaces/local/lib/python3.10/dist-packages:/opt/ros/humble/lib/python3.10/site-packages:/opt/ros/humble/local/lib/python3.10/dist-packages'), ('COLCON', '1'), ('CMAKE_PREFIX_PATH', '/ros2_ws/install/mapviz:/ros2_ws/install/mapviz_interfaces:/opt/ros/humble')]), 'shell': False}
[23.637314] (tile_map) StdoutLine: {'line': b'-- Install configuration: ""\n'}
[23.643254] (tile_map) StdoutLine: {'line': b'-- Execute custom install script\n'}
[23.643959] (tile_map) StdoutLine: {'line': b'-- Up-to-date symlink: /ros2_ws/install/tile_map/share/tile_map//mapviz_plugins.xml\n'}
[23.644536] (tile_map) StdoutLine: {'line': b'-- Up-to-date symlink: /ros2_ws/install/tile_map/share/ament_index/resource_index/package_run_dependencies/tile_map\n'}
[23.645138] (tile_map) StdoutLine: {'line': b'-- Up-to-date symlink: /ros2_ws/install/tile_map/share/ament_index/resource_index/parent_prefix_path/tile_map\n'}
[23.646234] (tile_map) StdoutLine: {'line': b'-- Up-to-date symlink: /ros2_ws/install/tile_map/share/tile_map/environment/ament_prefix_path.sh\n'}
[23.646647] (tile_map) StdoutLine: {'line': b'-- Up-to-date symlink: /ros2_ws/install/tile_map/share/tile_map/environment/ament_prefix_path.dsv\n'}
[23.646828] (tile_map) StdoutLine: {'line': b'-- Up-to-date symlink: /ros2_ws/install/tile_map/share/tile_map/environment/path.sh\n'}
[23.648598] (tile_map) StdoutLine: {'line': b'-- Up-to-date symlink: /ros2_ws/install/tile_map/share/tile_map/environment/path.dsv\n'}
[23.648822] (tile_map) StdoutLine: {'line': b'-- Up-to-date symlink: /ros2_ws/install/tile_map/share/tile_map/local_setup.bash\n'}
[23.648921] (tile_map) StdoutLine: {'line': b'-- Up-to-date symlink: /ros2_ws/install/tile_map/share/tile_map/local_setup.sh\n'}
[23.648995] (tile_map) StdoutLine: {'line': b'-- Up-to-date symlink: /ros2_ws/install/tile_map/share/tile_map/local_setup.zsh\n'}
[23.650890] (tile_map) StdoutLine: {'line': b'-- Up-to-date symlink: /ros2_ws/install/tile_map/share/tile_map/local_setup.dsv\n'}
[23.651158] (tile_map) StdoutLine: {'line': b'-- Symlinking: /ros2_ws/install/tile_map/share/tile_map/package.dsv\n'}
[23.679560] (tile_map) StdoutLine: {'line': b'-- Up-to-date symlink: /ros2_ws/install/tile_map/share/ament_index/resource_index/packages/tile_map\n'}
[23.680204] (tile_map) StdoutLine: {'line': b'-- Up-to-date symlink: /ros2_ws/install/tile_map/share/ament_index/resource_index/mapviz__pluginlib__plugin/tile_map\n'}
[23.681559] (tile_map) StdoutLine: {'line': b'-- Up-to-date symlink: /ros2_ws/install/tile_map/share/tile_map/cmake/ament_cmake_export_targets-extras.cmake\n'}
[23.681805] (tile_map) StdoutLine: {'line': b'-- Up-to-date symlink: /ros2_ws/install/tile_map/share/tile_map/cmake/ament_cmake_export_dependencies-extras.cmake\n'}
[23.681934] (tile_map) StdoutLine: {'line': b'-- Up-to-date symlink: /ros2_ws/install/tile_map/share/tile_map/cmake/tile_mapConfig.cmake\n'}
[23.682865] (tile_map) StdoutLine: {'line': b'-- Up-to-date symlink: /ros2_ws/install/tile_map/share/tile_map/cmake/tile_mapConfig-version.cmake\n'}
[23.683325] (tile_map) StdoutLine: {'line': b'-- Up-to-date symlink: /ros2_ws/install/tile_map/share/tile_map/package.xml\n'}
[23.684752] (tile_map) StdoutLine: {'line': b'-- Up-to-date: /ros2_ws/install/tile_map/include/tile_map\n'}
[23.684891] (tile_map) StdoutLine: {'line': b'-- Up-to-date: /ros2_ws/install/tile_map/include/tile_map/tile_map\n'}
[23.684968] (tile_map) StdoutLine: {'line': b'-- Up-to-date: /ros2_ws/install/tile_map/include/tile_map/tile_map/tile_map_view.h\n'}
[23.685041] (tile_map) StdoutLine: {'line': b'-- Up-to-date: /ros2_ws/install/tile_map/include/tile_map/tile_map/tile_source.h\n'}
[23.685107] (tile_map) StdoutLine: {'line': b'-- Up-to-date: /ros2_ws/install/tile_map/include/tile_map/tile_map/tile_map_plugin.h\n'}
[23.685172] (tile_map) StdoutLine: {'line': b'-- Up-to-date: /ros2_ws/install/tile_map/include/tile_map/tile_map/image_cache.h\n'}
[23.685230] (tile_map) StdoutLine: {'line': b'-- Up-to-date: /ros2_ws/install/tile_map/include/tile_map/tile_map/wmts_source.h\n'}
[23.685292] (tile_map) StdoutLine: {'line': b'-- Up-to-date: /ros2_ws/install/tile_map/include/tile_map/tile_map/stadia_source.h\n'}
[23.685351] (tile_map) StdoutLine: {'line': b'-- Up-to-date: /ros2_ws/install/tile_map/include/tile_map/tile_map/texture_cache.h\n'}
[23.685408] (tile_map) StdoutLine: {'line': b'-- Up-to-date: /ros2_ws/install/tile_map/include/tile_map/tile_map/bing_source.h\n'}
[23.686622] (tile_map) StdoutLine: {'line': b'-- Up-to-date: /ros2_ws/install/tile_map/lib/libtile_map.a\n'}
[23.687021] (tile_map) StdoutLine: {'line': b'-- Installing: /ros2_ws/install/tile_map/lib/libtile_map_plugin.so\n'}
[23.687683] (-) TimerEvent: {}
[23.700845] (tile_map) StdoutLine: {'line': b'-- Set runtime path of "/ros2_ws/install/tile_map/lib/libtile_map_plugin.so" to ""\n'}
[23.701124] (tile_map) StdoutLine: {'line': b'-- Up-to-date: /ros2_ws/install/tile_map/share/tile_map/cmake/export_tile_mapExport.cmake\n'}
[23.701239] (tile_map) StdoutLine: {'line': b'-- Up-to-date: /ros2_ws/install/tile_map/share/tile_map/cmake/export_tile_mapExport-noconfig.cmake\n'}
[23.707326] (tile_map) CommandEnded: {'returncode': 0}
[23.791115] (-) TimerEvent: {}
[23.805042] (tile_map) JobEnded: {'identifier': 'tile_map', 'rc': 0}
[23.891858] (-) TimerEvent: {}
[23.992126] (-) TimerEvent: {}
[24.092386] (-) TimerEvent: {}
[24.193108] (-) TimerEvent: {}
[24.293415] (-) TimerEvent: {}
[24.394831] (-) TimerEvent: {}
[24.495129] (-) TimerEvent: {}
[24.595438] (-) TimerEvent: {}
[24.695707] (-) TimerEvent: {}
[24.796056] (-) TimerEvent: {}
[24.897415] (-) TimerEvent: {}
[24.997692] (-) TimerEvent: {}
[25.097964] (-) TimerEvent: {}
[25.198504] (-) TimerEvent: {}
[25.299764] (-) TimerEvent: {}
[25.400040] (-) TimerEvent: {}
[25.500321] (-) TimerEvent: {}
[25.600591] (-) TimerEvent: {}
[25.702033] (-) TimerEvent: {}
[25.802320] (-) TimerEvent: {}
[25.902622] (-) TimerEvent: {}
[26.003124] (-) TimerEvent: {}
[26.103528] (-) TimerEvent: {}
[26.206661] (-) TimerEvent: {}
[26.306929] (-) TimerEvent: {}
[26.407196] (-) TimerEvent: {}
[26.507464] (-) TimerEvent: {}
[26.607737] (-) TimerEvent: {}
[26.708037] (-) TimerEvent: {}
[26.808332] (-) TimerEvent: {}
[26.908601] (-) TimerEvent: {}
[27.008892] (-) TimerEvent: {}
[27.109171] (-) TimerEvent: {}
[27.209427] (-) TimerEvent: {}
[27.309680] (-) TimerEvent: {}
[27.410073] (-) TimerEvent: {}
[27.510344] (-) TimerEvent: {}
[27.610650] (-) TimerEvent: {}
[27.714651] (-) TimerEvent: {}
[27.814930] (-) TimerEvent: {}
[27.915224] (-) TimerEvent: {}
[28.015511] (-) TimerEvent: {}
[28.115800] (-) TimerEvent: {}
[28.216088] (-) TimerEvent: {}
[28.316374] (-) TimerEvent: {}
[28.416744] (-) TimerEvent: {}
[28.517078] (-) TimerEvent: {}
[28.617499] (-) TimerEvent: {}
[28.717919] (-) TimerEvent: {}
[28.818359] (-) TimerEvent: {}
[28.918794] (-) TimerEvent: {}
[29.019591] (-) TimerEvent: {}
[29.119979] (-) TimerEvent: {}
[29.220354] (-) TimerEvent: {}
[29.320775] (-) TimerEvent: {}
[29.426823] (-) TimerEvent: {}
[29.527227] (-) TimerEvent: {}
[29.598318] (multires_image) StdoutLine: {'line': b'[ 70%] Building CXX object CMakeFiles/multires_view_node.dir/include/multires_image/moc_multires_view_node.cpp.o\n'}
[29.627359] (-) TimerEvent: {}
[29.727777] (-) TimerEvent: {}
[29.828228] (-) TimerEvent: {}
[29.928616] (-) TimerEvent: {}
[30.029035] (-) TimerEvent: {}
[30.129314] (-) TimerEvent: {}
[30.229604] (-) TimerEvent: {}
[30.329880] (-) TimerEvent: {}
[30.387396] (mapviz_plugins) StdoutLine: {'line': b'[  4%] Building CXX object CMakeFiles/mapviz_plugins.dir/include/mapviz_plugins/moc_measuring_plugin.cpp.o\n'}
[30.430032] (-) TimerEvent: {}
[30.530795] (-) TimerEvent: {}
[30.634716] (-) TimerEvent: {}
[30.735176] (-) TimerEvent: {}
[30.835586] (-) TimerEvent: {}
[30.936016] (-) TimerEvent: {}
[31.036422] (-) TimerEvent: {}
[31.136845] (-) TimerEvent: {}
[31.237250] (-) TimerEvent: {}
[31.337656] (-) TimerEvent: {}
[31.438090] (-) TimerEvent: {}
[31.538506] (-) TimerEvent: {}
[31.638938] (-) TimerEvent: {}
[31.739355] (-) TimerEvent: {}
[31.839770] (-) TimerEvent: {}
[31.940195] (-) TimerEvent: {}
[32.040623] (-) TimerEvent: {}
[32.141048] (-) TimerEvent: {}
[32.246806] (-) TimerEvent: {}
[32.347210] (-) TimerEvent: {}
[32.447620] (-) TimerEvent: {}
[32.548030] (-) TimerEvent: {}
[32.648433] (-) TimerEvent: {}
[32.748838] (-) TimerEvent: {}
[32.849248] (-) TimerEvent: {}
[32.949659] (-) TimerEvent: {}
[33.050093] (-) TimerEvent: {}
[33.150498] (-) TimerEvent: {}
[33.250911] (-) TimerEvent: {}
[33.351182] (-) TimerEvent: {}
[33.451458] (-) TimerEvent: {}
[33.551749] (-) TimerEvent: {}
[33.652022] (-) TimerEvent: {}
[33.752296] (-) TimerEvent: {}
[33.852588] (-) TimerEvent: {}
[33.952882] (-) TimerEvent: {}
[34.053237] (-) TimerEvent: {}
[34.153582] (-) TimerEvent: {}
[34.253916] (-) TimerEvent: {}
[34.354191] (-) TimerEvent: {}
[34.454464] (-) TimerEvent: {}
[34.558123] (-) TimerEvent: {}
[34.658396] (-) TimerEvent: {}
[34.758709] (-) TimerEvent: {}
[34.858984] (-) TimerEvent: {}
[34.959258] (-) TimerEvent: {}
[35.059534] (-) TimerEvent: {}
[35.159809] (-) TimerEvent: {}
[35.260096] (-) TimerEvent: {}
[35.360377] (-) TimerEvent: {}
[35.460658] (-) TimerEvent: {}
[35.561088] (-) TimerEvent: {}
[35.661497] (-) TimerEvent: {}
[35.761919] (-) TimerEvent: {}
[35.862406] (-) TimerEvent: {}
[35.966642] (-) TimerEvent: {}
[36.067050] (-) TimerEvent: {}
[36.167464] (-) TimerEvent: {}
[36.267869] (-) TimerEvent: {}
[36.368311] (-) TimerEvent: {}
[36.468871] (-) TimerEvent: {}
[36.569421] (-) TimerEvent: {}
[36.670000] (-) TimerEvent: {}
[36.770567] (-) TimerEvent: {}
[36.871097] (-) TimerEvent: {}
[36.971603] (-) TimerEvent: {}
[37.072052] (-) TimerEvent: {}
[37.172478] (-) TimerEvent: {}
[37.272939] (-) TimerEvent: {}
[37.378295] (-) TimerEvent: {}
[37.478731] (-) TimerEvent: {}
[37.579100] (-) TimerEvent: {}
[37.679487] (-) TimerEvent: {}
[37.779900] (-) TimerEvent: {}
[37.880278] (-) TimerEvent: {}
[37.980641] (-) TimerEvent: {}
[38.081034] (-) TimerEvent: {}
[38.181555] (-) TimerEvent: {}
[38.245900] (multires_image) StdoutLine: {'line': b'[ 83%] Linking CXX executable multires_view_node\n'}
[38.281667] (-) TimerEvent: {}
[38.382141] (-) TimerEvent: {}
[38.482702] (-) TimerEvent: {}
[38.583254] (-) TimerEvent: {}
[38.683869] (-) TimerEvent: {}
[38.783952] (mapviz_plugins) StdoutLine: {'line': b'[  4%] Building CXX object CMakeFiles/mapviz_plugins.dir/include/mapviz_plugins/moc_navsat_plugin.cpp.o\n'}
[38.784634] (-) TimerEvent: {}
[38.884921] (-) TimerEvent: {}
[38.985234] (-) TimerEvent: {}
[39.085569] (-) TimerEvent: {}
[39.185872] (-) TimerEvent: {}
[39.233716] (multires_image) StdoutLine: {'line': b'[ 83%] Built target multires_view_node\n'}
[39.260399] (multires_image) StdoutLine: {'line': b'[ 83%] Building CXX object CMakeFiles/multires_image_plugin.dir/src/multires_image_plugin.cpp.o\n'}
[39.290677] (-) TimerEvent: {}
[39.390947] (-) TimerEvent: {}
[39.491202] (-) TimerEvent: {}
[39.591458] (-) TimerEvent: {}
[39.691719] (-) TimerEvent: {}
[39.792018] (-) TimerEvent: {}
[39.892324] (-) TimerEvent: {}
[39.992625] (-) TimerEvent: {}
[40.092916] (-) TimerEvent: {}
[40.193209] (-) TimerEvent: {}
[40.293501] (-) TimerEvent: {}
[40.393802] (-) TimerEvent: {}
[40.494092] (-) TimerEvent: {}
[40.594391] (-) TimerEvent: {}
[40.694673] (-) TimerEvent: {}
[40.794942] (-) TimerEvent: {}
[40.895334] (-) TimerEvent: {}
[40.995621] (-) TimerEvent: {}
[41.095897] (-) TimerEvent: {}
[41.196193] (-) TimerEvent: {}
[41.298122] (-) TimerEvent: {}
[41.398390] (-) TimerEvent: {}
[41.498815] (-) TimerEvent: {}
[41.599222] (-) TimerEvent: {}
[41.699627] (-) TimerEvent: {}
[41.800035] (-) TimerEvent: {}
[41.900455] (-) TimerEvent: {}
[42.000757] (-) TimerEvent: {}
[42.101053] (-) TimerEvent: {}
[42.201339] (-) TimerEvent: {}
[42.301622] (-) TimerEvent: {}
[42.401901] (-) TimerEvent: {}
[42.502167] (-) TimerEvent: {}
[42.602447] (-) TimerEvent: {}
[42.706652] (-) TimerEvent: {}
[42.806922] (-) TimerEvent: {}
[42.907205] (-) TimerEvent: {}
[43.007473] (-) TimerEvent: {}
[43.107744] (-) TimerEvent: {}
[43.208017] (-) TimerEvent: {}
[43.308285] (-) TimerEvent: {}
[43.408553] (-) TimerEvent: {}
[43.508830] (-) TimerEvent: {}
[43.609109] (-) TimerEvent: {}
[43.709386] (-) TimerEvent: {}
[43.809653] (-) TimerEvent: {}
[43.909926] (-) TimerEvent: {}
[44.010187] (-) TimerEvent: {}
[44.110457] (-) TimerEvent: {}
[44.210741] (-) TimerEvent: {}
[44.311010] (-) TimerEvent: {}
[44.411278] (-) TimerEvent: {}
[44.514658] (-) TimerEvent: {}
[44.614936] (-) TimerEvent: {}
[44.715216] (-) TimerEvent: {}
[44.815510] (-) TimerEvent: {}
[44.915803] (-) TimerEvent: {}
[45.016083] (-) TimerEvent: {}
[45.116368] (-) TimerEvent: {}
[45.216643] (-) TimerEvent: {}
[45.316945] (-) TimerEvent: {}
[45.417259] (-) TimerEvent: {}
[45.517569] (-) TimerEvent: {}
[45.617849] (-) TimerEvent: {}
[45.718121] (-) TimerEvent: {}
[45.818403] (-) TimerEvent: {}
[45.922648] (-) TimerEvent: {}
[46.022919] (-) TimerEvent: {}
[46.123189] (-) TimerEvent: {}
[46.223454] (-) TimerEvent: {}
[46.323985] (-) TimerEvent: {}
[46.434670] (-) TimerEvent: {}
[46.535093] (-) TimerEvent: {}
[46.635528] (-) TimerEvent: {}
[46.735935] (-) TimerEvent: {}
[46.836352] (-) TimerEvent: {}
[46.936787] (-) TimerEvent: {}
[47.037246] (-) TimerEvent: {}
[47.042755] (mapviz_plugins) StdoutLine: {'line': b'[  4%] Building CXX object CMakeFiles/mapviz_plugins.dir/include/mapviz_plugins/moc_occupancy_grid_plugin.cpp.o\n'}
[47.137382] (-) TimerEvent: {}
[47.237648] (-) TimerEvent: {}
[47.337900] (-) TimerEvent: {}
[47.438167] (-) TimerEvent: {}
[47.538571] (-) TimerEvent: {}
[47.638935] (-) TimerEvent: {}
[47.739236] (-) TimerEvent: {}
[47.839521] (-) TimerEvent: {}
[47.939779] (-) TimerEvent: {}
[48.040060] (-) TimerEvent: {}
[48.140493] (-) TimerEvent: {}
[48.240863] (-) TimerEvent: {}
[48.346658] (-) TimerEvent: {}
[48.446932] (-) TimerEvent: {}
[48.547214] (-) TimerEvent: {}
[48.647548] (-) TimerEvent: {}
[48.747840] (-) TimerEvent: {}
[48.848144] (-) TimerEvent: {}
[48.948449] (-) TimerEvent: {}
[49.048741] (-) TimerEvent: {}
[49.149023] (-) TimerEvent: {}
[49.249317] (-) TimerEvent: {}
[49.349612] (-) TimerEvent: {}
[49.449890] (-) TimerEvent: {}
[49.529877] (multires_image) StdoutLine: {'line': b'[ 87%] Building CXX object CMakeFiles/multires_image_plugin.dir/include/multires_image/moc_multires_image_plugin.cpp.o\n'}
[49.550045] (-) TimerEvent: {}
[49.650462] (-) TimerEvent: {}
[49.750878] (-) TimerEvent: {}
[49.851291] (-) TimerEvent: {}
[49.951741] (-) TimerEvent: {}
[50.052015] (-) TimerEvent: {}
[50.152280] (-) TimerEvent: {}
[50.254662] (-) TimerEvent: {}
[50.354926] (-) TimerEvent: {}
[50.455186] (-) TimerEvent: {}
[50.555451] (-) TimerEvent: {}
[50.655717] (-) TimerEvent: {}
[50.755993] (-) TimerEvent: {}
[50.856263] (-) TimerEvent: {}
[50.956531] (-) TimerEvent: {}
[51.056801] (-) TimerEvent: {}
[51.157080] (-) TimerEvent: {}
[51.257364] (-) TimerEvent: {}
[51.357647] (-) TimerEvent: {}
[51.457926] (-) TimerEvent: {}
[51.562797] (-) TimerEvent: {}
[51.663066] (-) TimerEvent: {}
[51.763346] (-) TimerEvent: {}
[51.863611] (-) TimerEvent: {}
[51.963898] (-) TimerEvent: {}
[52.064182] (-) TimerEvent: {}
[52.164451] (-) TimerEvent: {}
[52.264748] (-) TimerEvent: {}
[52.365024] (-) TimerEvent: {}
[52.465283] (-) TimerEvent: {}
[52.565540] (-) TimerEvent: {}
[52.665795] (-) TimerEvent: {}
[52.766052] (-) TimerEvent: {}
[52.866311] (-) TimerEvent: {}
[52.966735] (-) TimerEvent: {}
[53.067141] (-) TimerEvent: {}
[53.167553] (-) TimerEvent: {}
[53.267851] (-) TimerEvent: {}
[53.368132] (-) TimerEvent: {}
[53.470660] (-) TimerEvent: {}
[53.570934] (-) TimerEvent: {}
[53.671340] (-) TimerEvent: {}
[53.771752] (-) TimerEvent: {}
[53.872158] (-) TimerEvent: {}
[53.972571] (-) TimerEvent: {}
[54.073022] (-) TimerEvent: {}
[54.173449] (-) TimerEvent: {}
[54.273862] (-) TimerEvent: {}
[54.374281] (-) TimerEvent: {}
[54.478109] (-) TimerEvent: {}
[54.578509] (-) TimerEvent: {}
[54.678942] (-) TimerEvent: {}
[54.779335] (-) TimerEvent: {}
[54.879726] (-) TimerEvent: {}
[54.980181] (-) TimerEvent: {}
[55.080643] (-) TimerEvent: {}
[55.181067] (-) TimerEvent: {}
[55.281511] (-) TimerEvent: {}
[55.382003] (-) TimerEvent: {}
[55.482590] (-) TimerEvent: {}
[55.583019] (-) TimerEvent: {}
[55.683401] (-) TimerEvent: {}
[55.783807] (-) TimerEvent: {}
[55.886666] (-) TimerEvent: {}
[55.986920] (-) TimerEvent: {}
[56.087184] (-) TimerEvent: {}
[56.166656] (mapviz_plugins) StdoutLine: {'line': b'[  6%] Building CXX object CMakeFiles/mapviz_plugins.dir/include/mapviz_plugins/moc_odometry_plugin.cpp.o\n'}
[56.187304] (-) TimerEvent: {}
[56.287567] (-) TimerEvent: {}
[56.387828] (-) TimerEvent: {}
[56.488091] (-) TimerEvent: {}
[56.588375] (-) TimerEvent: {}
[56.688652] (-) TimerEvent: {}
[56.788942] (-) TimerEvent: {}
[56.889233] (-) TimerEvent: {}
[56.989501] (-) TimerEvent: {}
[57.089771] (-) TimerEvent: {}
[57.190057] (-) TimerEvent: {}
[57.290354] (-) TimerEvent: {}
[57.394658] (-) TimerEvent: {}
[57.494963] (-) TimerEvent: {}
[57.595281] (-) TimerEvent: {}
[57.695550] (-) TimerEvent: {}
[57.795839] (-) TimerEvent: {}
[57.896127] (-) TimerEvent: {}
[57.996394] (-) TimerEvent: {}
[58.096679] (-) TimerEvent: {}
[58.196960] (-) TimerEvent: {}
[58.297242] (-) TimerEvent: {}
[58.397513] (-) TimerEvent: {}
[58.479610] (multires_image) StdoutLine: {'line': b'[ 91%] Building CXX object CMakeFiles/multires_image_plugin.dir/src/multires_view.cpp.o\n'}
[58.497643] (-) TimerEvent: {}
[58.597913] (-) TimerEvent: {}
[58.698189] (-) TimerEvent: {}
[58.798459] (-) TimerEvent: {}
[58.898733] (-) TimerEvent: {}
[58.998995] (-) TimerEvent: {}
[59.099271] (-) TimerEvent: {}
[59.199547] (-) TimerEvent: {}
[59.302655] (-) TimerEvent: {}
[59.402921] (-) TimerEvent: {}
[59.503213] (-) TimerEvent: {}
[59.603501] (-) TimerEvent: {}
[59.703789] (-) TimerEvent: {}
[59.804092] (-) TimerEvent: {}
[59.904400] (-) TimerEvent: {}
[60.004874] (-) TimerEvent: {}
[60.105164] (-) TimerEvent: {}
[60.205434] (-) TimerEvent: {}
[60.305706] (-) TimerEvent: {}
[60.405989] (-) TimerEvent: {}
[60.506261] (-) TimerEvent: {}
[60.606564] (-) TimerEvent: {}
[60.710651] (-) TimerEvent: {}
[60.810918] (-) TimerEvent: {}
[60.911193] (-) TimerEvent: {}
[61.011470] (-) TimerEvent: {}
[61.111749] (-) TimerEvent: {}
[61.212119] (-) TimerEvent: {}
[61.312400] (-) TimerEvent: {}
[61.412685] (-) TimerEvent: {}
[61.512969] (-) TimerEvent: {}
[61.613254] (-) TimerEvent: {}
[61.713534] (-) TimerEvent: {}
[61.813814] (-) TimerEvent: {}
[61.914092] (-) TimerEvent: {}
[62.014371] (-) TimerEvent: {}
[62.114659] (-) TimerEvent: {}
[62.214924] (-) TimerEvent: {}
[62.315191] (-) TimerEvent: {}
[62.418677] (-) TimerEvent: {}
[62.518951] (-) TimerEvent: {}
[62.619222] (-) TimerEvent: {}
[62.720357] (-) TimerEvent: {}
[62.822188] (-) TimerEvent: {}
[62.922623] (-) TimerEvent: {}
[63.023080] (-) TimerEvent: {}
[63.123410] (-) TimerEvent: {}
[63.223677] (-) TimerEvent: {}
[63.323944] (-) TimerEvent: {}
[63.424975] (-) TimerEvent: {}
[63.525247] (-) TimerEvent: {}
[63.625536] (-) TimerEvent: {}
[63.725797] (-) TimerEvent: {}
[63.826662] (-) TimerEvent: {}
[63.926921] (-) TimerEvent: {}
[64.027181] (-) TimerEvent: {}
[64.128142] (-) TimerEvent: {}
[64.228389] (-) TimerEvent: {}
[64.328662] (-) TimerEvent: {}
[64.429108] (-) TimerEvent: {}
[64.529389] (-) TimerEvent: {}
[64.629675] (-) TimerEvent: {}
[64.729953] (-) TimerEvent: {}
[64.830266] (-) TimerEvent: {}
[64.930600] (-) TimerEvent: {}
[65.039945] (-) TimerEvent: {}
[65.067186] (mapviz_plugins) StdoutLine: {'line': b'[  7%] Building CXX object CMakeFiles/mapviz_plugins.dir/include/mapviz_plugins/moc_path_plugin.cpp.o\n'}
[65.140071] (-) TimerEvent: {}
[65.240363] (-) TimerEvent: {}
[65.340671] (-) TimerEvent: {}
[65.440927] (-) TimerEvent: {}
[65.541328] (-) TimerEvent: {}
[65.641760] (-) TimerEvent: {}
[65.742175] (-) TimerEvent: {}
[65.842617] (-) TimerEvent: {}
[65.943035] (-) TimerEvent: {}
[66.043442] (-) TimerEvent: {}
[66.143840] (-) TimerEvent: {}
[66.244230] (-) TimerEvent: {}
[66.346720] (-) TimerEvent: {}
[66.447116] (-) TimerEvent: {}
[66.550662] (-) TimerEvent: {}
[66.651107] (-) TimerEvent: {}
[66.751461] (-) TimerEvent: {}
[66.851760] (-) TimerEvent: {}
[66.952033] (-) TimerEvent: {}
[67.052306] (-) TimerEvent: {}
[67.120560] (multires_image) StdoutLine: {'line': b'Linking CXX shared library libmultires_image_plugin.so\n'}
[67.152433] (-) TimerEvent: {}
[67.252737] (-) TimerEvent: {}
[67.353224] (-) TimerEvent: {}
[67.453534] (-) TimerEvent: {}
[67.553858] (-) TimerEvent: {}
[67.654240] (-) TimerEvent: {}
[67.754615] (-) TimerEvent: {}
[67.854899] (-) TimerEvent: {}
[67.915187] (multires_image) StdoutLine: {'line': b'Built target multires_image_plugin\n'}
[67.927735] (multires_image) CommandEnded: {'returncode': 0}
[67.929742] (multires_image) JobProgress: {'identifier': 'multires_image', 'progress': 'install'}
[67.934741] (multires_image) Command: {'cmd': ['/usr/bin/cmake', '--install', '/ros2_ws/build/multires_image'], 'cwd': '/ros2_ws/build/multires_image', 'env': OrderedDict([('GZ_SIM_RESOURCE_PATH', '/opt/ros/humble/share:/home/ros/ws/install:/home/ros/ws/src'), ('HOSTNAME', 'salus'), ('SHLVL', '0'), ('LD_LIBRARY_PATH', '/ros2_ws/install/mapviz/lib:/ros2_ws/install/mapviz_interfaces/lib:/opt/ros/humble/opt/rviz_ogre_vendor/lib:/opt/ros/humble/lib/aarch64-linux-gnu:/opt/ros/humble/lib'), ('HOME', '/home/ros'), ('OLDPWD', '/ros2_ws'), ('ROS_PYTHON_VERSION', '3'), ('ROS_DISTRO', 'humble'), ('_', '/usr/bin/colcon'), ('ROS_VERSION', '2'), ('ROS_LOCALHOST_ONLY', '0'), ('QT_X11_NO_MITSHM', '1'), ('PATH', '/opt/ros/humble/bin:/usr/local/sbin:/usr/local/bin:/usr/sbin:/usr/bin:/sbin:/bin'), ('DISPLAY', ''), ('LANG', 'C.UTF-8'), ('XAUTHORITY', '/home/ros/.Xauthority'), ('AMENT_PREFIX_PATH', '/ros2_ws/install/mapviz:/ros2_ws/install/mapviz_interfaces:/opt/ros/humble'), ('DEBIAN_FRONTEND', 'noninteractive'), ('IGN_GAZEBO_RESOURCE_PATH', '/opt/ros/humble/share:/home/ros/ws/install:/home/ros/ws/src'), ('GZ_VERSION', 'fortress'), ('PWD', '/ros2_ws/build/multires_image'), ('TURTLEBOT3_MODEL', 'waffle'), ('LC_ALL', 'C.UTF-8'), ('RCUTILS_COLORIZED_OUTPUT', '1'), ('PYTHONPATH', '/ros2_ws/install/mapviz_interfaces/local/lib/python3.10/dist-packages:/opt/ros/humble/lib/python3.10/site-packages:/opt/ros/humble/local/lib/python3.10/dist-packages'), ('COLCON', '1'), ('CMAKE_PREFIX_PATH', '/ros2_ws/install/mapviz:/ros2_ws/install/mapviz_interfaces:/opt/ros/humble')]), 'shell': False}
[67.940791] (multires_image) StdoutLine: {'line': b'-- Install configuration: ""\n'}
[67.942258] (multires_image) StdoutLine: {'line': b'-- Execute custom install script\n'}
[67.943516] (multires_image) StdoutLine: {'line': b'-- Up-to-date symlink: /ros2_ws/install/multires_image/lib/multires_image/multires_view_node\n'}
[67.944398] (multires_image) StdoutLine: {'line': b'-- Up-to-date symlink: /ros2_ws/install/multires_image/lib/multires_image/mapviz_tile_loader\n'}
[67.945345] (multires_image) StdoutLine: {'line': b'-- Up-to-date symlink: /ros2_ws/install/multires_image/share/multires_image//mapviz_plugins.xml\n'}
[67.946356] (multires_image) StdoutLine: {'line': b'-- Up-to-date symlink: /ros2_ws/install/multires_image/share/multires_image/environment/library_path.sh\n'}
[67.947434] (multires_image) StdoutLine: {'line': b'-- Up-to-date symlink: /ros2_ws/install/multires_image/share/multires_image/environment/library_path.dsv\n'}
[67.948516] (multires_image) StdoutLine: {'line': b'-- Up-to-date symlink: /ros2_ws/install/multires_image/share/ament_index/resource_index/package_run_dependencies/multires_image\n'}
[67.949416] (multires_image) StdoutLine: {'line': b'-- Up-to-date symlink: /ros2_ws/install/multires_image/share/ament_index/resource_index/parent_prefix_path/multires_image\n'}
[67.950648] (multires_image) StdoutLine: {'line': b'-- Up-to-date symlink: /ros2_ws/install/multires_image/share/multires_image/environment/ament_prefix_path.sh\n'}
[67.951423] (multires_image) StdoutLine: {'line': b'-- Up-to-date symlink: /ros2_ws/install/multires_image/share/multires_image/environment/ament_prefix_path.dsv\n'}
[67.952690] (multires_image) StdoutLine: {'line': b'-- Up-to-date symlink: /ros2_ws/install/multires_image/share/multires_image/environment/path.sh\n'}
[67.953396] (multires_image) StdoutLine: {'line': b'-- Up-to-date symlink: /ros2_ws/install/multires_image/share/multires_image/environment/path.dsv\n'}
[67.954388] (multires_image) StdoutLine: {'line': b'-- Up-to-date symlink: /ros2_ws/install/multires_image/share/multires_image/local_setup.bash\n'}
[67.955263] (multires_image) StdoutLine: {'line': b'-- Up-to-date symlink: /ros2_ws/install/multires_image/share/multires_image/local_setup.sh\n'}
[67.956109] (-) TimerEvent: {}
[67.956156] (multires_image) StdoutLine: {'line': b'-- Up-to-date symlink: /ros2_ws/install/multires_image/share/multires_image/local_setup.zsh\n'}
[67.956885] (multires_image) StdoutLine: {'line': b'-- Up-to-date symlink: /ros2_ws/install/multires_image/share/multires_image/local_setup.dsv\n'}
[67.958355] (multires_image) StdoutLine: {'line': b'-- Symlinking: /ros2_ws/install/multires_image/share/multires_image/package.dsv\n'}
[67.970751] (multires_image) StdoutLine: {'line': b'-- Up-to-date symlink: /ros2_ws/install/multires_image/share/ament_index/resource_index/packages/multires_image\n'}
[67.971341] (multires_image) StdoutLine: {'line': b'-- Up-to-date symlink: /ros2_ws/install/multires_image/share/ament_index/resource_index/mapviz__pluginlib__plugin/multires_image\n'}
[67.971888] (multires_image) StdoutLine: {'line': b'-- Up-to-date symlink: /ros2_ws/install/multires_image/share/multires_image/cmake/ament_cmake_export_targets-extras.cmake\n'}
[67.972409] (multires_image) StdoutLine: {'line': b'-- Up-to-date symlink: /ros2_ws/install/multires_image/share/multires_image/cmake/ament_cmake_export_dependencies-extras.cmake\n'}
[67.972912] (multires_image) StdoutLine: {'line': b'-- Up-to-date symlink: /ros2_ws/install/multires_image/share/multires_image/cmake/ament_cmake_export_include_directories-extras.cmake\n'}
[67.973655] (multires_image) StdoutLine: {'line': b'-- Up-to-date symlink: /ros2_ws/install/multires_image/share/multires_image/cmake/ament_cmake_export_libraries-extras.cmake\n'}
[67.974910] (multires_image) StdoutLine: {'line': b'-- Up-to-date symlink: /ros2_ws/install/multires_image/share/multires_image/cmake/multires_imageConfig.cmake\n'}
[67.976672] (multires_image) StdoutLine: {'line': b'-- Up-to-date symlink: /ros2_ws/install/multires_image/share/multires_image/cmake/multires_imageConfig-version.cmake\n'}
[67.978125] (multires_image) StdoutLine: {'line': b'-- Up-to-date symlink: /ros2_ws/install/multires_image/share/multires_image/package.xml\n'}
[67.978763] (multires_image) StdoutLine: {'line': b'-- Up-to-date: /ros2_ws/install/multires_image/include/multires_image\n'}
[67.978938] (multires_image) StdoutLine: {'line': b'-- Up-to-date: /ros2_ws/install/multires_image/include/multires_image/multires_image\n'}
[67.979069] (multires_image) StdoutLine: {'line': b'-- Up-to-date: /ros2_ws/install/multires_image/include/multires_image/multires_image/multires_image_plugin.h\n'}
[67.979213] (multires_image) StdoutLine: {'line': b'-- Up-to-date: /ros2_ws/install/multires_image/include/multires_image/multires_image/tile_set_layer.h\n'}
[67.979352] (multires_image) StdoutLine: {'line': b'-- Up-to-date: /ros2_ws/install/multires_image/include/multires_image/multires_image/multires_view.h\n'}
[67.979620] (multires_image) StdoutLine: {'line': b'-- Up-to-date: /ros2_ws/install/multires_image/include/multires_image/multires_image/tile_cache.h\n'}
[67.979739] (multires_image) StdoutLine: {'line': b'-- Up-to-date: /ros2_ws/install/multires_image/include/multires_image/multires_image/QGLMap.h\n'}
[67.979832] (multires_image) StdoutLine: {'line': b'-- Up-to-date: /ros2_ws/install/multires_image/include/multires_image/multires_image/multires_view_node.h\n'}
[67.979942] (multires_image) StdoutLine: {'line': b'-- Up-to-date: /ros2_ws/install/multires_image/include/multires_image/multires_image/tile_set.h\n'}
[67.980037] (multires_image) StdoutLine: {'line': b'-- Up-to-date: /ros2_ws/install/multires_image/include/multires_image/multires_image/tile.h\n'}
[67.980131] (multires_image) StdoutLine: {'line': b'-- Up-to-date: /ros2_ws/install/multires_image/include/multires_image/multires_image/tile_view.h\n'}
[67.980214] (multires_image) StdoutLine: {'line': b'-- Up-to-date: /ros2_ws/install/multires_image/lib/libmultires_image.a\n'}
[67.980299] (multires_image) StdoutLine: {'line': b'-- Up-to-date: /ros2_ws/install/multires_image/lib/libmultires_widget.a\n'}
[67.980401] (multires_image) StdoutLine: {'line': b'-- Installing: /ros2_ws/install/multires_image/lib/libmultires_image_plugin.so\n'}
[67.980841] (multires_image) StdoutLine: {'line': b'-- Set runtime path of "/ros2_ws/install/multires_image/lib/libmultires_image_plugin.so" to ""\n'}
[67.981018] (multires_image) StdoutLine: {'line': b'-- Up-to-date: /ros2_ws/install/multires_image/share/multires_image/launch\n'}
[67.981114] (multires_image) StdoutLine: {'line': b'-- Up-to-date: /ros2_ws/install/multires_image/share/multires_image/cmake/export_multires_imageExport.cmake\n'}
[67.981198] (multires_image) StdoutLine: {'line': b'-- Up-to-date: /ros2_ws/install/multires_image/share/multires_image/cmake/export_multires_imageExport-noconfig.cmake\n'}
[67.987817] (multires_image) CommandEnded: {'returncode': 0}
[68.033809] (multires_image) JobEnded: {'identifier': 'multires_image', 'rc': 0}
[68.056277] (-) TimerEvent: {}
[68.156513] (-) TimerEvent: {}
[68.256817] (-) TimerEvent: {}
[68.357045] (-) TimerEvent: {}
[68.457289] (-) TimerEvent: {}
[68.557519] (-) TimerEvent: {}
[68.657786] (-) TimerEvent: {}
[68.758029] (-) TimerEvent: {}
[68.858284] (-) TimerEvent: {}
[68.958516] (-) TimerEvent: {}
[69.058763] (-) TimerEvent: {}
[69.158997] (-) TimerEvent: {}
[69.259222] (-) TimerEvent: {}
[69.359451] (-) TimerEvent: {}
[69.459691] (-) TimerEvent: {}
[69.559931] (-) TimerEvent: {}
[69.660150] (-) TimerEvent: {}
[69.760369] (-) TimerEvent: {}
[69.860582] (-) TimerEvent: {}
[69.960808] (-) TimerEvent: {}
[70.061044] (-) TimerEvent: {}
[70.161269] (-) TimerEvent: {}
[70.261491] (-) TimerEvent: {}
[70.361726] (-) TimerEvent: {}
[70.461955] (-) TimerEvent: {}
[70.562182] (-) TimerEvent: {}
[70.662420] (-) TimerEvent: {}
[70.762630] (-) TimerEvent: {}
[70.862846] (-) TimerEvent: {}
[70.963092] (-) TimerEvent: {}
[71.063341] (-) TimerEvent: {}
[71.163556] (-) TimerEvent: {}
[71.263774] (-) TimerEvent: {}
[71.364009] (-) TimerEvent: {}
[71.464230] (-) TimerEvent: {}
[71.564463] (-) TimerEvent: {}
[71.664720] (-) TimerEvent: {}
[71.764976] (-) TimerEvent: {}
[71.865206] (-) TimerEvent: {}
[71.965428] (-) TimerEvent: {}
[72.034958] (mapviz_plugins) StdoutLine: {'line': b'[  8%] Building CXX object CMakeFiles/mapviz_plugins.dir/include/mapviz_plugins/moc_placeable_window_proxy.cpp.o\n'}
[72.066048] (-) TimerEvent: {}
[72.166286] (-) TimerEvent: {}
[72.267113] (-) TimerEvent: {}
[72.367329] (-) TimerEvent: {}
[72.467553] (-) TimerEvent: {}
[72.567785] (-) TimerEvent: {}
[72.668020] (-) TimerEvent: {}
[72.768250] (-) TimerEvent: {}
[72.868469] (-) TimerEvent: {}
[72.968696] (-) TimerEvent: {}
[73.068929] (-) TimerEvent: {}
[73.107004] (mapviz_plugins) StdoutLine: {'line': b'[  9%] Building CXX object CMakeFiles/mapviz_plugins.dir/include/mapviz_plugins/moc_plan_route_plugin.cpp.o\n'}
[73.169039] (-) TimerEvent: {}
[73.269940] (-) TimerEvent: {}
[73.370159] (-) TimerEvent: {}
[73.470378] (-) TimerEvent: {}
[73.570611] (-) TimerEvent: {}
[73.671557] (-) TimerEvent: {}
[73.771793] (-) TimerEvent: {}
[73.872025] (-) TimerEvent: {}
[73.972267] (-) TimerEvent: {}
[74.072499] (-) TimerEvent: {}
[74.172726] (-) TimerEvent: {}
[74.272973] (-) TimerEvent: {}
[74.373210] (-) TimerEvent: {}
[74.473430] (-) TimerEvent: {}
[74.573651] (-) TimerEvent: {}
[74.673880] (-) TimerEvent: {}
[74.774125] (-) TimerEvent: {}
[74.874352] (-) TimerEvent: {}
[74.974609] (-) TimerEvent: {}
[75.074836] (-) TimerEvent: {}
[75.175071] (-) TimerEvent: {}
[75.275294] (-) TimerEvent: {}
[75.375519] (-) TimerEvent: {}
[75.475738] (-) TimerEvent: {}
[75.575965] (-) TimerEvent: {}
[75.676194] (-) TimerEvent: {}
[75.776418] (-) TimerEvent: {}
[75.876640] (-) TimerEvent: {}
[75.976868] (-) TimerEvent: {}
[76.077088] (-) TimerEvent: {}
[76.177314] (-) TimerEvent: {}
[76.277544] (-) TimerEvent: {}
[76.377781] (-) TimerEvent: {}
[76.478021] (-) TimerEvent: {}
[76.578246] (-) TimerEvent: {}
[76.678486] (-) TimerEvent: {}
[76.778742] (-) TimerEvent: {}
[76.878967] (-) TimerEvent: {}
[76.979192] (-) TimerEvent: {}
[77.079409] (-) TimerEvent: {}
[77.179631] (-) TimerEvent: {}
[77.279862] (-) TimerEvent: {}
[77.380097] (-) TimerEvent: {}
[77.480311] (-) TimerEvent: {}
[77.580531] (-) TimerEvent: {}
[77.680757] (-) TimerEvent: {}
[77.780979] (-) TimerEvent: {}
[77.881200] (-) TimerEvent: {}
[77.981423] (-) TimerEvent: {}
[78.081648] (-) TimerEvent: {}
[78.182767] (-) TimerEvent: {}
[78.283007] (-) TimerEvent: {}
[78.383287] (-) TimerEvent: {}
[78.483513] (-) TimerEvent: {}
[78.583740] (-) TimerEvent: {}
[78.686632] (-) TimerEvent: {}
[78.786860] (-) TimerEvent: {}
[78.887094] (-) TimerEvent: {}
[78.987331] (-) TimerEvent: {}
[79.087828] (-) TimerEvent: {}
[79.188434] (-) TimerEvent: {}
[79.288662] (-) TimerEvent: {}
[79.388861] (-) TimerEvent: {}
[79.489081] (-) TimerEvent: {}
[79.589313] (-) TimerEvent: {}
[79.689561] (-) TimerEvent: {}
[79.708300] (mapviz_plugins) StdoutLine: {'line': b'[ 10%] Building CXX object CMakeFiles/mapviz_plugins.dir/include/mapviz_plugins/moc_point_click_publisher_plugin.cpp.o\n'}
[79.789672] (-) TimerEvent: {}
[79.894785] (-) TimerEvent: {}
[79.995006] (-) TimerEvent: {}
[80.095238] (-) TimerEvent: {}
[80.195477] (-) TimerEvent: {}
[80.295718] (-) TimerEvent: {}
[80.396078] (-) TimerEvent: {}
[80.496305] (-) TimerEvent: {}
[80.596531] (-) TimerEvent: {}
[80.696902] (-) TimerEvent: {}
[80.797128] (-) TimerEvent: {}
[80.897358] (-) TimerEvent: {}
[80.997591] (-) TimerEvent: {}
[81.097833] (-) TimerEvent: {}
[81.198069] (-) TimerEvent: {}
[81.298298] (-) TimerEvent: {}
[81.398567] (-) TimerEvent: {}
[81.498812] (-) TimerEvent: {}
[81.599063] (-) TimerEvent: {}
[81.699288] (-) TimerEvent: {}
[81.799512] (-) TimerEvent: {}
[81.899741] (-) TimerEvent: {}
[81.999967] (-) TimerEvent: {}
[82.100196] (-) TimerEvent: {}
[82.200545] (-) TimerEvent: {}
[82.300773] (-) TimerEvent: {}
[82.400994] (-) TimerEvent: {}
[82.501219] (-) TimerEvent: {}
[82.601451] (-) TimerEvent: {}
[82.701683] (-) TimerEvent: {}
[82.801922] (-) TimerEvent: {}
[82.902155] (-) TimerEvent: {}
[83.002386] (-) TimerEvent: {}
[83.102638] (-) TimerEvent: {}
[83.202865] (-) TimerEvent: {}
[83.303102] (-) TimerEvent: {}
[83.403444] (-) TimerEvent: {}
[83.503669] (-) TimerEvent: {}
[83.604012] (-) TimerEvent: {}
[83.704236] (-) TimerEvent: {}
[83.804461] (-) TimerEvent: {}
[83.904739] (-) TimerEvent: {}
[84.004993] (-) TimerEvent: {}
[84.105356] (-) TimerEvent: {}
[84.205592] (-) TimerEvent: {}
[84.305824] (-) TimerEvent: {}
[84.406057] (-) TimerEvent: {}
[84.510636] (-) TimerEvent: {}
[84.610976] (-) TimerEvent: {}
[84.711313] (-) TimerEvent: {}
[84.811649] (-) TimerEvent: {}
[84.911989] (-) TimerEvent: {}
[85.012337] (-) TimerEvent: {}
[85.112690] (-) TimerEvent: {}
[85.213186] (-) TimerEvent: {}
[85.313535] (-) TimerEvent: {}
[85.413893] (-) TimerEvent: {}
[85.514250] (-) TimerEvent: {}
[85.614639] (-) TimerEvent: {}
[85.715021] (-) TimerEvent: {}
[85.743965] (mapviz_plugins) StdoutLine: {'line': b'[ 11%] Building CXX object CMakeFiles/mapviz_plugins.dir/include/mapviz_plugins/moc_pointcloud2_plugin.cpp.o\n'}
[85.815136] (-) TimerEvent: {}
[85.915456] (-) TimerEvent: {}
[86.015782] (-) TimerEvent: {}
[86.116011] (-) TimerEvent: {}
[86.216244] (-) TimerEvent: {}
[86.316480] (-) TimerEvent: {}
[86.416705] (-) TimerEvent: {}
[86.516935] (-) TimerEvent: {}
[86.617164] (-) TimerEvent: {}
[86.717385] (-) TimerEvent: {}
[86.817618] (-) TimerEvent: {}
[86.917850] (-) TimerEvent: {}
[87.018079] (-) TimerEvent: {}
[87.118310] (-) TimerEvent: {}
[87.218536] (-) TimerEvent: {}
[87.318780] (-) TimerEvent: {}
[87.419212] (-) TimerEvent: {}
[87.519581] (-) TimerEvent: {}
[87.619808] (-) TimerEvent: {}
[87.720041] (-) TimerEvent: {}
[87.820265] (-) TimerEvent: {}
[87.920498] (-) TimerEvent: {}
[88.020725] (-) TimerEvent: {}
[88.120962] (-) TimerEvent: {}
[88.221324] (-) TimerEvent: {}
[88.321547] (-) TimerEvent: {}
[88.421775] (-) TimerEvent: {}
[88.521998] (-) TimerEvent: {}
[88.622222] (-) TimerEvent: {}
[88.722454] (-) TimerEvent: {}
[88.822722] (-) TimerEvent: {}
[88.922961] (-) TimerEvent: {}
[89.023194] (-) TimerEvent: {}
[89.123418] (-) TimerEvent: {}
[89.223652] (-) TimerEvent: {}
[89.323901] (-) TimerEvent: {}
[89.424131] (-) TimerEvent: {}
[89.524358] (-) TimerEvent: {}
[89.624585] (-) TimerEvent: {}
[89.724807] (-) TimerEvent: {}
[89.825243] (-) TimerEvent: {}
[89.925471] (-) TimerEvent: {}
[90.025704] (-) TimerEvent: {}
[90.126073] (-) TimerEvent: {}
[90.226407] (-) TimerEvent: {}
[90.326642] (-) TimerEvent: {}
[90.427002] (-) TimerEvent: {}
[90.528252] (-) TimerEvent: {}
[90.628587] (-) TimerEvent: {}
[90.729004] (-) TimerEvent: {}
[90.829440] (-) TimerEvent: {}
[90.929775] (-) TimerEvent: {}
[91.030024] (-) TimerEvent: {}
[91.130392] (-) TimerEvent: {}
[91.230915] (-) TimerEvent: {}
[91.331149] (-) TimerEvent: {}
[91.431381] (-) TimerEvent: {}
[91.531618] (-) TimerEvent: {}
[91.631845] (-) TimerEvent: {}
[91.732076] (-) TimerEvent: {}
[91.832303] (-) TimerEvent: {}
[91.932533] (-) TimerEvent: {}
[92.032779] (-) TimerEvent: {}
[92.099177] (mapviz_plugins) StdoutLine: {'line': b'[ 12%] Building CXX object CMakeFiles/mapviz_plugins.dir/include/mapviz_plugins/moc_point_drawing_plugin.cpp.o\n'}
[92.132886] (-) TimerEvent: {}
[92.233134] (-) TimerEvent: {}
[92.333361] (-) TimerEvent: {}
[92.433590] (-) TimerEvent: {}
[92.533813] (-) TimerEvent: {}
[92.634054] (-) TimerEvent: {}
[92.734302] (-) TimerEvent: {}
[92.834509] (-) TimerEvent: {}
[92.934764] (-) TimerEvent: {}
[93.034992] (-) TimerEvent: {}
[93.135171] (-) TimerEvent: {}
[93.235399] (-) TimerEvent: {}
[93.335638] (-) TimerEvent: {}
[93.435872] (-) TimerEvent: {}
[93.536115] (-) TimerEvent: {}
[93.636453] (-) TimerEvent: {}
[93.736685] (-) TimerEvent: {}
[93.836929] (-) TimerEvent: {}
[93.937153] (-) TimerEvent: {}
[94.037393] (-) TimerEvent: {}
[94.137613] (-) TimerEvent: {}
[94.237837] (-) TimerEvent: {}
[94.338074] (-) TimerEvent: {}
[94.438297] (-) TimerEvent: {}
[94.538523] (-) TimerEvent: {}
[94.638773] (-) TimerEvent: {}
[94.739009] (-) TimerEvent: {}
[94.839238] (-) TimerEvent: {}
[94.939483] (-) TimerEvent: {}
[95.039709] (-) TimerEvent: {}
[95.139933] (-) TimerEvent: {}
[95.240156] (-) TimerEvent: {}
[95.340395] (-) TimerEvent: {}
[95.440629] (-) TimerEvent: {}
[95.540858] (-) TimerEvent: {}
[95.641094] (-) TimerEvent: {}
[95.741327] (-) TimerEvent: {}
[95.841569] (-) TimerEvent: {}
[95.941931] (-) TimerEvent: {}
[96.042158] (-) TimerEvent: {}
[96.112817] (mapviz_plugins) StdoutLine: {'line': b'[ 12%] Building CXX object CMakeFiles/mapviz_plugins.dir/include/mapviz_plugins/moc_pose_plugin.cpp.o\n'}
[96.142272] (-) TimerEvent: {}
[96.242638] (-) TimerEvent: {}
[96.342873] (-) TimerEvent: {}
[96.443108] (-) TimerEvent: {}
[96.543369] (-) TimerEvent: {}
[96.644285] (-) TimerEvent: {}
[96.745477] (-) TimerEvent: {}
[96.845874] (-) TimerEvent: {}
[96.946256] (-) TimerEvent: {}
[97.050930] (-) TimerEvent: {}
[97.151650] (-) TimerEvent: {}
[97.252046] (-) TimerEvent: {}
[97.352480] (-) TimerEvent: {}
[97.452891] (-) TimerEvent: {}
[97.553396] (-) TimerEvent: {}
[97.653937] (-) TimerEvent: {}
[97.754397] (-) TimerEvent: {}
[97.854842] (-) TimerEvent: {}
[97.955266] (-) TimerEvent: {}
[98.055696] (-) TimerEvent: {}
[98.142894] (mapviz_plugins) StdoutLine: {'line': b'[ 15%] Building CXX object CMakeFiles/mapviz_plugins.dir/include/mapviz_plugins/moc_laserscan_plugin.cpp.o\n'}
[98.155839] (-) TimerEvent: {}
[98.256236] (-) TimerEvent: {}
[98.362658] (-) TimerEvent: {}
[98.463034] (-) TimerEvent: {}
[98.563298] (-) TimerEvent: {}
[98.663548] (-) TimerEvent: {}
[98.766863] (-) TimerEvent: {}
[98.867180] (-) TimerEvent: {}
[98.967460] (-) TimerEvent: {}
[99.067713] (-) TimerEvent: {}
[99.167974] (-) TimerEvent: {}
[99.268374] (-) TimerEvent: {}
[99.368645] (-) TimerEvent: {}
[99.468917] (-) TimerEvent: {}
[99.569222] (-) TimerEvent: {}
[99.669855] (-) TimerEvent: {}
[99.770273] (-) TimerEvent: {}
[99.870652] (-) TimerEvent: {}
[99.971030] (-) TimerEvent: {}
[100.071419] (-) TimerEvent: {}
[100.171843] (-) TimerEvent: {}
[100.184084] (mapviz_plugins) StdoutLine: {'line': b'[ 16%] Building CXX object CMakeFiles/mapviz_plugins.dir/include/mapviz_plugins/moc_robot_image_plugin.cpp.o\n'}
[100.274676] (-) TimerEvent: {}
[100.375066] (-) TimerEvent: {}
[100.475357] (-) TimerEvent: {}
[100.575637] (-) TimerEvent: {}
[100.675890] (-) TimerEvent: {}
[100.776144] (-) TimerEvent: {}
[100.876400] (-) TimerEvent: {}
[100.978112] (-) TimerEvent: {}
[101.078373] (-) TimerEvent: {}
[101.178650] (-) TimerEvent: {}
[101.282707] (-) TimerEvent: {}
[101.383204] (-) TimerEvent: {}
[101.483466] (-) TimerEvent: {}
[101.583741] (-) TimerEvent: {}
[101.684013] (-) TimerEvent: {}
[101.784280] (-) TimerEvent: {}
[101.886654] (-) TimerEvent: {}
[101.986909] (-) TimerEvent: {}
[102.087178] (-) TimerEvent: {}
[102.187582] (-) TimerEvent: {}
[102.287986] (-) TimerEvent: {}
[102.388379] (-) TimerEvent: {}
[102.488795] (-) TimerEvent: {}
[102.594746] (-) TimerEvent: {}
[102.695137] (-) TimerEvent: {}
[102.795551] (-) TimerEvent: {}
[102.895976] (-) TimerEvent: {}
[102.996378] (-) TimerEvent: {}
[103.096786] (-) TimerEvent: {}
[103.197186] (-) TimerEvent: {}
[103.297608] (-) TimerEvent: {}
[103.398057] (-) TimerEvent: {}
[103.498465] (-) TimerEvent: {}
[103.602646] (-) TimerEvent: {}
[103.703051] (-) TimerEvent: {}
[103.806650] (-) TimerEvent: {}
[103.907052] (-) TimerEvent: {}
[104.007454] (-) TimerEvent: {}
[104.107864] (-) TimerEvent: {}
[104.208322] (-) TimerEvent: {}
[104.308725] (-) TimerEvent: {}
[104.409148] (-) TimerEvent: {}
[104.509548] (-) TimerEvent: {}
[104.609953] (-) TimerEvent: {}
[104.710345] (-) TimerEvent: {}
[104.810768] (-) TimerEvent: {}
[104.911174] (-) TimerEvent: {}
[105.014684] (-) TimerEvent: {}
[105.115115] (-) TimerEvent: {}
[105.215577] (-) TimerEvent: {}
[105.318659] (-) TimerEvent: {}
[105.419075] (-) TimerEvent: {}
[105.519348] (-) TimerEvent: {}
[105.619620] (-) TimerEvent: {}
[105.719888] (-) TimerEvent: {}
[105.820153] (-) TimerEvent: {}
[105.920420] (-) TimerEvent: {}
[106.020702] (-) TimerEvent: {}
[106.120988] (-) TimerEvent: {}
[106.221266] (-) TimerEvent: {}
[106.321547] (-) TimerEvent: {}
[106.421826] (-) TimerEvent: {}
[106.522098] (-) TimerEvent: {}
[106.622375] (-) TimerEvent: {}
[106.722664] (-) TimerEvent: {}
[106.826661] (-) TimerEvent: {}
[106.926919] (-) TimerEvent: {}
[107.027191] (-) TimerEvent: {}
[107.127451] (-) TimerEvent: {}
[107.227861] (-) TimerEvent: {}
[107.328254] (-) TimerEvent: {}
[107.428683] (-) TimerEvent: {}
[107.529112] (-) TimerEvent: {}
[107.629527] (-) TimerEvent: {}
[107.729928] (-) TimerEvent: {}
[107.830353] (-) TimerEvent: {}
[107.930784] (-) TimerEvent: {}
[108.031173] (-) TimerEvent: {}
[108.131560] (-) TimerEvent: {}
[108.231966] (-) TimerEvent: {}
[108.332393] (-) TimerEvent: {}
[108.434656] (-) TimerEvent: {}
[108.535082] (-) TimerEvent: {}
[108.635518] (-) TimerEvent: {}
[108.735901] (-) TimerEvent: {}
[108.836271] (-) TimerEvent: {}
[108.936709] (-) TimerEvent: {}
[109.037066] (-) TimerEvent: {}
[109.137394] (-) TimerEvent: {}
[109.237714] (-) TimerEvent: {}
[109.342796] (-) TimerEvent: {}
[109.443030] (-) TimerEvent: {}
[109.543368] (-) TimerEvent: {}
[109.643597] (-) TimerEvent: {}
[109.743823] (-) TimerEvent: {}
[109.844047] (-) TimerEvent: {}
[109.944271] (-) TimerEvent: {}
[110.044652] (-) TimerEvent: {}
[110.144876] (-) TimerEvent: {}
[110.245247] (-) TimerEvent: {}
[110.345470] (-) TimerEvent: {}
[110.445720] (-) TimerEvent: {}
[110.546079] (-) TimerEvent: {}
[110.606411] (mapviz_plugins) StdoutLine: {'line': b'[ 17%] Building CXX object CMakeFiles/mapviz_plugins.dir/include/mapviz_plugins/moc_string_plugin.cpp.o\n'}
[110.646193] (-) TimerEvent: {}
[110.746535] (-) TimerEvent: {}
[110.846800] (-) TimerEvent: {}
[110.947018] (-) TimerEvent: {}
[111.047345] (-) TimerEvent: {}
[111.147573] (-) TimerEvent: {}
[111.247784] (-) TimerEvent: {}
[111.348040] (-) TimerEvent: {}
[111.448265] (-) TimerEvent: {}
[111.548463] (-) TimerEvent: {}
[111.648694] (-) TimerEvent: {}
[111.748920] (-) TimerEvent: {}
[111.849154] (-) TimerEvent: {}
[111.949377] (-) TimerEvent: {}
[112.049612] (-) TimerEvent: {}
[112.149841] (-) TimerEvent: {}
[112.250075] (-) TimerEvent: {}
[112.350447] (-) TimerEvent: {}
[112.450717] (-) TimerEvent: {}
[112.550947] (-) TimerEvent: {}
[112.651179] (-) TimerEvent: {}
[112.751405] (-) TimerEvent: {}
[112.851626] (-) TimerEvent: {}
[112.951849] (-) TimerEvent: {}
[113.052074] (-) TimerEvent: {}
[113.152303] (-) TimerEvent: {}
[113.252643] (-) TimerEvent: {}
[113.352873] (-) TimerEvent: {}
[113.453115] (-) TimerEvent: {}
[113.553341] (-) TimerEvent: {}
[113.653573] (-) TimerEvent: {}
[113.753805] (-) TimerEvent: {}
[113.854177] (-) TimerEvent: {}
[113.954648] (-) TimerEvent: {}
[114.055189] (-) TimerEvent: {}
[114.155437] (-) TimerEvent: {}
[114.255664] (-) TimerEvent: {}
[114.355885] (-) TimerEvent: {}
[114.456106] (-) TimerEvent: {}
[114.556321] (-) TimerEvent: {}
[114.656549] (-) TimerEvent: {}
[114.756774] (-) TimerEvent: {}
[114.857011] (-) TimerEvent: {}
[114.957240] (-) TimerEvent: {}
[115.057480] (-) TimerEvent: {}
[115.157718] (-) TimerEvent: {}
[115.257947] (-) TimerEvent: {}
[115.358179] (-) TimerEvent: {}
[115.458411] (-) TimerEvent: {}
[115.558679] (-) TimerEvent: {}
[115.625130] (mapviz_plugins) StdoutLine: {'line': b'[ 17%] Building CXX object CMakeFiles/mapviz_plugins.dir/include/mapviz_plugins/moc_textured_marker_plugin.cpp.o\n'}
[115.658787] (-) TimerEvent: {}
[115.759030] (-) TimerEvent: {}
[115.859276] (-) TimerEvent: {}
[115.959529] (-) TimerEvent: {}
[116.060323] (-) TimerEvent: {}
[116.160676] (-) TimerEvent: {}
[116.260926] (-) TimerEvent: {}
[116.361177] (-) TimerEvent: {}
[116.461639] (-) TimerEvent: {}
[116.562904] (-) TimerEvent: {}
[116.649247] (mapviz_plugins) StdoutLine: {'line': b'[ 18%] Building CXX object CMakeFiles/mapviz_plugins.dir/include/mapviz_plugins/moc_route_plugin.cpp.o\n'}
[116.663027] (-) TimerEvent: {}
[116.766656] (-) TimerEvent: {}
[116.870676] (-) TimerEvent: {}
[116.970961] (-) TimerEvent: {}
[117.071260] (-) TimerEvent: {}
[117.138856] (mapviz_plugins) StdoutLine: {'line': b'[ 18%] Building CXX object CMakeFiles/mapviz_plugins.dir/include/mapviz_plugins/moc_gps_plugin.cpp.o\n'}
[117.171378] (-) TimerEvent: {}
[117.271726] (-) TimerEvent: {}
[117.372067] (-) TimerEvent: {}
[117.472344] (-) TimerEvent: {}
[117.572735] (-) TimerEvent: {}
[117.673141] (-) TimerEvent: {}
[117.773531] (-) TimerEvent: {}
[117.873935] (-) TimerEvent: {}
[117.974360] (-) TimerEvent: {}
[118.078647] (-) TimerEvent: {}
[118.171082] (mapviz_plugins) StdoutLine: {'line': b'[ 18%] Building CXX object CMakeFiles/mapviz_plugins.dir/include/mapviz_plugins/moc_tf_frame_plugin.cpp.o\n'}
[118.178865] (-) TimerEvent: {}
[118.279279] (-) TimerEvent: {}
[118.379683] (-) TimerEvent: {}
[118.480088] (-) TimerEvent: {}
[118.580494] (-) TimerEvent: {}
[118.680953] (-) TimerEvent: {}
[118.781344] (-) TimerEvent: {}
[118.881730] (-) TimerEvent: {}
[118.986646] (-) TimerEvent: {}
[119.090659] (-) TimerEvent: {}
[119.194675] (-) TimerEvent: {}
[119.298653] (-) TimerEvent: {}
[119.398903] (-) TimerEvent: {}
[119.499169] (-) TimerEvent: {}
[119.599588] (-) TimerEvent: {}
[119.699978] (-) TimerEvent: {}
[119.800261] (-) TimerEvent: {}
[119.900679] (-) TimerEvent: {}
[120.001113] (-) TimerEvent: {}
[120.101412] (-) TimerEvent: {}
[120.201853] (-) TimerEvent: {}
[120.302275] (-) TimerEvent: {}
[120.402731] (-) TimerEvent: {}
[120.503194] (-) TimerEvent: {}
[120.603487] (-) TimerEvent: {}
[120.706654] (-) TimerEvent: {}
[120.810664] (-) TimerEvent: {}
[120.910919] (-) TimerEvent: {}
[121.011184] (-) TimerEvent: {}
[121.111453] (-) TimerEvent: {}
[121.211862] (-) TimerEvent: {}
[121.312259] (-) TimerEvent: {}
[121.412673] (-) TimerEvent: {}
[121.512942] (-) TimerEvent: {}
[121.613223] (-) TimerEvent: {}
[121.713499] (-) TimerEvent: {}
[121.813754] (-) TimerEvent: {}
[121.914137] (-) TimerEvent: {}
[122.014408] (-) TimerEvent: {}
[122.114747] (-) TimerEvent: {}
[122.215023] (-) TimerEvent: {}
[122.315341] (-) TimerEvent: {}
[122.415755] (-) TimerEvent: {}
[122.516163] (-) TimerEvent: {}
[122.616720] (-) TimerEvent: {}
[122.717119] (-) TimerEvent: {}
[122.817392] (-) TimerEvent: {}
[122.917673] (-) TimerEvent: {}
[123.017940] (-) TimerEvent: {}
[123.118218] (-) TimerEvent: {}
[123.219384] (-) TimerEvent: {}
[123.319657] (-) TimerEvent: {}
[123.419917] (-) TimerEvent: {}
[123.520187] (-) TimerEvent: {}
[123.620539] (-) TimerEvent: {}
[123.720806] (-) TimerEvent: {}
[123.821659] (-) TimerEvent: {}
[123.922991] (-) TimerEvent: {}
[124.023279] (-) TimerEvent: {}
[124.123545] (-) TimerEvent: {}
[124.225765] (-) TimerEvent: {}
[124.326205] (-) TimerEvent: {}
[124.428171] (-) TimerEvent: {}
[124.530672] (-) TimerEvent: {}
[124.634661] (-) TimerEvent: {}
[124.738665] (-) TimerEvent: {}
[124.842655] (-) TimerEvent: {}
[124.946717] (-) TimerEvent: {}
[125.046975] (-) TimerEvent: {}
[125.150726] (-) TimerEvent: {}
[125.250982] (-) TimerEvent: {}
[125.351239] (-) TimerEvent: {}
[125.451508] (-) TimerEvent: {}
[125.551777] (-) TimerEvent: {}
[125.652042] (-) TimerEvent: {}
[125.752303] (-) TimerEvent: {}
[125.852672] (-) TimerEvent: {}
[125.952951] (-) TimerEvent: {}
[126.053218] (-) TimerEvent: {}
[126.153652] (-) TimerEvent: {}
[126.254036] (-) TimerEvent: {}
[126.354449] (-) TimerEvent: {}
[126.454914] (-) TimerEvent: {}
[126.555385] (-) TimerEvent: {}
[126.655848] (-) TimerEvent: {}
[126.756231] (-) TimerEvent: {}
[126.856632] (-) TimerEvent: {}
[126.957018] (-) TimerEvent: {}
[127.057278] (-) TimerEvent: {}
[127.157544] (-) TimerEvent: {}
[127.257813] (-) TimerEvent: {}
[127.358100] (-) TimerEvent: {}
[127.458498] (-) TimerEvent: {}
[127.558941] (-) TimerEvent: {}
[127.659200] (-) TimerEvent: {}
[127.759588] (-) TimerEvent: {}
[127.862725] (-) TimerEvent: {}
[127.967082] (-) TimerEvent: {}
[128.067702] (-) TimerEvent: {}
[128.167990] (-) TimerEvent: {}
[128.270655] (-) TimerEvent: {}
[128.370912] (-) TimerEvent: {}
[128.471179] (-) TimerEvent: {}
[128.571565] (-) TimerEvent: {}
[128.671958] (-) TimerEvent: {}
[128.772421] (-) TimerEvent: {}
[128.872705] (-) TimerEvent: {}
[128.974728] (-) TimerEvent: {}
[129.075491] (-) TimerEvent: {}
[129.179059] (-) TimerEvent: {}
[129.281871] (-) TimerEvent: {}
[129.382642] (-) TimerEvent: {}
[129.486646] (-) TimerEvent: {}
[129.586902] (-) TimerEvent: {}
[129.687316] (-) TimerEvent: {}
[129.787804] (-) TimerEvent: {}
[129.888080] (-) TimerEvent: {}
[130.006776] (-) TimerEvent: {}
[130.110688] (-) TimerEvent: {}
[130.211984] (-) TimerEvent: {}
[130.314936] (-) TimerEvent: {}
[130.415401] (-) TimerEvent: {}
[130.515838] (-) TimerEvent: {}
[130.616250] (-) TimerEvent: {}
[130.719427] (-) TimerEvent: {}
[130.819789] (-) TimerEvent: {}
[130.958186] (-) TimerEvent: {}
[131.058442] (-) TimerEvent: {}
[131.158879] (-) TimerEvent: {}
[131.262657] (-) TimerEvent: {}
[131.366652] (-) TimerEvent: {}
[131.467054] (-) TimerEvent: {}
[131.578664] (-) TimerEvent: {}
[131.682725] (-) TimerEvent: {}
[131.783083] (-) TimerEvent: {}
[131.886670] (-) TimerEvent: {}
[131.990646] (-) TimerEvent: {}
[132.094900] (-) TimerEvent: {}
[132.195221] (-) TimerEvent: {}
[132.295634] (-) TimerEvent: {}
[132.396205] (-) TimerEvent: {}
[132.496647] (-) TimerEvent: {}
[132.596928] (-) TimerEvent: {}
[132.697205] (-) TimerEvent: {}
[132.802656] (-) TimerEvent: {}
[132.906658] (-) TimerEvent: {}
[133.006915] (-) TimerEvent: {}
[133.110643] (-) TimerEvent: {}
[133.210925] (-) TimerEvent: {}
[133.311188] (-) TimerEvent: {}
[133.414668] (-) TimerEvent: {}
[133.518636] (-) TimerEvent: {}
[133.619787] (-) TimerEvent: {}
[133.721390] (-) TimerEvent: {}
[133.821648] (-) TimerEvent: {}
[133.921914] (-) TimerEvent: {}
[134.022191] (-) TimerEvent: {}
[134.124271] (-) TimerEvent: {}
[134.226696] (-) TimerEvent: {}
[134.330714] (-) TimerEvent: {}
[134.434661] (-) TimerEvent: {}
[134.534941] (-) TimerEvent: {}
[134.635192] (-) TimerEvent: {}
[134.735476] (-) TimerEvent: {}
[134.838652] (-) TimerEvent: {}
[134.939055] (-) TimerEvent: {}
[135.039458] (-) TimerEvent: {}
[135.139850] (-) TimerEvent: {}
[135.240254] (-) TimerEvent: {}
[135.340668] (-) TimerEvent: {}
[135.441098] (-) TimerEvent: {}
[135.541496] (-) TimerEvent: {}
[135.641904] (-) TimerEvent: {}
[135.742305] (-) TimerEvent: {}
[135.842724] (-) TimerEvent: {}
[135.943133] (-) TimerEvent: {}
[136.043554] (-) TimerEvent: {}
[136.143978] (-) TimerEvent: {}
[136.244382] (-) TimerEvent: {}
[136.344832] (-) TimerEvent: {}
[136.445270] (-) TimerEvent: {}
[136.545655] (-) TimerEvent: {}
[136.646260] (-) TimerEvent: {}
[136.746645] (-) TimerEvent: {}
[136.847001] (-) TimerEvent: {}
[136.947238] (-) TimerEvent: {}
[137.047495] (-) TimerEvent: {}
[137.147766] (-) TimerEvent: {}
[137.248015] (-) TimerEvent: {}
[137.253467] (mapviz_plugins) StdoutLine: {'line': b'[ 21%] Building CXX object CMakeFiles/mapviz_plugins.dir/src/canvas_click_filter.cpp.o\n'}
[137.348351] (-) TimerEvent: {}
[137.448863] (-) TimerEvent: {}
[137.549309] (-) TimerEvent: {}
[137.650109] (-) TimerEvent: {}
[137.750318] (-) TimerEvent: {}
[137.850563] (-) TimerEvent: {}
[137.950780] (-) TimerEvent: {}
[138.051011] (-) TimerEvent: {}
[138.151246] (-) TimerEvent: {}
[138.251479] (-) TimerEvent: {}
[138.351705] (-) TimerEvent: {}
[138.451931] (-) TimerEvent: {}
[138.552173] (-) TimerEvent: {}
[138.645517] (mapviz_plugins) StdoutLine: {'line': b'[ 21%] Building CXX object CMakeFiles/mapviz_plugins.dir/src/coordinate_picker_plugin.cpp.o\n'}
[138.652280] (-) TimerEvent: {}
[138.752637] (-) TimerEvent: {}
[138.852858] (-) TimerEvent: {}
[138.953077] (-) TimerEvent: {}
[139.053311] (-) TimerEvent: {}
[139.153540] (-) TimerEvent: {}
[139.253766] (-) TimerEvent: {}
[139.354006] (-) TimerEvent: {}
[139.454258] (-) TimerEvent: {}
[139.554653] (-) TimerEvent: {}
[139.654887] (-) TimerEvent: {}
[139.755111] (-) TimerEvent: {}
[139.855341] (-) TimerEvent: {}
[139.955562] (-) TimerEvent: {}
[140.055887] (-) TimerEvent: {}
[140.156144] (-) TimerEvent: {}
[140.256370] (-) TimerEvent: {}
[140.356595] (-) TimerEvent: {}
[140.456822] (-) TimerEvent: {}
[140.557073] (-) TimerEvent: {}
[140.657729] (-) TimerEvent: {}
[140.757967] (-) TimerEvent: {}
[140.858317] (-) TimerEvent: {}
[140.958713] (-) TimerEvent: {}
[141.059047] (-) TimerEvent: {}
[141.159275] (-) TimerEvent: {}
[141.259507] (-) TimerEvent: {}
[141.359709] (-) TimerEvent: {}
[141.459937] (-) TimerEvent: {}
[141.560173] (-) TimerEvent: {}
[141.660539] (-) TimerEvent: {}
[141.760802] (-) TimerEvent: {}
[141.861047] (-) TimerEvent: {}
[141.961276] (-) TimerEvent: {}
[142.061507] (-) TimerEvent: {}
[142.161932] (-) TimerEvent: {}
[142.262392] (-) TimerEvent: {}
[142.362621] (-) TimerEvent: {}
[142.462845] (-) TimerEvent: {}
[142.563066] (-) TimerEvent: {}
[142.663290] (-) TimerEvent: {}
[142.763508] (-) TimerEvent: {}
[142.863727] (-) TimerEvent: {}
[142.963955] (-) TimerEvent: {}
[143.064220] (-) TimerEvent: {}
[143.164449] (-) TimerEvent: {}
[143.264785] (-) TimerEvent: {}
[143.365009] (-) TimerEvent: {}
[143.465242] (-) TimerEvent: {}
[143.565469] (-) TimerEvent: {}
[143.665696] (-) TimerEvent: {}
[143.765927] (-) TimerEvent: {}
[143.866387] (-) TimerEvent: {}
[143.966630] (-) TimerEvent: {}
[144.066853] (-) TimerEvent: {}
[144.167203] (-) TimerEvent: {}
[144.267634] (-) TimerEvent: {}
[144.368830] (-) TimerEvent: {}
[144.469053] (-) TimerEvent: {}
[144.569294] (-) TimerEvent: {}
[144.669533] (-) TimerEvent: {}
[144.769907] (-) TimerEvent: {}
[144.870131] (-) TimerEvent: {}
[144.970351] (-) TimerEvent: {}
[145.070612] (-) TimerEvent: {}
[145.170943] (-) TimerEvent: {}
[145.223417] (mapviz_plugins) StdoutLine: {'line': b'[ 22%] Building CXX object CMakeFiles/mapviz_plugins.dir/src/disparity_plugin.cpp.o\n'}
[145.274173] (-) TimerEvent: {}
[145.374502] (-) TimerEvent: {}
[145.474749] (-) TimerEvent: {}
[145.574989] (-) TimerEvent: {}
[145.675219] (-) TimerEvent: {}
[145.775466] (-) TimerEvent: {}
[145.875734] (-) TimerEvent: {}
[145.975984] (-) TimerEvent: {}
[146.076224] (-) TimerEvent: {}
[146.176481] (-) TimerEvent: {}
[146.276722] (-) TimerEvent: {}
[146.376959] (-) TimerEvent: {}
[146.477209] (-) TimerEvent: {}
[146.577448] (-) TimerEvent: {}
[146.677679] (-) TimerEvent: {}
[146.777920] (-) TimerEvent: {}
[146.878171] (-) TimerEvent: {}
[146.978418] (-) TimerEvent: {}
[147.078654] (-) TimerEvent: {}
[147.178885] (-) TimerEvent: {}
[147.279117] (-) TimerEvent: {}
[147.379351] (-) TimerEvent: {}
[147.479586] (-) TimerEvent: {}
[147.579819] (-) TimerEvent: {}
[147.680057] (-) TimerEvent: {}
[147.780295] (-) TimerEvent: {}
[147.880531] (-) TimerEvent: {}
[147.980771] (-) TimerEvent: {}
[148.081013] (-) TimerEvent: {}
[148.181244] (-) TimerEvent: {}
[148.281479] (-) TimerEvent: {}
[148.381719] (-) TimerEvent: {}
[148.481964] (-) TimerEvent: {}
[148.582217] (-) TimerEvent: {}
[148.682462] (-) TimerEvent: {}
[148.782716] (-) TimerEvent: {}
[148.882949] (-) TimerEvent: {}
[148.983192] (-) TimerEvent: {}
[149.083422] (-) TimerEvent: {}
[149.183652] (-) TimerEvent: {}
[149.283883] (-) TimerEvent: {}
[149.384117] (-) TimerEvent: {}
[149.484355] (-) TimerEvent: {}
[149.584586] (-) TimerEvent: {}
[149.684828] (-) TimerEvent: {}
[149.785061] (-) TimerEvent: {}
[149.885304] (-) TimerEvent: {}
[149.985578] (-) TimerEvent: {}
[150.085812] (-) TimerEvent: {}
[150.186048] (-) TimerEvent: {}
[150.286287] (-) TimerEvent: {}
[150.386531] (-) TimerEvent: {}
[150.486799] (-) TimerEvent: {}
[150.587058] (-) TimerEvent: {}
[150.687293] (-) TimerEvent: {}
[150.787529] (-) TimerEvent: {}
[150.887772] (-) TimerEvent: {}
[150.988012] (-) TimerEvent: {}
[151.088247] (-) TimerEvent: {}
[151.188479] (-) TimerEvent: {}
[151.288718] (-) TimerEvent: {}
[151.388962] (-) TimerEvent: {}
[151.489197] (-) TimerEvent: {}
[151.589451] (-) TimerEvent: {}
[151.689690] (-) TimerEvent: {}
[151.790084] (-) TimerEvent: {}
[151.890320] (-) TimerEvent: {}
[151.990580] (-) TimerEvent: {}
[152.090809] (-) TimerEvent: {}
[152.191032] (-) TimerEvent: {}
[152.291263] (-) TimerEvent: {}
[152.391494] (-) TimerEvent: {}
[152.491741] (-) TimerEvent: {}
[152.591976] (-) TimerEvent: {}
[152.692206] (-) TimerEvent: {}
[152.792436] (-) TimerEvent: {}
[152.892663] (-) TimerEvent: {}
[152.992895] (-) TimerEvent: {}
[153.093134] (-) TimerEvent: {}
[153.193373] (-) TimerEvent: {}
[153.293619] (-) TimerEvent: {}
[153.393863] (-) TimerEvent: {}
[153.494109] (-) TimerEvent: {}
[153.594343] (-) TimerEvent: {}
[153.694599] (-) TimerEvent: {}
[153.794834] (-) TimerEvent: {}
[153.895098] (-) TimerEvent: {}
[153.995370] (-) TimerEvent: {}
[154.095609] (-) TimerEvent: {}
[154.195848] (-) TimerEvent: {}
[154.296084] (-) TimerEvent: {}
[154.396322] (-) TimerEvent: {}
[154.496558] (-) TimerEvent: {}
[154.596779] (-) TimerEvent: {}
[154.697012] (-) TimerEvent: {}
[154.797275] (-) TimerEvent: {}
[154.897509] (-) TimerEvent: {}
[154.997753] (-) TimerEvent: {}
[155.097990] (-) TimerEvent: {}
[155.198229] (-) TimerEvent: {}
[155.298465] (-) TimerEvent: {}
[155.398721] (-) TimerEvent: {}
[155.498950] (-) TimerEvent: {}
[155.599178] (-) TimerEvent: {}
[155.699405] (-) TimerEvent: {}
[155.799642] (-) TimerEvent: {}
[155.899870] (-) TimerEvent: {}
[156.000104] (-) TimerEvent: {}
[156.100333] (-) TimerEvent: {}
[156.200556] (-) TimerEvent: {}
[156.300792] (-) TimerEvent: {}
[156.401031] (-) TimerEvent: {}
[156.501270] (-) TimerEvent: {}
[156.601515] (-) TimerEvent: {}
[156.701744] (-) TimerEvent: {}
[156.801981] (-) TimerEvent: {}
[156.902634] (-) TimerEvent: {}
[157.003035] (-) TimerEvent: {}
[157.103262] (-) TimerEvent: {}
[157.203480] (-) TimerEvent: {}
[157.303704] (-) TimerEvent: {}
[157.403928] (-) TimerEvent: {}
[157.504150] (-) TimerEvent: {}
[157.604370] (-) TimerEvent: {}
[157.704596] (-) TimerEvent: {}
[157.804826] (-) TimerEvent: {}
[157.905032] (-) TimerEvent: {}
[158.005252] (-) TimerEvent: {}
[158.106229] (-) TimerEvent: {}
[158.206453] (-) TimerEvent: {}
[158.306692] (-) TimerEvent: {}
[158.406916] (-) TimerEvent: {}
[158.507134] (-) TimerEvent: {}
[158.607350] (-) TimerEvent: {}
[158.707602] (-) TimerEvent: {}
[158.807892] (-) TimerEvent: {}
[158.908165] (-) TimerEvent: {}
[159.008517] (-) TimerEvent: {}
[159.108742] (-) TimerEvent: {}
[159.208973] (-) TimerEvent: {}
[159.309198] (-) TimerEvent: {}
[159.409414] (-) TimerEvent: {}
[159.509758] (-) TimerEvent: {}
[159.610085] (-) TimerEvent: {}
[159.710450] (-) TimerEvent: {}
[159.810928] (-) TimerEvent: {}
[159.912658] (-) TimerEvent: {}
[159.970002] (mapviz_plugins) StdoutLine: {'line': b'[ 23%] Building CXX object CMakeFiles/mapviz_plugins.dir/src/draw_polygon_plugin.cpp.o\n'}
[160.012762] (-) TimerEvent: {}
[160.113191] (-) TimerEvent: {}
[160.213502] (-) TimerEvent: {}
[160.313877] (-) TimerEvent: {}
[160.414194] (-) TimerEvent: {}
[160.514424] (-) TimerEvent: {}
[160.614660] (-) TimerEvent: {}
[160.714891] (-) TimerEvent: {}
[160.815124] (-) TimerEvent: {}
[160.915356] (-) TimerEvent: {}
[161.015700] (-) TimerEvent: {}
[161.116052] (-) TimerEvent: {}
[161.216380] (-) TimerEvent: {}
[161.316712] (-) TimerEvent: {}
[161.417037] (-) TimerEvent: {}
[161.517262] (-) TimerEvent: {}
[161.617626] (-) TimerEvent: {}
[161.717856] (-) TimerEvent: {}
[161.818233] (-) TimerEvent: {}
[161.918608] (-) TimerEvent: {}
[162.018944] (-) TimerEvent: {}
[162.119175] (-) TimerEvent: {}
[162.219544] (-) TimerEvent: {}
[162.319900] (-) TimerEvent: {}
[162.420244] (-) TimerEvent: {}
[162.520592] (-) TimerEvent: {}
[162.620956] (-) TimerEvent: {}
[162.721312] (-) TimerEvent: {}
[162.821664] (-) TimerEvent: {}
[162.922012] (-) TimerEvent: {}
[163.022374] (-) TimerEvent: {}
[163.122636] (-) TimerEvent: {}
[163.222986] (-) TimerEvent: {}
[163.323349] (-) TimerEvent: {}
[163.423704] (-) TimerEvent: {}
[163.523940] (-) TimerEvent: {}
[163.624181] (-) TimerEvent: {}
[163.724536] (-) TimerEvent: {}
[163.824892] (-) TimerEvent: {}
[163.925241] (-) TimerEvent: {}
[164.025599] (-) TimerEvent: {}
[164.125959] (-) TimerEvent: {}
[164.226324] (-) TimerEvent: {}
[164.326574] (-) TimerEvent: {}
[164.426797] (-) TimerEvent: {}
[164.527136] (-) TimerEvent: {}
[164.627483] (-) TimerEvent: {}
[164.727825] (-) TimerEvent: {}
[164.828048] (-) TimerEvent: {}
[164.928401] (-) TimerEvent: {}
[165.028772] (-) TimerEvent: {}
[165.129150] (-) TimerEvent: {}
[165.229500] (-) TimerEvent: {}
[165.329895] (-) TimerEvent: {}
[165.430254] (-) TimerEvent: {}
[165.530487] (-) TimerEvent: {}
[165.630753] (-) TimerEvent: {}
[165.731094] (-) TimerEvent: {}
[165.831449] (-) TimerEvent: {}
[165.934522] (-) TimerEvent: {}
[166.034782] (-) TimerEvent: {}
[166.135012] (-) TimerEvent: {}
[166.235235] (-) TimerEvent: {}
[166.335487] (-) TimerEvent: {}
[166.435731] (-) TimerEvent: {}
[166.535999] (-) TimerEvent: {}
[166.636255] (-) TimerEvent: {}
[166.736485] (-) TimerEvent: {}
[166.836716] (-) TimerEvent: {}
[166.936938] (-) TimerEvent: {}
[167.037333] (-) TimerEvent: {}
[167.137557] (-) TimerEvent: {}
[167.237781] (-) TimerEvent: {}
[167.338011] (-) TimerEvent: {}
[167.438273] (-) TimerEvent: {}
[167.538570] (-) TimerEvent: {}
[167.638793] (-) TimerEvent: {}
[167.739011] (-) TimerEvent: {}
[167.839225] (-) TimerEvent: {}
[167.939440] (-) TimerEvent: {}
[168.039665] (-) TimerEvent: {}
[168.139882] (-) TimerEvent: {}
[168.240099] (-) TimerEvent: {}
[168.340324] (-) TimerEvent: {}
[168.440599] (-) TimerEvent: {}
[168.522882] (mapviz_plugins) StdoutLine: {'line': b'[ 24%] Building CXX object CMakeFiles/mapviz_plugins.dir/src/float_plugin.cpp.o\n'}
[168.540717] (-) TimerEvent: {}
[168.641943] (-) TimerEvent: {}
[168.742276] (-) TimerEvent: {}
[168.842633] (-) TimerEvent: {}
[168.942967] (-) TimerEvent: {}
[169.043195] (-) TimerEvent: {}
[169.143445] (-) TimerEvent: {}
[169.243684] (-) TimerEvent: {}
[169.343918] (-) TimerEvent: {}
[169.444157] (-) TimerEvent: {}
[169.544387] (-) TimerEvent: {}
[169.644614] (-) TimerEvent: {}
[169.744855] (-) TimerEvent: {}
[169.845096] (-) TimerEvent: {}
[169.945333] (-) TimerEvent: {}
[170.045564] (-) TimerEvent: {}
[170.145797] (-) TimerEvent: {}
[170.246036] (-) TimerEvent: {}
[170.346266] (-) TimerEvent: {}
[170.446498] (-) TimerEvent: {}
[170.546768] (-) TimerEvent: {}
[170.646994] (-) TimerEvent: {}
[170.747224] (-) TimerEvent: {}
[170.847449] (-) TimerEvent: {}
[170.947693] (-) TimerEvent: {}
[171.047931] (-) TimerEvent: {}
[171.148167] (-) TimerEvent: {}
[171.251173] (-) TimerEvent: {}
[171.353619] (-) TimerEvent: {}
[171.454088] (-) TimerEvent: {}
[171.537448] (mapviz_plugins) StdoutLine: {'line': b'[ 25%] Building CXX object CMakeFiles/mapviz_plugins.dir/src/gps_plugin.cpp.o\n'}
[171.554216] (-) TimerEvent: {}
[171.655618] (-) TimerEvent: {}
[171.755873] (-) TimerEvent: {}
[171.856239] (-) TimerEvent: {}
[171.956500] (-) TimerEvent: {}
[172.056785] (-) TimerEvent: {}
[172.157295] (-) TimerEvent: {}
[172.257566] (-) TimerEvent: {}
[172.358147] (-) TimerEvent: {}
[172.458698] (-) TimerEvent: {}
[172.559913] (-) TimerEvent: {}
[172.660212] (-) TimerEvent: {}
[172.760485] (-) TimerEvent: {}
[172.860751] (-) TimerEvent: {}
[172.961749] (-) TimerEvent: {}
[173.062006] (-) TimerEvent: {}
[173.162297] (-) TimerEvent: {}
[173.263306] (-) TimerEvent: {}
[173.363625] (-) TimerEvent: {}
[173.463894] (-) TimerEvent: {}
[173.564973] (-) TimerEvent: {}
[173.574910] (mapviz_plugins) StdoutLine: {'line': b'[ 26%] Building CXX object CMakeFiles/mapviz_plugins.dir/src/attitude_indicator_plugin.cpp.o\n'}
[173.669174] (-) TimerEvent: {}
[173.769580] (-) TimerEvent: {}
[173.869967] (-) TimerEvent: {}
[173.970344] (-) TimerEvent: {}
[174.070784] (-) TimerEvent: {}
[174.171153] (-) TimerEvent: {}
[174.271553] (-) TimerEvent: {}
[174.371987] (-) TimerEvent: {}
[174.472401] (-) TimerEvent: {}
[174.572793] (-) TimerEvent: {}
[174.678644] (-) TimerEvent: {}
[174.779056] (-) TimerEvent: {}
[174.879492] (-) TimerEvent: {}
[174.982810] (-) TimerEvent: {}
[175.083187] (-) TimerEvent: {}
[175.183611] (-) TimerEvent: {}
[175.284153] (-) TimerEvent: {}
[175.384694] (-) TimerEvent: {}
[175.485273] (-) TimerEvent: {}
[175.585672] (-) TimerEvent: {}
[175.598615] (mapviz_plugins) StdoutLine: {'line': b'[ 26%] Building CXX object CMakeFiles/mapviz_plugins.dir/include/mapviz_plugins/moc_topic_select.cpp.o\n'}
[175.686040] (-) TimerEvent: {}
[175.786396] (-) TimerEvent: {}
[175.886782] (-) TimerEvent: {}
[175.987630] (-) TimerEvent: {}
[176.088064] (-) TimerEvent: {}
[176.190670] (-) TimerEvent: {}
[176.291032] (-) TimerEvent: {}
[176.393852] (-) TimerEvent: {}
[176.494312] (-) TimerEvent: {}
[176.594776] (-) TimerEvent: {}
[176.695146] (-) TimerEvent: {}
[176.795557] (-) TimerEvent: {}
[176.895978] (-) TimerEvent: {}
[176.998671] (-) TimerEvent: {}
[177.099124] (-) TimerEvent: {}
[177.199559] (-) TimerEvent: {}
[177.299994] (-) TimerEvent: {}
[177.400390] (-) TimerEvent: {}
[177.500792] (-) TimerEvent: {}
[177.601182] (-) TimerEvent: {}
[177.701593] (-) TimerEvent: {}
[177.802028] (-) TimerEvent: {}
[177.906833] (-) TimerEvent: {}
[178.007252] (-) TimerEvent: {}
[178.107659] (-) TimerEvent: {}
[178.208054] (-) TimerEvent: {}
[178.310060] (-) TimerEvent: {}
[178.410474] (-) TimerEvent: {}
[178.510865] (-) TimerEvent: {}
[178.614659] (-) TimerEvent: {}
[178.715056] (-) TimerEvent: {}
[178.815458] (-) TimerEvent: {}
[178.915861] (-) TimerEvent: {}
[179.018782] (-) TimerEvent: {}
[179.119184] (-) TimerEvent: {}
[179.219567] (-) TimerEvent: {}
[179.320037] (-) TimerEvent: {}
[179.420419] (-) TimerEvent: {}
[179.520873] (-) TimerEvent: {}
[179.621290] (-) TimerEvent: {}
[179.721714] (-) TimerEvent: {}
[179.822141] (-) TimerEvent: {}
[179.922573] (-) TimerEvent: {}
[180.026002] (-) TimerEvent: {}
[180.126476] (-) TimerEvent: {}
[180.226886] (-) TimerEvent: {}
[180.327277] (-) TimerEvent: {}
[180.434657] (-) TimerEvent: {}
[180.534913] (-) TimerEvent: {}
[180.635310] (-) TimerEvent: {}
[180.742656] (-) TimerEvent: {}
[180.843057] (-) TimerEvent: {}
[180.946733] (-) TimerEvent: {}
[181.050689] (-) TimerEvent: {}
[181.154654] (-) TimerEvent: {}
[181.254905] (-) TimerEvent: {}
[181.355169] (-) TimerEvent: {}
[181.457224] (-) TimerEvent: {}
[181.557606] (-) TimerEvent: {}
[181.658173] (-) TimerEvent: {}
[181.758622] (-) TimerEvent: {}
[181.866730] (-) TimerEvent: {}
[181.967016] (-) TimerEvent: {}
[182.067297] (-) TimerEvent: {}
[182.170815] (-) TimerEvent: {}
[182.324431] (-) TimerEvent: {}
[182.427973] (-) TimerEvent: {}
[182.528333] (-) TimerEvent: {}
[182.632490] (-) TimerEvent: {}
[182.732943] (-) TimerEvent: {}
[182.833207] (-) TimerEvent: {}
[182.933479] (-) TimerEvent: {}
[183.033748] (-) TimerEvent: {}
[183.154667] (-) TimerEvent: {}
[183.274655] (-) TimerEvent: {}
[183.378780] (-) TimerEvent: {}
[183.482659] (-) TimerEvent: {}
[183.583035] (-) TimerEvent: {}
[183.690656] (-) TimerEvent: {}
[183.791057] (-) TimerEvent: {}
[183.891475] (-) TimerEvent: {}
[183.991873] (-) TimerEvent: {}
[184.092272] (-) TimerEvent: {}
[184.192542] (-) TimerEvent: {}
[184.292948] (-) TimerEvent: {}
[184.398769] (-) TimerEvent: {}
[184.499115] (-) TimerEvent: {}
[184.599375] (-) TimerEvent: {}
[184.700416] (-) TimerEvent: {}
[184.800849] (-) TimerEvent: {}
[184.901230] (-) TimerEvent: {}
[185.001627] (-) TimerEvent: {}
[185.106728] (-) TimerEvent: {}
[185.206995] (-) TimerEvent: {}
[185.310831] (-) TimerEvent: {}
[185.411233] (-) TimerEvent: {}
[185.511657] (-) TimerEvent: {}
[185.615119] (-) TimerEvent: {}
[185.716157] (-) TimerEvent: {}
[185.817501] (-) TimerEvent: {}
[185.917757] (-) TimerEvent: {}
[186.018106] (-) TimerEvent: {}
[186.118696] (-) TimerEvent: {}
[186.220117] (-) TimerEvent: {}
[186.320537] (-) TimerEvent: {}
[186.420923] (-) TimerEvent: {}
[186.521333] (-) TimerEvent: {}
[186.626734] (-) TimerEvent: {}
[186.727282] (-) TimerEvent: {}
[186.827717] (-) TimerEvent: {}
[186.934892] (-) TimerEvent: {}
[187.035349] (-) TimerEvent: {}
[187.135795] (-) TimerEvent: {}
[187.238658] (-) TimerEvent: {}
[187.339100] (-) TimerEvent: {}
[187.439526] (-) TimerEvent: {}
[187.557974] (-) TimerEvent: {}
[187.658362] (-) TimerEvent: {}
[187.758734] (-) TimerEvent: {}
[187.858988] (-) TimerEvent: {}
[187.961435] (-) TimerEvent: {}
[188.066662] (-) TimerEvent: {}
[188.166942] (-) TimerEvent: {}
[188.270671] (-) TimerEvent: {}
[188.386666] (-) TimerEvent: {}
[188.486935] (-) TimerEvent: {}
[188.587732] (-) TimerEvent: {}
[188.688222] (-) TimerEvent: {}
[188.788498] (-) TimerEvent: {}
[188.888794] (-) TimerEvent: {}
[188.994668] (-) TimerEvent: {}
[189.096036] (-) TimerEvent: {}
[189.196291] (-) TimerEvent: {}
[189.296545] (-) TimerEvent: {}
[189.396809] (-) TimerEvent: {}
[189.497075] (-) TimerEvent: {}
[189.597351] (-) TimerEvent: {}
[189.697690] (-) TimerEvent: {}
[189.797950] (-) TimerEvent: {}
[189.898238] (-) TimerEvent: {}
[189.998498] (-) TimerEvent: {}
[190.098785] (-) TimerEvent: {}
[190.199127] (-) TimerEvent: {}
[190.299444] (-) TimerEvent: {}
[190.400701] (-) TimerEvent: {}
[190.501005] (-) TimerEvent: {}
[190.604197] (-) TimerEvent: {}
[190.705227] (-) TimerEvent: {}
[190.806611] (-) TimerEvent: {}
[190.910857] (-) TimerEvent: {}
[191.011259] (-) TimerEvent: {}
[191.111945] (-) TimerEvent: {}
[191.213704] (-) TimerEvent: {}
[191.314263] (-) TimerEvent: {}
[191.415975] (-) TimerEvent: {}
[191.517521] (-) TimerEvent: {}
[191.617930] (-) TimerEvent: {}
[191.720661] (-) TimerEvent: {}
[191.821039] (-) TimerEvent: {}
[191.926868] (-) TimerEvent: {}
[192.027243] (-) TimerEvent: {}
[192.128649] (-) TimerEvent: {}
[192.229052] (-) TimerEvent: {}
[192.332496] (-) TimerEvent: {}
[192.433016] (-) TimerEvent: {}
[192.546715] (-) TimerEvent: {}
[192.646978] (-) TimerEvent: {}
[192.750655] (-) TimerEvent: {}
[192.851048] (-) TimerEvent: {}
[192.954655] (-) TimerEvent: {}
[193.070713] (-) TimerEvent: {}
[193.170964] (-) TimerEvent: {}
[193.282698] (-) TimerEvent: {}
[193.386697] (-) TimerEvent: {}
[193.488411] (-) TimerEvent: {}
[193.594710] (-) TimerEvent: {}
[193.698677] (-) TimerEvent: {}
[193.802653] (-) TimerEvent: {}
[193.906686] (-) TimerEvent: {}
[194.010666] (-) TimerEvent: {}
[194.118716] (-) TimerEvent: {}
[194.222745] (-) TimerEvent: {}
[194.326664] (-) TimerEvent: {}
[194.430665] (-) TimerEvent: {}
[194.531101] (-) TimerEvent: {}
[194.631517] (-) TimerEvent: {}
[194.738663] (-) TimerEvent: {}
[194.838901] (-) TimerEvent: {}
[194.939256] (-) TimerEvent: {}
[195.039648] (-) TimerEvent: {}
[195.140078] (-) TimerEvent: {}
[195.240534] (-) TimerEvent: {}
[195.350739] (-) TimerEvent: {}
[195.451138] (-) TimerEvent: {}
[195.551535] (-) TimerEvent: {}
[195.651935] (-) TimerEvent: {}
[195.752326] (-) TimerEvent: {}
[195.852747] (-) TimerEvent: {}
[195.953156] (-) TimerEvent: {}
[196.053605] (-) TimerEvent: {}
[196.154006] (-) TimerEvent: {}
[196.254453] (-) TimerEvent: {}
[196.355065] (-) TimerEvent: {}
[196.455660] (-) TimerEvent: {}
[196.555914] (-) TimerEvent: {}
[196.658672] (-) TimerEvent: {}
[196.762654] (-) TimerEvent: {}
[196.866660] (-) TimerEvent: {}
[196.966966] (-) TimerEvent: {}
[197.067225] (-) TimerEvent: {}
[197.170673] (-) TimerEvent: {}
[197.274656] (-) TimerEvent: {}
[197.375056] (-) TimerEvent: {}
[197.475483] (-) TimerEvent: {}
[197.588303] (-) TimerEvent: {}
[197.701586] (-) TimerEvent: {}
[197.869283] (-) TimerEvent: {}
[198.110195] (-) TimerEvent: {}
[198.312997] (-) TimerEvent: {}
[198.617905] (-) TimerEvent: {}
[198.859832] (-) TimerEvent: {}
[199.469781] (-) TimerEvent: {}
[199.944212] (-) TimerEvent: {}
[200.658150] (-) TimerEvent: {}
[201.131240] (-) TimerEvent: {}
[201.806662] (-) TimerEvent: {}
[202.786204] (-) TimerEvent: {}
[203.608663] (-) TimerEvent: {}
[205.718780] (-) TimerEvent: {}
[209.505925] (-) TimerEvent: {}
[211.046000] (-) TimerEvent: {}
[213.348392] (-) TimerEvent: {}
[213.750700] (-) TimerEvent: {}
[214.082246] (-) TimerEvent: {}
[215.185143] (-) TimerEvent: {}
[216.583745] (-) TimerEvent: {}
[217.346855] (-) TimerEvent: {}
[217.981531] (-) TimerEvent: {}
[222.633188] (-) TimerEvent: {}
[223.237154] (-) TimerEvent: {}
[227.433980] (-) TimerEvent: {}
[229.672050] (-) TimerEvent: {}
[234.368481] (-) TimerEvent: {}
[236.404844] (-) TimerEvent: {}
[243.067813] (-) TimerEvent: {}
[246.207719] (-) TimerEvent: {}
[253.400738] (-) TimerEvent: {}
[284.606681] (-) TimerEvent: {}
[299.153360] (-) TimerEvent: {}
[302.390577] (-) TimerEvent: {}
[320.490733] (-) TimerEvent: {}
